city,latitude,longitude,year,month,temp_mean_c,temp_min_c,temp_max_c,temp_range_c,precip_total_mm,precip_days,precip_max_day,humidity_mean,wind_mean_ms,solar_mean_mj
eldoret,0.52,35.27,2010,1,18.68,16.4,20.23,3.83,102.02,18,26.34,68.17,2.82,22.96
eldoret,0.52,35.27,2010,2,19.88,17.46,21.35,3.89,162.66,24,36.26,69.91,2.48,21.49
eldoret,0.52,35.27,2010,3,19.39,17.78,20.9,3.12,204.49,29,19.97,77.2,2.55,22.22
eldoret,0.52,35.27,2010,4,19.66,17.99,21.39,3.4,284.48,29,20.89,79.49,1.79,22.35
eldoret,0.52,35.27,2010,5,19.02,17.4,20.26,2.86,302.99,31,29.23,82.86,0.99,20.47
eldoret,0.52,35.27,2010,6,18.33,17.14,19.62,2.48,108.88,30,7.79,81.89,0.75,19.57
eldoret,0.52,35.27,2010,7,17.45,15.97,18.69,2.72,158.45,26,15.77,82.51,1.07,17.63
eldoret,0.52,35.27,2010,8,17.8,16.18,19.3,3.12,135.13,31,17.0,81.14,1.13,18.91
eldoret,0.52,35.27,2010,9,18.58,16.98,19.32,2.34,189.35,30,17.94,79.11,0.81,21.93
eldoret,0.52,35.27,2010,10,18.78,17.33,20.03,2.7,192.77,31,20.27,79.07,1.31,21.59
eldoret,0.52,35.27,2010,11,18.48,17.8,19.09,1.29,99.92,28,12.45,78.82,2.53,21.96
eldoret,0.52,35.27,2010,12,18.14,16.89,19.1,2.21,41.04,25,6.08,70.78,2.29,22.77
eldoret,0.52,35.27,2011,1,18.99,17.88,20.69,2.81,14.89,15,2.61,62.69,2.62,23.96
eldoret,0.52,35.27,2011,2,20.25,18.79,21.2,2.41,29.13,14,8.49,54.42,2.55,25.52
eldoret,0.52,35.27,2011,3,20.48,17.7,22.15,4.45,185.06,23,22.6,64.86,2.1,24.2
eldoret,0.52,35.27,2011,4,20.43,17.92,21.8,3.88,203.21,24,33.88,68.74,2.15,23.52
eldoret,0.52,35.27,2011,5,19.03,16.57,20.06,3.49,284.1,31,23.86,80.61,0.88,21.5
eldoret,0.52,35.27,2011,6,17.82,15.79,19.4,3.61,163.34,30,11.68,84.92,0.99,18.84
eldoret,0.52,35.27,2011,7,17.84,16.34,19.44,3.1,126.1,30,16.31,79.99,0.91,19.56
eldoret,0.52,35.27,2011,8,17.4,16.21,18.75,2.54,260.35,31,37.69,83.87,1.13,18.62
eldoret,0.52,35.27,2011,9,18.26,16.59,19.87,3.28,168.48,30,15.28,80.7,0.98,21.13
eldoret,0.52,35.27,2011,10,18.64,17.18,19.6,2.42,249.06,31,28.56,80.15,1.52,21.92
eldoret,0.52,35.27,2011,11,17.75,16.55,18.67,2.12,367.56,30,38.82,85.33,1.6,18.9
eldoret,0.52,35.27,2011,12,17.44,16.07,18.73,2.66,59.75,27,31.57,79.22,2.38,22.41
eldoret,0.52,35.27,2012,1,17.63,15.59,18.43,2.84,2.15,4,0.6,66.01,2.69,26.1
eldoret,0.52,35.27,2012,2,18.84,16.64,19.99,3.35,28.91,9,9.38,64.19,3.23,25.49
eldoret,0.52,35.27,2012,3,20.25,18.51,22.31,3.8,38.26,12,13.41,60.4,2.41,25.37
eldoret,0.52,35.27,2012,4,18.83,15.92,20.82,4.9,426.14,30,53.81,79.98,1.41,19.63
eldoret,0.52,35.27,2012,5,18.47,16.73,19.68,2.95,297.58,30,28.18,82.27,0.89,21.46
eldoret,0.52,35.27,2012,6,17.64,15.47,19.35,3.88,207.06,30,23.08,83.81,0.88,18.52
eldoret,0.52,35.27,2012,7,16.99,15.94,17.98,2.04,112.33,31,12.17,84.98,1.25,17.35
eldoret,0.52,35.27,2012,8,17.51,16.59,18.53,1.94,201.27,31,16.07,82.62,1.07,19.47
eldoret,0.52,35.27,2012,9,18.26,17.0,19.15,2.15,218.41,30,21.21,79.49,0.92,22.31
eldoret,0.52,35.27,2012,10,18.58,16.72,19.29,2.57,208.17,31,21.4,79.52,1.84,22.31
eldoret,0.52,35.27,2012,11,18.39,17.61,19.32,1.71,268.32,27,57.35,82.63,1.92,22.0
eldoret,0.52,35.27,2012,12,18.22,17.04,19.13,2.09,151.03,30,25.93,81.24,2.48,20.32
eldoret,0.52,35.27,2013,1,18.57,17.2,19.47,2.27,48.87,20,19.36,74.97,2.64,23.01
eldoret,0.52,35.27,2013,2,19.34,17.78,20.69,2.91,14.55,9,4.24,67.06,2.81,24.68
eldoret,0.52,35.27,2013,3,20.31,18.35,21.43,3.08,197.66,24,32.4,71.72,2.09,22.69
eldoret,0.52,35.27,2013,4,18.87,17.32,19.74,2.42,397.36,30,52.83,83.13,1.13,21.24
eldoret,0.52,35.27,2013,5,18.77,17.04,19.84,2.8,215.78,30,36.34,80.38,0.83,22.48
eldoret,0.52,35.27,2013,6,17.92,16.7,18.91,2.21,78.97,30,5.99,83.07,0.88,18.29
eldoret,0.52,35.27,2013,7,17.16,15.7,18.5,2.8,98.37,30,9.67,80.31,1.09,19.64
eldoret,0.52,35.27,2013,8,17.5,16.17,18.8,2.63,204.26,31,17.85,83.34,1.03,19.59
eldoret,0.52,35.27,2013,9,18.51,16.66,19.92,3.26,202.76,30,23.04,79.31,0.97,22.33
eldoret,0.52,35.27,2013,10,18.58,17.62,19.31,1.69,149.22,31,15.62,78.95,1.44,22.84
eldoret,0.52,35.27,2013,11,18.41,16.99,19.5,2.51,137.77,29,19.02,81.31,2.31,20.72
eldoret,0.52,35.27,2013,12,18.12,17.01,19.1,2.09,94.03,28,25.95,77.31,2.3,20.47
eldoret,0.52,35.27,2014,1,19.01,17.72,19.99,2.27,9.7,14,2.02,66.73,2.57,24.48
eldoret,0.52,35.27,2014,2,19.82,18.49,20.63,2.14,49.64,21,11.33,66.93,2.2,22.03
eldoret,0.52,35.27,2014,3,20.4,16.54,22.2,5.66,131.49,19,55.75,66.51,2.59,23.35
eldoret,0.52,35.27,2014,4,20.32,19.24,21.88,2.64,88.11,23,14.49,71.39,1.93,23.11
eldoret,0.52,35.27,2014,5,19.43,18.03,21.1,3.07,227.95,30,26.71,79.4,0.92,21.11
eldoret,0.52,35.27,2014,6,18.57,17.2,19.89,2.69,132.55,30,19.11,80.12,0.81,20.05
eldoret,0.52,35.27,2014,7,17.91,16.53,19.14,2.61,130.11,31,13.76,81.24,1.01,18.6
eldoret,0.52,35.27,2014,8,17.53,16.1,19.49,3.39,160.75,31,15.05,82.62,0.91,19.48
eldoret,0.52,35.27,2014,9,18.76,16.58,20.0,3.42,146.68,26,19.09,77.27,0.83,22.94
eldoret,0.52,35.27,2014,10,18.75,16.96,19.95,2.99,283.7,30,35.98,80.39,1.27,22.37
eldoret,0.52,35.27,2014,11,18.6,17.33,19.53,2.2,128.73,30,12.98,80.73,2.14,21.29
eldoret,0.52,35.27,2014,12,18.31,16.72,19.08,2.36,70.61,28,13.71,74.26,2.69,22.42
eldoret,0.52,35.27,2015,1,18.57,16.75,19.72,2.97,2.37,6,1.25,57.27,2.39,24.9
eldoret,0.52,35.27,2015,2,21.03,18.83,21.85,3.02,29.42,9,12.58,55.29,2.59,25.02
eldoret,0.52,35.27,2015,3,21.79,19.6,23.65,4.05,61.61,16,12.73,51.56,3.45,25.52
eldoret,0.52,35.27,2015,4,19.32,17.21,21.64,4.43,289.62,28,55.92,79.08,1.29,21.31
eldoret,0.52,35.27,2015,5,18.95,17.15,20.21,3.06,336.24,31,44.18,82.01,0.94,21.26
eldoret,0.52,35.27,2015,6,18.14,16.93,19.44,2.51,271.56,30,36.5,83.7,0.9,18.8
eldoret,0.52,35.27,2015,7,18.18,16.62,19.73,3.11,139.39,24,22.22,79.49,1.0,20.62
eldoret,0.52,35.27,2015,8,18.88,17.57,19.88,2.31,130.09,31,21.63,76.1,0.81,22.51
eldoret,0.52,35.27,2015,9,19.47,16.42,20.49,4.07,139.84,30,21.63,74.29,0.84,23.14
eldoret,0.52,35.27,2015,10,19.6,18.57,20.54,1.97,169.37,28,16.98,77.34,1.43,21.56
eldoret,0.52,35.27,2015,11,18.67,17.6,19.63,2.03,357.77,30,73.85,83.45,1.67,20.15
eldoret,0.52,35.27,2015,12,18.43,17.19,19.6,2.41,137.94,28,34.96,80.59,2.27,21.56
eldoret,0.52,35.27,2016,1,19.03,18.18,19.84,1.66,78.13,28,20.92,76.9,2.12,20.55
eldoret,0.52,35.27,2016,2,19.69,18.18,21.12,2.94,13.82,12,3.82,66.3,2.74,24.1
eldoret,0.52,35.27,2016,3,21.39,19.22,22.93,3.71,62.85,21,15.19,66.11,2.56,25.04
eldoret,0.52,35.27,2016,4,19.99,17.35,21.34,3.99,386.33,30,52.41,80.58,1.35,21.09
eldoret,0.52,35.27,2016,5,18.73,17.19,19.97,2.78,263.61,31,49.89,83.61,1.02,20.88
eldoret,0.52,35.27,2016,6,18.03,15.87,19.63,3.76,175.24,29,25.04,79.94,1.03,19.87
eldoret,0.52,35.27,2016,7,17.46,16.6,18.28,1.68,262.78,31,36.15,84.25,1.16,18.51
eldoret,0.52,35.27,2016,8,17.97,16.27,19.06,2.79,154.89,30,19.34,78.89,1.02,20.59
eldoret,0.52,35.27,2016,9,18.65,17.74,19.42,1.68,207.36,30,37.98,78.91,0.95,22.79
eldoret,0.52,35.27,2016,10,18.96,17.9,19.7,1.8,99.21,31,38.62,76.44,1.55,23.64
eldoret,0.52,35.27,2016,11,18.55,17.36,19.68,2.32,104.01,29,19.66,79.05,2.57,20.71
eldoret,0.52,35.27,2016,12,18.5,17.43,19.64,2.21,12.33,18,2.72,73.02,3.44,22.49
eldoret,0.52,35.27,2017,1,19.22,17.57,20.8,3.23,54.06,8,28.7,59.05,3.08,25.09
eldoret,0.52,35.27,2017,2,20.34,19.14,21.53,2.39,84.91,19,14.22,63.97,2.88,24.44
eldoret,0.52,35.27,2017,3,21.21,18.69,22.5,3.81,109.34,25,31.42,63.16,2.16,25.46
eldoret,0.52,35.27,2017,4,20.7,17.58,22.81,5.23,139.8,24,24.49,68.96,2.16,23.38
eldoret,0.52,35.27,2017,5,19.19,17.65,20.44,2.79,293.15,31,34.19,79.86,1.05,20.93
eldoret,0.52,35.27,2017,6,18.96,17.01,20.22,3.21,137.55,30,17.36,77.97,0.76,21.18
eldoret,0.52,35.27,2017,7,17.58,16.72,18.47,1.75,267.1,31,25.67,83.83,1.02,18.17
eldoret,0.52,35.27,2017,8,18.06,16.77,19.85,3.08,310.31,31,30.09,81.66,0.94,20.16
eldoret,0.52,35.27,2017,9,18.46,16.94,19.55,2.61,403.69,30,38.39,81.7,0.95,21.25
eldoret,0.52,35.27,2017,10,18.73,17.09,19.72,2.63,217.17,29,60.36,81.22,1.58,22.1
eldoret,0.52,35.27,2017,11,18.1,17.0,19.09,2.09,200.15,29,40.55,82.29,2.5,21.71
eldoret,0.52,35.27,2017,12,17.99,16.99,19.22,2.23,21.23,13,11.54,73.97,3.06,23.92
eldoret,0.52,35.27,2018,1,18.27,17.32,19.72,2.4,15.25,12,3.15,67.87,1.8,22.27
eldoret,0.52,35.27,2018,2,20.15,18.4,21.57,3.17,36.89,14,14.49,62.43,3.04,25.51
eldoret,0.52,35.27,2018,3,18.93,17.16,20.93,3.77,267.5,31,45.0,79.72,1.81,19.25
eldoret,0.52,35.27,2018,4,18.23,16.65,20.12,3.47,460.75,30,57.49,85.02,1.22,18.41
eldoret,0.52,35.27,2018,5,18.26,16.29,19.8,3.51,524.34,31,51.48,85.64,0.96,20.41
eldoret,0.52,35.27,2018,6,17.48,15.95,18.73,2.78,365.69,30,36.58,87.3,1.03,17.88
eldoret,0.52,35.27,2018,7,17.14,16.42,18.2,1.78,272.9,31,25.64,86.47,0.89,18.21
eldoret,0.52,35.27,2018,8,17.55,16.14,18.58,2.44,268.11,30,23.49,82.73,0.92,19.79
eldoret,0.52,35.27,2018,9,18.95,17.31,19.96,2.65,140.2,30,47.53,74.7,1.02,24.21
eldoret,0.52,35.27,2018,10,18.73,17.65,19.8,2.15,137.18,30,16.78,79.22,1.56,22.38
eldoret,0.52,35.27,2018,11,19.02,17.75,19.61,1.86,86.09,27,14.66,79.45,2.69,22.36
eldoret,0.52,35.27,2018,12,18.56,15.8,19.46,3.66,106.79,25,29.57,77.44,2.66,21.51
eldoret,0.52,35.27,2019,1,19.19,18.06,20.65,2.59,18.53,17,3.35,67.92,3.02,23.72
eldoret,0.52,35.27,2019,2,20.89,20.0,22.01,2.01,22.8,9,8.92,60.22,3.05,25.41
eldoret,0.52,35.27,2019,3,21.81,20.27,23.43,3.16,53.81,16,21.08,57.36,2.44,25.74
eldoret,0.52,35.27,2019,4,21.93,18.88,23.5,4.62,178.75,29,59.19,64.62,1.85,23.65
eldoret,0.52,35.27,2019,5,19.7,17.6,21.43,3.83,268.08,29,46.09,78.42,1.11,21.9
eldoret,0.52,35.27,2019,6,17.95,16.74,19.0,2.26,398.71,30,35.9,86.37,1.05,17.19
eldoret,0.52,35.27,2019,7,17.65,16.28,18.98,2.7,246.71,31,47.75,83.3,1.04,19.25
eldoret,0.52,35.27,2019,8,17.94,16.82,18.98,2.16,398.7,31,49.67,83.79,0.9,20.05
eldoret,0.52,35.27,2019,9,18.66,16.79,20.22,3.43,229.38,30,25.27,81.57,0.97,22.28
eldoret,0.52,35.27,2019,10,18.66,17.87,19.53,1.66,333.96,31,33.93,83.44,1.55,21.35
eldoret,0.52,35.27,2019,11,18.65,17.35,19.49,2.14,234.93,30,35.9,84.58,1.77,20.48
eldoret,0.52,35.27,2019,12,18.17,16.41,19.02,2.61,283.43,28,37.16,84.43,1.81,19.66
eldoret,0.52,35.27,2020,1,18.57,17.53,19.5,1.97,175.77,22,31.91,80.08,2.27,20.73
eldoret,0.52,35.27,2020,2,19.15,16.67,20.43,3.76,99.75,23,21.9,77.46,2.72,23.82
eldoret,0.52,35.27,2020,3,19.72,16.9,21.04,4.14,312.04,31,49.94,80.21,1.61,22.26
eldoret,0.52,35.27,2020,4,19.11,17.28,20.79,3.51,392.95,30,68.65,83.22,1.57,20.84
eldoret,0.52,35.27,2020,5,18.8,17.2,19.54,2.34,380.17,31,51.62,84.68,0.96,21.57
eldoret,0.52,35.27,2020,6,17.78,16.41,19.65,3.24,452.3,30,34.65,86.93,0.89,18.8
eldoret,0.52,35.27,2020,7,17.1,15.61,18.56,2.95,289.68,31,34.12,86.96,0.99,16.61
eldoret,0.52,35.27,2020,8,17.62,16.05,18.77,2.72,404.41,31,35.79,86.42,1.03,18.9
eldoret,0.52,35.27,2020,9,18.31,16.88,19.5,2.62,410.75,30,87.72,81.95,1.05,21.91
eldoret,0.52,35.27,2020,10,18.53,17.55,19.25,1.7,245.46,31,41.03,83.13,1.28,21.26
eldoret,0.52,35.27,2020,11,18.46,17.75,19.25,1.5,225.86,30,81.18,82.16,2.4,21.99
eldoret,0.52,35.27,2020,12,17.89,16.61,18.66,2.05,68.58,21,25.61,75.22,2.76,23.64
eldoret,0.52,35.27,2021,1,17.95,16.95,18.9,1.95,62.57,22,17.89,74.66,2.81,22.2
eldoret,0.52,35.27,2021,2,18.92,17.15,20.32,3.17,35.95,21,7.16,71.48,2.14,21.77
eldoret,0.52,35.27,2021,3,20.0,19.16,20.86,1.7,50.51,20,9.77,65.96,2.87,24.43
eldoret,0.52,35.27,2021,4,19.78,18.22,20.83,2.61,189.29,30,25.51,76.8,1.58,22.73
eldoret,0.52,35.27,2021,5,18.77,17.11,19.97,2.86,368.59,31,50.23,82.43,1.07,20.68
eldoret,0.52,35.27,2021,6,18.42,17.11,19.33,2.22,70.95,25,15.21,78.33,0.91,20.92
eldoret,0.52,35.27,2021,7,17.26,16.38,17.96,1.58,180.83,31,22.3,84.18,1.14,16.29
eldoret,0.52,35.27,2021,8,18.33,16.19,19.72,3.53,202.92,31,27.24,78.97,0.96,20.62
eldoret,0.52,35.27,2021,9,18.61,17.03,19.82,2.79,304.92,30,30.41,81.06,0.88,21.01
eldoret,0.52,35.27,2021,10,18.83,17.89,19.72,1.83,166.39,31,24.32,79.94,1.72,22.57
eldoret,0.52,35.27,2021,11,19.19,18.29,19.73,1.44,83.5,29,9.75,76.45,2.34,22.15
eldoret,0.52,35.27,2021,12,18.58,17.34,19.14,1.8,75.61,28,11.36,78.08,3.26,20.27
eldoret,0.52,35.27,2022,1,18.23,15.83,19.75,3.92,83.16,14,26.57,69.83,2.51,22.56
eldoret,0.52,35.27,2022,2,19.8,18.51,20.77,2.26,37.69,24,7.05,69.62,1.72,22.16
eldoret,0.52,35.27,2022,3,21.18,19.82,22.58,2.76,73.02,25,19.24,59.17,2.44,25.16
eldoret,0.52,35.27,2022,4,20.42,17.94,22.04,4.1,161.25,25,25.69,70.07,1.9,21.56
eldoret,0.52,35.27,2022,5,19.42,17.41,20.49,3.08,234.7,30,34.09,77.83,1.03,21.83
eldoret,0.52,35.27,2022,6,18.39,16.47,19.95,3.48,119.7,27,14.65,77.54,0.87,20.39
eldoret,0.52,35.27,2022,7,17.83,16.88,18.85,1.97,232.58,31,36.48,81.58,0.99,17.89
eldoret,0.52,35.27,2022,8,17.55,16.3,18.42,2.12,423.57,31,49.0,85.47,1.11,18.17
eldoret,0.52,35.27,2022,9,18.44,16.43,19.58,3.15,342.33,29,50.55,79.92,1.04,22.2
eldoret,0.52,35.27,2022,10,18.58,17.12,19.4,2.28,146.67,29,33.64,77.06,1.5,23.1
eldoret,0.52,35.27,2022,11,18.43,17.85,19.19,1.34,85.67,30,11.54,79.84,2.42,19.93
eldoret,0.52,35.27,2022,12,18.33,17.39,18.97,1.58,64.3,28,7.74,76.58,2.69,21.03
eldoret,0.52,35.27,2023,1,18.34,17.0,19.16,2.16,9.23,11,2.91,65.51,3.1,24.33
eldoret,0.52,35.27,2023,2,20.66,19.05,22.01,2.96,10.2,10,2.14,55.46,2.71,25.77
eldoret,0.52,35.27,2023,3,20.09,17.34,22.47,5.13,383.44,26,67.42,71.01,1.97,21.9
eldoret,0.52,35.27,2023,4,19.25,16.92,20.85,3.93,381.73,30,50.71,80.95,1.98,20.57
eldoret,0.52,35.27,2023,5,19.28,17.07,20.18,3.11,201.03,30,63.64,80.13,1.06,22.39
eldoret,0.52,35.27,2023,6,18.66,17.4,19.72,2.32,307.86,30,63.7,82.37,0.82,19.56
eldoret,0.52,35.27,2023,7,18.23,17.12,19.2,2.08,215.7,31,25.65,82.04,0.9,19.83
eldoret,0.52,35.27,2023,8,18.98,16.87,20.58,3.71,184.93,26,35.2,76.38,0.84,22.14
eldoret,0.52,35.27,2023,9,19.46,17.97,20.56,2.59,220.23,30,31.68,78.18,0.86,22.99
eldoret,0.52,35.27,2023,10,19.66,18.91,20.24,1.33,240.43,31,27.88,78.86,1.78,21.82
eldoret,0.52,35.27,2023,11,18.51,17.54,19.66,2.12,314.49,30,49.91,84.64,2.39,18.73
eldoret,0.52,35.27,2023,12,18.83,17.37,19.76,2.39,49.35,28,13.95,79.6,2.33,21.79
eldoret,0.52,35.27,2024,1,18.85,17.94,19.87,1.93,138.04,29,25.81,78.68,1.64,19.42
eldoret,0.52,35.27,2024,2,19.73,18.89,20.68,1.79,166.59,23,36.0,76.59,2.59,22.51
eldoret,0.52,35.27,2024,3,20.33,19.18,21.14,1.96,77.88,21,16.43,74.03,2.76,25.1
eldoret,0.52,35.27,2024,4,19.61,16.76,20.92,4.16,457.05,30,43.05,83.19,1.25,19.35
eldoret,0.52,35.27,2024,5,19.52,17.82,20.3,2.48,349.49,29,46.94,82.97,0.94,21.1
eldoret,0.52,35.27,2024,6,18.76,17.34,20.16,2.82,268.17,30,41.53,82.65,0.84,20.06
eldoret,0.52,35.27,2024,7,17.93,16.39,19.09,2.7,367.0,31,37.88,86.37,1.04,16.06
eldoret,0.52,35.27,2024,8,18.05,16.63,19.72,3.09,324.61,31,37.44,84.89,1.07,18.03
eldoret,0.52,35.27,2024,9,19.15,17.61,20.21,2.6,266.93,30,42.4,78.19,0.95,21.87
eldoret,0.52,35.27,2024,10,19.18,18.17,20.1,1.93,235.35,31,42.14,79.38,1.22,22.73
eldoret,0.52,35.27,2024,11,18.78,17.4,19.73,2.33,229.15,30,32.06,82.75,1.94,18.92
eldoret,0.52,35.27,2024,12,18.32,16.75,19.5,2.75,65.69,23,17.55,78.0,2.58,22.27
garissa,-0.47,39.64,2010,1,28.93,27.08,30.36,3.28,12.92,10,2.91,54.61,2.53,21.78
garissa,-0.47,39.64,2010,2,30.34,28.83,31.78,2.95,20.59,15,5.62,51.85,3.0,22.53
garissa,-0.47,39.64,2010,3,29.12,27.47,30.97,3.5,70.82,30,11.08,63.06,2.72,22.55
garissa,-0.47,39.64,2010,4,27.73,26.5,28.93,2.43,148.24,30,15.73,74.28,3.34,22.1
garissa,-0.47,39.64,2010,5,26.81,25.57,28.01,2.44,93.93,27,18.64,73.44,4.52,21.05
garissa,-0.47,39.64,2010,6,26.28,24.6,27.49,2.89,18.01,23,4.54,65.88,5.52,19.1
garissa,-0.47,39.64,2010,7,25.17,24.44,26.3,1.86,20.75,13,10.7,63.62,5.87,19.14
garissa,-0.47,39.64,2010,8,25.82,24.95,26.62,1.67,4.36,11,0.76,59.88,6.27,19.61
garissa,-0.47,39.64,2010,9,26.72,25.82,27.87,2.05,5.08,10,1.35,58.02,6.12,22.2
garissa,-0.47,39.64,2010,10,28.41,26.6,29.45,2.85,17.83,15,5.71,55.99,4.77,22.54
garissa,-0.47,39.64,2010,11,27.92,26.47,28.73,2.26,69.89,29,7.13,64.98,2.89,19.29
garissa,-0.47,39.64,2010,12,28.98,27.45,30.56,3.11,22.72,18,3.36,55.31,2.67,20.26
garissa,-0.47,39.64,2011,1,29.18,27.26,31.45,4.19,2.47,4,0.93,50.37,2.6,21.48
garissa,-0.47,39.64,2011,2,30.02,28.56,31.55,2.99,5.89,4,2.67,45.7,2.64,23.1
garissa,-0.47,39.64,2011,3,30.74,28.57,31.8,3.23,13.14,14,2.42,48.41,3.12,23.13
garissa,-0.47,39.64,2011,4,29.16,27.06,30.98,3.92,69.03,30,7.61,61.72,3.77,20.82
garissa,-0.47,39.64,2011,5,27.26,26.41,28.14,1.73,58.61,28,7.24,68.03,4.63,21.67
garissa,-0.47,39.64,2011,6,27.25,26.79,27.79,1.0,5.37,16,0.63,59.23,5.44,19.07
garissa,-0.47,39.64,2011,7,26.3,25.31,27.73,2.42,15.82,17,4.96,59.5,6.0,19.67
garissa,-0.47,39.64,2011,8,26.42,25.21,27.62,2.41,5.81,11,1.27,58.32,6.35,20.52
garissa,-0.47,39.64,2011,9,27.53,26.68,28.83,2.15,12.44,15,4.24,57.78,6.02,22.07
garissa,-0.47,39.64,2011,10,27.05,25.22,29.68,4.46,131.75,29,17.35,68.96,3.93,20.74
garissa,-0.47,39.64,2011,11,26.34,25.28,27.39,2.11,145.18,30,11.99,76.36,2.19,21.16
garissa,-0.47,39.64,2011,12,27.24,25.66,29.65,3.99,48.5,27,6.65,66.88,2.15,21.36
garissa,-0.47,39.64,2012,1,28.57,26.61,29.38,2.77,3.77,7,1.69,50.19,2.73,22.21
garissa,-0.47,39.64,2012,2,29.68,27.86,30.94,3.08,2.38,6,0.68,49.04,2.72,24.01
garissa,-0.47,39.64,2012,3,30.56,27.57,31.55,3.98,2.15,5,1.08,47.74,2.92,22.23
garissa,-0.47,39.64,2012,4,28.96,27.17,31.52,4.35,53.88,29,4.97,59.14,3.85,21.72
garissa,-0.47,39.64,2012,5,27.06,25.3,28.05,2.75,54.96,30,6.14,68.34,4.77,21.19
garissa,-0.47,39.64,2012,6,26.19,24.72,28.08,3.36,25.64,18,7.38,63.12,5.44,18.86
garissa,-0.47,39.64,2012,7,25.73,24.88,26.47,1.59,5.32,13,1.53,59.5,5.86,18.67
garissa,-0.47,39.64,2012,8,26.28,24.95,27.89,2.94,14.22,14,4.97,59.27,5.9,20.68
garissa,-0.47,39.64,2012,9,27.48,26.56,28.9,2.34,4.89,8,1.36,55.96,6.14,22.21
garissa,-0.47,39.64,2012,10,27.86,25.44,29.63,4.19,51.9,22,10.8,61.59,4.41,22.94
garissa,-0.47,39.64,2012,11,27.89,25.96,29.73,3.77,137.49,29,15.6,67.66,2.87,20.86
garissa,-0.47,39.64,2012,12,27.48,26.5,28.78,2.28,99.75,31,11.11,69.72,2.16,19.94
garissa,-0.47,39.64,2013,1,29.32,27.25,31.17,3.92,9.17,14,1.96,55.91,2.41,21.44
garissa,-0.47,39.64,2013,2,30.57,29.41,31.47,2.06,0.38,1,0.21,48.51,2.86,20.97
garissa,-0.47,39.64,2013,3,29.83,26.68,32.24,5.56,49.55,23,6.34,58.71,3.22,22.19
garissa,-0.47,39.64,2013,4,27.22,25.89,28.68,2.79,99.55,30,14.97,74.42,3.44,22.41
garissa,-0.47,39.64,2013,5,26.24,25.47,27.55,2.08,68.73,24,14.56,70.72,4.83,21.03
garissa,-0.47,39.64,2013,6,25.83,24.89,26.86,1.97,5.85,14,1.09,62.8,5.56,17.36
garissa,-0.47,39.64,2013,7,25.44,24.54,26.57,2.03,13.42,11,4.14,61.05,5.88,18.16
garissa,-0.47,39.64,2013,8,25.7,24.41,26.79,2.38,9.3,17,1.63,61.21,6.13,20.04
garissa,-0.47,39.64,2013,9,27.37,26.54,29.21,2.67,6.31,12,1.01,57.19,5.88,21.58
garissa,-0.47,39.64,2013,10,28.34,26.86,29.88,3.02,16.4,16,4.1,56.71,4.97,23.1
garissa,-0.47,39.64,2013,11,27.62,25.0,30.36,5.36,91.23,27,9.02,66.84,2.67,19.11
garissa,-0.47,39.64,2013,12,27.91,25.98,29.19,3.21,77.4,27,10.68,64.21,2.15,19.84
garissa,-0.47,39.64,2014,1,29.52,28.34,30.34,2.0,1.1,2,0.35,50.56,2.58,22.47
garissa,-0.47,39.64,2014,2,30.39,28.84,31.15,2.31,8.99,12,3.92,49.26,2.72,21.88
garissa,-0.47,39.64,2014,3,29.66,27.65,31.75,4.1,50.95,22,11.12,57.55,2.97,22.23
garissa,-0.47,39.64,2014,4,29.12,26.95,31.38,4.43,63.09,23,14.82,61.95,3.46,20.83
garissa,-0.47,39.64,2014,5,26.5,25.13,28.77,3.64,107.9,25,19.41,72.16,4.78,20.29
garissa,-0.47,39.64,2014,6,25.93,24.73,27.39,2.66,23.72,15,4.72,66.44,5.3,19.67
garissa,-0.47,39.64,2014,7,25.99,25.09,26.79,1.7,3.35,9,0.84,60.34,5.89,19.18
garissa,-0.47,39.64,2014,8,26.3,25.29,27.63,2.34,14.62,22,2.03,60.55,5.88,20.0
garissa,-0.47,39.64,2014,9,26.98,25.32,28.42,3.1,6.05,13,1.2,58.6,5.99,21.12
garissa,-0.47,39.64,2014,10,28.43,26.62,29.65,3.03,32.47,22,6.97,58.41,4.6,22.8
garissa,-0.47,39.64,2014,11,27.39,24.57,28.42,3.85,112.19,25,12.55,70.09,2.61,21.62
garissa,-0.47,39.64,2014,12,28.26,27.03,30.22,3.19,66.47,22,11.53,62.16,2.34,19.84
garissa,-0.47,39.64,2015,1,28.22,25.96,30.33,4.37,7.97,6,3.13,49.32,2.49,22.41
garissa,-0.47,39.64,2015,2,30.62,29.53,31.56,2.03,1.12,5,0.23,47.52,2.84,22.08
garissa,-0.47,39.64,2015,3,30.05,27.78,31.54,3.76,23.48,11,7.5,51.68,3.32,22.63
garissa,-0.47,39.64,2015,4,28.67,25.83,30.82,4.99,83.45,30,10.47,65.22,3.63,22.31
garissa,-0.47,39.64,2015,5,27.0,24.68,28.01,3.33,72.34,27,10.17,70.32,4.81,20.95
garissa,-0.47,39.64,2015,6,26.43,25.61,27.51,1.9,18.52,13,13.89,62.8,5.2,20.25
garissa,-0.47,39.64,2015,7,25.91,24.85,26.72,1.87,18.55,26,3.24,63.43,5.61,18.69
garissa,-0.47,39.64,2015,8,26.16,24.75,27.13,2.38,11.94,19,2.98,61.41,6.12,20.75
garissa,-0.47,39.64,2015,9,27.55,26.3,29.32,3.02,1.78,7,0.33,57.25,6.13,22.74
garissa,-0.47,39.64,2015,10,28.83,28.02,30.29,2.27,41.84,28,6.38,59.63,4.68,22.42
garissa,-0.47,39.64,2015,11,27.39,25.57,29.45,3.88,129.66,30,12.22,72.98,2.7,20.63
garissa,-0.47,39.64,2015,12,28.83,27.56,30.64,3.08,52.49,28,14.6,62.72,2.01,21.7
garissa,-0.47,39.64,2016,1,30.36,29.59,31.22,1.63,12.78,16,2.87,51.52,2.33,19.77
garissa,-0.47,39.64,2016,2,30.65,28.9,32.15,3.25,7.54,6,2.37,47.39,2.73,23.95
garissa,-0.47,39.64,2016,3,32.22,30.23,33.48,3.25,4.62,10,0.79,48.3,3.32,22.55
garissa,-0.47,39.64,2016,4,29.85,25.89,32.44,6.55,80.7,28,13.73,61.65,3.81,21.3
garissa,-0.47,39.64,2016,5,27.27,26.08,29.11,3.03,28.98,16,7.08,62.7,5.04,20.68
garissa,-0.47,39.64,2016,6,26.72,25.25,28.19,2.94,13.83,17,2.33,59.35,5.65,19.4
garissa,-0.47,39.64,2016,7,25.83,24.74,26.6,1.86,3.95,10,0.65,58.02,5.98,19.42
garissa,-0.47,39.64,2016,8,26.0,25.22,26.99,1.77,8.99,16,1.48,59.05,6.2,20.41
garissa,-0.47,39.64,2016,9,26.71,25.01,28.4,3.39,2.7,9,0.39,56.48,6.18,20.49
garissa,-0.47,39.64,2016,10,28.6,27.42,30.51,3.09,4.33,14,1.41,53.46,4.88,23.05
garissa,-0.47,39.64,2016,11,28.46,26.87,30.08,3.21,75.48,30,9.37,62.14,3.08,19.92
garissa,-0.47,39.64,2016,12,29.79,28.57,30.99,2.42,13.11,24,1.82,52.25,2.51,19.17
garissa,-0.47,39.64,2017,1,29.87,28.25,31.35,3.1,2.03,4,0.75,46.24,2.52,22.08
garissa,-0.47,39.64,2017,2,30.51,29.11,31.2,2.09,11.78,10,6.41,49.58,3.11,21.21
garissa,-0.47,39.64,2017,3,31.69,30.65,32.26,1.61,2.08,5,0.51,46.87,3.34,24.03
garissa,-0.47,39.64,2017,4,29.58,26.99,31.85,4.86,53.77,24,9.89,59.59,4.16,21.93
garissa,-0.47,39.64,2017,5,26.87,25.96,27.79,1.83,83.25,29,8.85,71.87,4.63,20.91
garissa,-0.47,39.64,2017,6,26.62,25.71,27.49,1.78,25.41,22,5.73,64.87,5.35,19.68
garissa,-0.47,39.64,2017,7,26.38,25.51,27.54,2.03,3.85,11,0.89,57.96,5.96,19.27
garissa,-0.47,39.64,2017,8,26.58,25.62,27.48,1.86,11.0,13,1.87,59.78,6.22,20.99
garissa,-0.47,39.64,2017,9,27.41,26.34,28.15,1.81,10.71,18,2.94,57.41,6.04,21.97
garissa,-0.47,39.64,2017,10,28.98,27.62,30.33,2.71,29.11,19,7.83,55.67,4.71,23.2
garissa,-0.47,39.64,2017,11,27.91,25.8,29.95,4.15,103.3,27,17.73,66.63,2.44,21.3
garissa,-0.47,39.64,2017,12,29.8,28.8,31.45,2.65,3.58,8,0.75,47.72,2.51,22.25
garissa,-0.47,39.64,2018,1,29.38,27.53,30.28,2.75,0.48,1,0.23,45.9,2.39,22.35
garissa,-0.47,39.64,2018,2,30.51,28.21,32.09,3.88,1.22,3,0.19,47.55,3.09,22.5
garissa,-0.47,39.64,2018,3,28.43,25.61,30.94,5.33,107.44,29,18.55,65.19,2.44,20.48
garissa,-0.47,39.64,2018,4,26.95,25.11,29.56,4.45,137.75,30,15.02,74.44,3.28,20.14
garissa,-0.47,39.64,2018,5,26.34,25.3,27.46,2.16,69.78,28,13.71,73.49,4.57,21.41
garissa,-0.47,39.64,2018,6,25.48,24.45,26.57,2.12,27.26,20,5.16,66.98,5.19,18.82
garissa,-0.47,39.64,2018,7,25.1,24.22,26.72,2.5,19.25,15,9.32,64.68,5.89,19.46
garissa,-0.47,39.64,2018,8,25.88,25.06,26.61,1.55,4.99,13,0.85,60.21,6.11,20.16
garissa,-0.47,39.64,2018,9,27.23,26.09,27.96,1.87,9.48,16,1.78,59.82,5.91,22.31
garissa,-0.47,39.64,2018,10,27.78,26.13,29.43,3.3,34.83,22,10.53,60.78,4.83,21.86
garissa,-0.47,39.64,2018,11,29.4,28.03,30.51,2.48,29.09,24,3.94,57.33,3.26,21.77
garissa,-0.47,39.64,2018,12,29.17,26.55,30.67,4.12,58.49,19,21.29,59.2,2.13,21.41
garissa,-0.47,39.64,2019,1,30.01,28.27,31.1,2.83,12.36,6,6.97,50.26,2.52,22.13
garissa,-0.47,39.64,2019,2,30.92,29.61,32.32,2.71,1.82,8,0.37,48.36,3.14,22.58
garissa,-0.47,39.64,2019,3,31.75,30.83,32.72,1.89,3.45,9,0.72,46.65,3.18,23.17
garissa,-0.47,39.64,2019,4,30.32,27.18,32.01,4.83,43.66,24,11.69,59.21,3.61,23.15
garissa,-0.47,39.64,2019,5,27.14,25.03,29.53,4.5,172.49,30,59.05,71.34,4.51,19.65
garissa,-0.47,39.64,2019,6,26.56,25.75,27.77,2.02,6.87,12,3.5,62.56,5.31,19.09
garissa,-0.47,39.64,2019,7,26.26,24.75,27.7,2.95,17.87,15,6.17,61.21,5.58,19.43
garissa,-0.47,39.64,2019,8,26.81,25.68,27.74,2.06,7.55,21,0.78,59.1,6.11,20.55
garissa,-0.47,39.64,2019,9,27.36,26.17,29.08,2.91,27.21,15,16.1,60.31,5.85,21.73
garissa,-0.47,39.64,2019,10,26.84,25.06,28.84,3.78,128.54,31,10.01,72.41,3.7,20.48
garissa,-0.47,39.64,2019,11,26.98,24.85,28.97,4.12,163.56,28,30.65,74.46,2.46,21.01
garissa,-0.47,39.64,2019,12,26.61,25.1,27.81,2.71,149.02,25,34.2,77.98,1.6,21.03
garissa,-0.47,39.64,2020,1,27.27,25.54,28.84,3.3,76.29,24,33.68,72.36,1.75,20.87
garissa,-0.47,39.64,2020,2,29.13,26.41,31.24,4.83,37.75,15,27.98,63.53,2.4,21.13
garissa,-0.47,39.64,2020,3,29.34,26.66,31.15,4.49,29.7,26,4.1,65.11,2.74,21.34
garissa,-0.47,39.64,2020,4,27.64,25.24,29.59,4.35,123.58,30,29.63,72.85,3.24,20.91
garissa,-0.47,39.64,2020,5,26.49,24.83,27.83,3.0,68.67,30,27.14,72.16,4.65,21.73
garissa,-0.47,39.64,2020,6,26.06,24.95,27.36,2.41,24.44,20,6.28,65.91,5.58,19.75
garissa,-0.47,39.64,2020,7,25.69,24.43,26.73,2.3,17.27,14,4.85,60.91,6.34,19.34
garissa,-0.47,39.64,2020,8,25.99,24.25,27.04,2.79,9.42,18,2.41,62.11,5.93,20.02
garissa,-0.47,39.64,2020,9,27.16,25.82,28.35,2.53,16.95,14,5.65,59.52,5.76,20.44
garissa,-0.47,39.64,2020,10,28.81,27.31,29.79,2.48,27.93,25,10.76,57.72,4.74,23.33
garissa,-0.47,39.64,2020,11,27.97,26.21,29.8,3.59,107.13,29,20.41,67.6,2.59,21.64
garissa,-0.47,39.64,2020,12,29.31,26.42,30.66,4.24,38.04,19,14.91,55.8,2.3,20.02
garissa,-0.47,39.64,2021,1,29.09,27.15,30.61,3.46,7.14,10,1.36,53.25,2.32,20.86
garissa,-0.47,39.64,2021,2,30.27,29.03,31.04,2.01,3.42,5,1.75,47.61,2.62,22.14
garissa,-0.47,39.64,2021,3,29.56,27.1,31.76,4.66,71.22,14,27.16,56.37,3.07,23.23
garissa,-0.47,39.64,2021,4,28.37,27.07,29.38,2.31,50.43,29,5.74,66.93,3.81,22.62
garissa,-0.47,39.64,2021,5,26.87,25.07,29.83,4.76,46.07,23,11.91,65.97,4.81,20.14
garissa,-0.47,39.64,2021,6,25.91,24.79,27.24,2.45,22.07,22,5.3,63.19,5.44,18.75
garissa,-0.47,39.64,2021,7,25.41,24.44,26.35,1.91,9.07,19,1.74,60.37,6.26,18.57
garissa,-0.47,39.64,2021,8,26.46,25.59,27.76,2.17,4.28,12,0.57,58.59,6.18,20.92
garissa,-0.47,39.64,2021,9,27.36,26.44,28.61,2.17,5.07,12,0.86,58.0,6.31,21.88
garissa,-0.47,39.64,2021,10,28.78,27.89,30.56,2.67,12.46,15,2.66,54.73,4.81,22.64
garissa,-0.47,39.64,2021,11,29.74,26.02,31.51,5.49,184.75,23,64.84,56.57,3.23,21.89
garissa,-0.47,39.64,2021,12,26.47,25.11,27.38,2.27,101.05,29,12.79,75.87,1.85,19.16
garissa,-0.47,39.64,2022,1,28.12,26.99,29.32,2.33,5.65,8,1.64,57.78,2.08,21.71
garissa,-0.47,39.64,2022,2,30.14,27.92,31.7,3.78,3.68,7,1.73,49.77,2.47,22.92
garissa,-0.47,39.64,2022,3,30.51,28.67,31.73,3.06,17.38,10,4.53,51.81,3.1,22.29
garissa,-0.47,39.64,2022,4,29.26,26.27,31.38,5.11,124.05,19,51.32,61.69,3.49,21.05
garissa,-0.47,39.64,2022,5,26.72,24.78,27.91,3.13,87.8,22,25.02,70.79,4.55,20.97
garissa,-0.47,39.64,2022,6,26.02,23.81,26.89,3.08,24.53,28,8.96,63.88,5.52,18.2
garissa,-0.47,39.64,2022,7,24.62,23.65,25.49,1.84,20.38,24,7.61,64.29,5.93,18.6
garissa,-0.47,39.64,2022,8,25.44,24.1,26.6,2.5,14.35,21,4.46,60.79,6.19,19.53
garissa,-0.47,39.64,2022,9,26.22,24.97,27.65,2.68,30.84,12,16.95,61.6,5.89,20.26
garissa,-0.47,39.64,2022,10,27.79,26.33,29.67,3.34,22.22,13,14.42,56.79,4.97,22.36
garissa,-0.47,39.64,2022,11,27.22,25.48,28.8,3.32,105.78,30,16.78,69.04,2.78,18.34
garissa,-0.47,39.64,2022,12,29.18,27.82,30.16,2.34,18.43,20,3.74,56.35,2.4,18.74
garissa,-0.47,39.64,2023,1,29.21,27.93,30.35,2.42,16.04,11,4.3,53.23,2.54,22.81
garissa,-0.47,39.64,2023,2,30.43,29.35,31.42,2.07,0.22,0,0.04,47.4,2.85,22.91
garissa,-0.47,39.64,2023,3,29.94,26.19,31.7,5.51,44.71,20,15.1,54.63,3.09,21.94
garissa,-0.47,39.64,2023,4,26.9,24.79,29.11,4.32,221.84,30,36.75,76.59,2.93,19.7
garissa,-0.47,39.64,2023,5,26.9,25.6,27.92,2.32,41.43,30,10.23,72.54,4.35,21.07
garissa,-0.47,39.64,2023,6,25.91,24.96,26.83,1.87,65.86,19,18.17,69.26,4.92,20.1
garissa,-0.47,39.64,2023,7,25.21,23.6,26.39,2.79,22.82,25,6.3,67.62,5.78,18.93
garissa,-0.47,39.64,2023,8,26.21,25.34,26.97,1.63,21.88,23,5.91,64.15,6.05,20.67
garissa,-0.47,39.64,2023,9,27.82,26.67,28.55,1.88,8.88,21,1.48,59.94,5.88,21.92
garissa,-0.47,39.64,2023,10,28.54,26.7,30.17,3.47,58.91,28,11.49,62.22,4.08,22.08
garissa,-0.47,39.64,2023,11,26.18,24.44,27.54,3.1,319.09,30,103.42,81.84,1.91,18.61
garissa,-0.47,39.64,2023,12,27.47,26.05,28.63,2.58,45.0,25,8.73,72.26,1.86,20.97
garissa,-0.47,39.64,2024,1,28.81,27.48,30.13,2.65,12.08,15,4.24,61.36,2.03,22.15
garissa,-0.47,39.64,2024,2,30.57,29.2,32.32,3.12,14.83,16,3.28,56.68,2.55,21.11
garissa,-0.47,39.64,2024,3,30.86,28.16,31.98,3.82,25.25,26,4.39,57.12,3.1,23.49
garissa,-0.47,39.64,2024,4,27.43,25.5,28.48,2.98,138.58,30,28.3,74.72,3.53,21.08
garissa,-0.47,39.64,2024,5,27.8,26.21,29.78,3.57,39.85,15,9.59,65.99,4.7,20.99
garissa,-0.47,39.64,2024,6,26.98,25.43,28.5,3.07,9.83,13,2.68,59.76,5.55,20.69
garissa,-0.47,39.64,2024,7,26.42,25.06,27.35,2.29,9.34,15,1.58,60.51,5.39,17.31
garissa,-0.47,39.64,2024,8,26.82,25.94,28.04,2.1,12.84,16,3.28,59.35,6.07,19.07
garissa,-0.47,39.64,2024,9,27.99,26.87,28.99,2.12,3.03,12,0.48,56.64,6.06,22.36
garissa,-0.47,39.64,2024,10,29.39,28.23,31.11,2.88,4.92,11,1.83,54.69,4.99,23.14
garissa,-0.47,39.64,2024,11,28.4,26.73,30.69,3.96,150.41,30,17.71,68.76,2.57,19.68
garissa,-0.47,39.64,2024,12,29.6,27.48,30.78,3.3,12.37,16,2.41,57.45,2.38,19.4
kakamega,0.28,34.75,2010,1,18.68,16.4,20.23,3.83,102.02,18,26.34,68.17,2.82,22.8
kakamega,0.28,34.75,2010,2,19.88,17.46,21.35,3.89,162.66,24,36.26,69.91,2.48,20.08
kakamega,0.28,34.75,2010,3,19.39,17.78,20.9,3.12,204.49,29,19.97,77.2,2.55,21.49
kakamega,0.28,34.75,2010,4,19.66,17.99,21.39,3.4,284.48,29,20.89,79.49,1.79,21.12
kakamega,0.28,34.75,2010,5,19.02,17.4,20.26,2.86,302.99,31,29.23,82.86,0.99,20.13
kakamega,0.28,34.75,2010,6,18.33,17.14,19.62,2.48,108.88,30,7.79,81.89,0.75,19.44
kakamega,0.28,34.75,2010,7,17.45,15.97,18.69,2.72,158.45,26,15.77,82.51,1.07,18.3
kakamega,0.28,34.75,2010,8,17.8,16.18,19.3,3.12,135.13,31,17.0,81.14,1.13,19.5
kakamega,0.28,34.75,2010,9,18.58,16.98,19.32,2.34,189.35,30,17.94,79.11,0.81,20.96
kakamega,0.28,34.75,2010,10,18.78,17.33,20.03,2.7,192.77,31,20.27,79.07,1.31,20.57
kakamega,0.28,34.75,2010,11,18.48,17.8,19.09,1.29,99.92,28,12.45,78.82,2.53,21.53
kakamega,0.28,34.75,2010,12,18.14,16.89,19.1,2.21,41.04,25,6.08,70.78,2.29,21.77
kakamega,0.28,34.75,2011,1,18.99,17.88,20.69,2.81,14.89,15,2.61,62.69,2.62,23.41
kakamega,0.28,34.75,2011,2,20.25,18.79,21.2,2.41,29.13,14,8.49,54.42,2.55,24.55
kakamega,0.28,34.75,2011,3,20.48,17.7,22.15,4.45,185.06,23,22.6,64.86,2.1,22.6
kakamega,0.28,34.75,2011,4,20.43,17.92,21.8,3.88,203.21,24,33.88,68.74,2.15,23.36
kakamega,0.28,34.75,2011,5,19.03,16.57,20.06,3.49,284.1,31,23.86,80.61,0.88,20.63
kakamega,0.28,34.75,2011,6,17.82,15.79,19.4,3.61,163.34,30,11.68,84.92,0.99,18.27
kakamega,0.28,34.75,2011,7,17.84,16.34,19.44,3.1,126.1,30,16.31,79.99,0.91,19.49
kakamega,0.28,34.75,2011,8,17.4,16.21,18.75,2.54,260.35,31,37.69,83.87,1.13,18.91
kakamega,0.28,34.75,2011,9,18.26,16.59,19.87,3.28,168.48,30,15.28,80.7,0.98,20.29
kakamega,0.28,34.75,2011,10,18.64,17.18,19.6,2.42,249.06,31,28.56,80.15,1.52,21.05
kakamega,0.28,34.75,2011,11,17.75,16.55,18.67,2.12,367.56,30,38.82,85.33,1.6,18.73
kakamega,0.28,34.75,2011,12,17.44,16.07,18.73,2.66,59.75,27,31.57,79.22,2.38,21.67
kakamega,0.28,34.75,2012,1,17.63,15.59,18.43,2.84,2.15,4,0.6,66.01,2.69,25.13
kakamega,0.28,34.75,2012,2,18.84,16.64,19.99,3.35,28.91,9,9.38,64.19,3.23,24.36
kakamega,0.28,34.75,2012,3,20.25,18.51,22.31,3.8,38.26,12,13.41,60.4,2.41,24.01
kakamega,0.28,34.75,2012,4,18.83,15.92,20.82,4.9,426.14,30,53.81,79.98,1.41,19.31
kakamega,0.28,34.75,2012,5,18.47,16.73,19.68,2.95,297.58,30,28.18,82.27,0.89,20.76
kakamega,0.28,34.75,2012,6,17.64,15.47,19.35,3.88,207.06,30,23.08,83.81,0.88,18.24
kakamega,0.28,34.75,2012,7,16.99,15.94,17.98,2.04,112.33,31,12.17,84.98,1.25,17.99
kakamega,0.28,34.75,2012,8,17.51,16.59,18.53,1.94,201.27,31,16.07,82.62,1.07,19.69
kakamega,0.28,34.75,2012,9,18.26,17.0,19.15,2.15,218.41,30,21.21,79.49,0.92,21.54
kakamega,0.28,34.75,2012,10,18.58,16.72,19.29,2.57,208.17,31,21.4,79.52,1.84,21.56
kakamega,0.28,34.75,2012,11,18.39,17.61,19.32,1.71,268.32,27,57.35,82.63,1.92,21.18
kakamega,0.28,34.75,2012,12,18.22,17.04,19.13,2.09,151.03,30,25.93,81.24,2.48,19.85
kakamega,0.28,34.75,2013,1,18.57,17.2,19.47,2.27,48.87,20,19.36,74.97,2.64,22.48
kakamega,0.28,34.75,2013,2,19.34,17.78,20.69,2.91,14.55,9,4.24,67.06,2.81,23.61
kakamega,0.28,34.75,2013,3,20.31,18.35,21.43,3.08,197.66,24,32.4,71.72,2.09,21.9
kakamega,0.28,34.75,2013,4,18.87,17.32,19.74,2.42,397.36,30,52.83,83.13,1.13,21.02
kakamega,0.28,34.75,2013,5,18.77,17.04,19.84,2.8,215.78,30,36.34,80.38,0.83,21.84
kakamega,0.28,34.75,2013,6,17.92,16.7,18.91,2.21,78.97,30,5.99,83.07,0.88,18.83
kakamega,0.28,34.75,2013,7,17.16,15.7,18.5,2.8,98.37,30,9.67,80.31,1.09,19.6
kakamega,0.28,34.75,2013,8,17.5,16.17,18.8,2.63,204.26,31,17.85,83.34,1.03,19.85
kakamega,0.28,34.75,2013,9,18.51,16.66,19.92,3.26,202.76,30,23.04,79.31,0.97,22.0
kakamega,0.28,34.75,2013,10,18.58,17.62,19.31,1.69,149.22,31,15.62,78.95,1.44,21.77
kakamega,0.28,34.75,2013,11,18.41,16.99,19.5,2.51,137.77,29,19.02,81.31,2.31,20.89
kakamega,0.28,34.75,2013,12,18.12,17.01,19.1,2.09,94.03,28,25.95,77.31,2.3,20.15
kakamega,0.28,34.75,2014,1,19.01,17.72,19.99,2.27,9.7,14,2.02,66.73,2.57,23.52
kakamega,0.28,34.75,2014,2,19.82,18.49,20.63,2.14,49.64,21,11.33,66.93,2.2,22.16
kakamega,0.28,34.75,2014,3,20.4,16.54,22.2,5.66,131.49,19,55.75,66.51,2.59,22.7
kakamega,0.28,34.75,2014,4,20.32,19.24,21.88,2.64,88.11,23,14.49,71.39,1.93,22.96
kakamega,0.28,34.75,2014,5,19.43,18.03,21.1,3.07,227.95,30,26.71,79.4,0.92,20.71
kakamega,0.28,34.75,2014,6,18.57,17.2,19.89,2.69,132.55,30,19.11,80.12,0.81,19.44
kakamega,0.28,34.75,2014,7,17.91,16.53,19.14,2.61,130.11,31,13.76,81.24,1.01,18.92
kakamega,0.28,34.75,2014,8,17.53,16.1,19.49,3.39,160.75,31,15.05,82.62,0.91,19.67
kakamega,0.28,34.75,2014,9,18.76,16.58,20.0,3.42,146.68,26,19.09,77.27,0.83,21.92
kakamega,0.28,34.75,2014,10,18.75,16.96,19.95,2.99,283.7,30,35.98,80.39,1.27,21.19
kakamega,0.28,34.75,2014,11,18.6,17.33,19.53,2.2,128.73,30,12.98,80.73,2.14,20.72
kakamega,0.28,34.75,2014,12,18.31,16.72,19.08,2.36,70.61,28,13.71,74.26,2.69,21.87
kakamega,0.28,34.75,2015,1,18.57,16.75,19.72,2.97,2.37,6,1.25,57.27,2.39,24.55
kakamega,0.28,34.75,2015,2,21.03,18.83,21.85,3.02,29.42,9,12.58,55.29,2.59,23.68
kakamega,0.28,34.75,2015,3,21.79,19.6,23.65,4.05,61.61,16,12.73,51.56,3.45,24.32
kakamega,0.28,34.75,2015,4,19.32,17.21,21.64,4.43,289.62,28,55.92,79.08,1.29,20.35
kakamega,0.28,34.75,2015,5,18.95,17.15,20.21,3.06,336.24,31,44.18,82.01,0.94,20.47
kakamega,0.28,34.75,2015,6,18.14,16.93,19.44,2.51,271.56,30,36.5,83.7,0.9,18.43
kakamega,0.28,34.75,2015,7,18.18,16.62,19.73,3.11,139.39,24,22.22,79.49,1.0,20.46
kakamega,0.28,34.75,2015,8,18.88,17.57,19.88,2.31,130.09,31,21.63,76.1,0.81,22.27
kakamega,0.28,34.75,2015,9,19.47,16.42,20.49,4.07,139.84,30,21.63,74.29,0.84,22.67
kakamega,0.28,34.75,2015,10,19.6,18.57,20.54,1.97,169.37,28,16.98,77.34,1.43,20.96
kakamega,0.28,34.75,2015,11,18.67,17.6,19.63,2.03,357.77,30,73.85,83.45,1.67,19.72
kakamega,0.28,34.75,2015,12,18.43,17.19,19.6,2.41,137.94,28,34.96,80.59,2.27,20.18
kakamega,0.28,34.75,2016,1,19.03,18.18,19.84,1.66,78.13,28,20.92,76.9,2.12,19.73
kakamega,0.28,34.75,2016,2,19.69,18.18,21.12,2.94,13.82,12,3.82,66.3,2.74,23.58
kakamega,0.28,34.75,2016,3,21.39,19.22,22.93,3.71,62.85,21,15.19,66.11,2.56,24.06
kakamega,0.28,34.75,2016,4,19.99,17.35,21.34,3.99,386.33,30,52.41,80.58,1.35,20.34
kakamega,0.28,34.75,2016,5,18.73,17.19,19.97,2.78,263.61,31,49.89,83.61,1.02,20.3
kakamega,0.28,34.75,2016,6,18.03,15.87,19.63,3.76,175.24,29,25.04,79.94,1.03,19.62
kakamega,0.28,34.75,2016,7,17.46,16.6,18.28,1.68,262.78,31,36.15,84.25,1.16,18.67
kakamega,0.28,34.75,2016,8,17.97,16.27,19.06,2.79,154.89,30,19.34,78.89,1.02,20.79
kakamega,0.28,34.75,2016,9,18.65,17.74,19.42,1.68,207.36,30,37.98,78.91,0.95,22.5
kakamega,0.28,34.75,2016,10,18.96,17.9,19.7,1.8,99.21,31,38.62,76.44,1.55,22.75
kakamega,0.28,34.75,2016,11,18.55,17.36,19.68,2.32,104.01,29,19.66,79.05,2.57,21.06
kakamega,0.28,34.75,2016,12,18.5,17.43,19.64,2.21,12.33,18,2.72,73.02,3.44,23.11
kakamega,0.28,34.75,2017,1,19.22,17.57,20.8,3.23,54.06,8,28.7,59.05,3.08,23.98
kakamega,0.28,34.75,2017,2,20.34,19.14,21.53,2.39,84.91,19,14.22,63.97,2.88,23.42
kakamega,0.28,34.75,2017,3,21.21,18.69,22.5,3.81,109.34,25,31.42,63.16,2.16,24.72
kakamega,0.28,34.75,2017,4,20.7,17.58,22.81,5.23,139.8,24,24.49,68.96,2.16,22.96
kakamega,0.28,34.75,2017,5,19.19,17.65,20.44,2.79,293.15,31,34.19,79.86,1.05,20.55
kakamega,0.28,34.75,2017,6,18.96,17.01,20.22,3.21,137.55,30,17.36,77.97,0.76,20.82
kakamega,0.28,34.75,2017,7,17.58,16.72,18.47,1.75,267.1,31,25.67,83.83,1.02,18.26
kakamega,0.28,34.75,2017,8,18.06,16.77,19.85,3.08,310.31,31,30.09,81.66,0.94,19.97
kakamega,0.28,34.75,2017,9,18.46,16.94,19.55,2.61,403.69,30,38.39,81.7,0.95,20.49
kakamega,0.28,34.75,2017,10,18.73,17.09,19.72,2.63,217.17,29,60.36,81.22,1.58,21.94
kakamega,0.28,34.75,2017,11,18.1,17.0,19.09,2.09,200.15,29,40.55,82.29,2.5,21.12
kakamega,0.28,34.75,2017,12,17.99,16.99,19.22,2.23,21.23,13,11.54,73.97,3.06,23.2
kakamega,0.28,34.75,2018,1,18.27,17.32,19.72,2.4,15.25,12,3.15,67.87,1.8,21.75
kakamega,0.28,34.75,2018,2,20.15,18.4,21.57,3.17,36.89,14,14.49,62.43,3.04,24.04
kakamega,0.28,34.75,2018,3,18.93,17.16,20.93,3.77,267.5,31,45.0,79.72,1.81,19.19
kakamega,0.28,34.75,2018,4,18.23,16.65,20.12,3.47,460.75,30,57.49,85.02,1.22,18.15
kakamega,0.28,34.75,2018,5,18.26,16.29,19.8,3.51,524.34,31,51.48,85.64,0.96,19.8
kakamega,0.28,34.75,2018,6,17.48,15.95,18.73,2.78,365.69,30,36.58,87.3,1.03,18.64
kakamega,0.28,34.75,2018,7,17.14,16.42,18.2,1.78,272.9,31,25.64,86.47,0.89,18.71
kakamega,0.28,34.75,2018,8,17.55,16.14,18.58,2.44,268.11,30,23.49,82.73,0.92,19.43
kakamega,0.28,34.75,2018,9,18.95,17.31,19.96,2.65,140.2,30,47.53,74.7,1.02,22.99
kakamega,0.28,34.75,2018,10,18.73,17.65,19.8,2.15,137.18,30,16.78,79.22,1.56,21.71
kakamega,0.28,34.75,2018,11,19.02,17.75,19.61,1.86,86.09,27,14.66,79.45,2.69,22.67
kakamega,0.28,34.75,2018,12,18.56,15.8,19.46,3.66,106.79,25,29.57,77.44,2.66,20.89
kakamega,0.28,34.75,2019,1,19.19,18.06,20.65,2.59,18.53,17,3.35,67.92,3.02,23.3
kakamega,0.28,34.75,2019,2,20.89,20.0,22.01,2.01,22.8,9,8.92,60.22,3.05,24.22
kakamega,0.28,34.75,2019,3,21.81,20.27,23.43,3.16,53.81,16,21.08,57.36,2.44,24.76
kakamega,0.28,34.75,2019,4,21.93,18.88,23.5,4.62,178.75,29,59.19,64.62,1.85,22.82
kakamega,0.28,34.75,2019,5,19.7,17.6,21.43,3.83,268.08,29,46.09,78.42,1.11,21.17
kakamega,0.28,34.75,2019,6,17.95,16.74,19.0,2.26,398.71,30,35.9,86.37,1.05,16.47
kakamega,0.28,34.75,2019,7,17.65,16.28,18.98,2.7,246.71,31,47.75,83.3,1.04,18.51
kakamega,0.28,34.75,2019,8,17.94,16.82,18.98,2.16,398.7,31,49.67,83.79,0.9,19.73
kakamega,0.28,34.75,2019,9,18.66,16.79,20.22,3.43,229.38,30,25.27,81.57,0.97,21.84
kakamega,0.28,34.75,2019,10,18.66,17.87,19.53,1.66,333.96,31,33.93,83.44,1.55,20.6
kakamega,0.28,34.75,2019,11,18.65,17.35,19.49,2.14,234.93,30,35.9,84.58,1.77,20.5
kakamega,0.28,34.75,2019,12,18.17,16.41,19.02,2.61,283.43,28,37.16,84.43,1.81,19.18
kakamega,0.28,34.75,2020,1,18.57,17.53,19.5,1.97,175.77,22,31.91,80.08,2.27,20.72
kakamega,0.28,34.75,2020,2,19.15,16.67,20.43,3.76,99.75,23,21.9,77.46,2.72,23.08
kakamega,0.28,34.75,2020,3,19.72,16.9,21.04,4.14,312.04,31,49.94,80.21,1.61,21.21
kakamega,0.28,34.75,2020,4,19.11,17.28,20.79,3.51,392.95,30,68.65,83.22,1.57,21.09
kakamega,0.28,34.75,2020,5,18.8,17.2,19.54,2.34,380.17,31,51.62,84.68,0.96,21.02
kakamega,0.28,34.75,2020,6,17.78,16.41,19.65,3.24,452.3,30,34.65,86.93,0.89,18.43
kakamega,0.28,34.75,2020,7,17.1,15.61,18.56,2.95,289.68,31,34.12,86.96,0.99,16.52
kakamega,0.28,34.75,2020,8,17.62,16.05,18.77,2.72,404.41,31,35.79,86.42,1.03,19.4
kakamega,0.28,34.75,2020,9,18.31,16.88,19.5,2.62,410.75,30,87.72,81.95,1.05,21.61
kakamega,0.28,34.75,2020,10,18.53,17.55,19.25,1.7,245.46,31,41.03,83.13,1.28,20.58
kakamega,0.28,34.75,2020,11,18.46,17.75,19.25,1.5,225.86,30,81.18,82.16,2.4,21.44
kakamega,0.28,34.75,2020,12,17.89,16.61,18.66,2.05,68.58,21,25.61,75.22,2.76,22.9
kakamega,0.28,34.75,2021,1,17.95,16.95,18.9,1.95,62.57,22,17.89,74.66,2.81,21.28
kakamega,0.28,34.75,2021,2,18.92,17.15,20.32,3.17,35.95,21,7.16,71.48,2.14,21.72
kakamega,0.28,34.75,2021,3,20.0,19.16,20.86,1.7,50.51,20,9.77,65.96,2.87,23.44
kakamega,0.28,34.75,2021,4,19.78,18.22,20.83,2.61,189.29,30,25.51,76.8,1.58,21.53
kakamega,0.28,34.75,2021,5,18.77,17.11,19.97,2.86,368.59,31,50.23,82.43,1.07,20.22
kakamega,0.28,34.75,2021,6,18.42,17.11,19.33,2.22,70.95,25,15.21,78.33,0.91,20.4
kakamega,0.28,34.75,2021,7,17.26,16.38,17.96,1.58,180.83,31,22.3,84.18,1.14,17.76
kakamega,0.28,34.75,2021,8,18.33,16.19,19.72,3.53,202.92,31,27.24,78.97,0.96,20.66
kakamega,0.28,34.75,2021,9,18.61,17.03,19.82,2.79,304.92,30,30.41,81.06,0.88,20.32
kakamega,0.28,34.75,2021,10,18.83,17.89,19.72,1.83,166.39,31,24.32,79.94,1.72,21.72
kakamega,0.28,34.75,2021,11,19.19,18.29,19.73,1.44,83.5,29,9.75,76.45,2.34,21.39
kakamega,0.28,34.75,2021,12,18.58,17.34,19.14,1.8,75.61,28,11.36,78.08,3.26,20.37
kakamega,0.28,34.75,2022,1,18.23,15.83,19.75,3.92,83.16,14,26.57,69.83,2.51,21.91
kakamega,0.28,34.75,2022,2,19.8,18.51,20.77,2.26,37.69,24,7.05,69.62,1.72,21.44
kakamega,0.28,34.75,2022,3,21.18,19.82,22.58,2.76,73.02,25,19.24,59.17,2.44,24.0
kakamega,0.28,34.75,2022,4,20.42,17.94,22.04,4.1,161.25,25,25.69,70.07,1.9,21.08
kakamega,0.28,34.75,2022,5,19.42,17.41,20.49,3.08,234.7,30,34.09,77.83,1.03,20.6
kakamega,0.28,34.75,2022,6,18.39,16.47,19.95,3.48,119.7,27,14.65,77.54,0.87,19.74
kakamega,0.28,34.75,2022,7,17.83,16.88,18.85,1.97,232.58,31,36.48,81.58,0.99,17.51
kakamega,0.28,34.75,2022,8,17.55,16.3,18.42,2.12,423.57,31,49.0,85.47,1.11,18.09
kakamega,0.28,34.75,2022,9,18.44,16.43,19.58,3.15,342.33,29,50.55,79.92,1.04,20.93
kakamega,0.28,34.75,2022,10,18.58,17.12,19.4,2.28,146.67,29,33.64,77.06,1.5,21.68
kakamega,0.28,34.75,2022,11,18.43,17.85,19.19,1.34,85.67,30,11.54,79.84,2.42,18.13
kakamega,0.28,34.75,2022,12,18.33,17.39,18.97,1.58,64.3,28,7.74,76.58,2.69,19.78
kakamega,0.28,34.75,2023,1,18.34,17.0,19.16,2.16,9.23,11,2.91,65.51,3.1,23.67
kakamega,0.28,34.75,2023,2,20.66,19.05,22.01,2.96,10.2,10,2.14,55.46,2.71,24.02
kakamega,0.28,34.75,2023,3,20.09,17.34,22.47,5.13,383.44,26,67.42,71.01,1.97,20.02
kakamega,0.28,34.75,2023,4,19.25,16.92,20.85,3.93,381.73,30,50.71,80.95,1.98,19.92
kakamega,0.28,34.75,2023,5,19.28,17.07,20.18,3.11,201.03,30,63.64,80.13,1.06,21.29
kakamega,0.28,34.75,2023,6,18.66,17.4,19.72,2.32,307.86,30,63.7,82.37,0.82,18.47
kakamega,0.28,34.75,2023,7,18.23,17.12,19.2,2.08,215.7,31,25.65,82.04,0.9,18.69
kakamega,0.28,34.75,2023,8,18.98,16.87,20.58,3.71,184.93,26,35.2,76.38,0.84,20.65
kakamega,0.28,34.75,2023,9,19.46,17.97,20.56,2.59,220.23,30,31.68,78.18,0.86,21.54
kakamega,0.28,34.75,2023,10,19.66,18.91,20.24,1.33,240.43,31,27.88,78.86,1.78,20.95
kakamega,0.28,34.75,2023,11,18.51,17.54,19.66,2.12,314.49,30,49.91,84.64,2.39,18.36
kakamega,0.28,34.75,2023,12,18.83,17.37,19.76,2.39,49.35,28,13.95,79.6,2.33,20.67
kakamega,0.28,34.75,2024,1,18.85,17.94,19.87,1.93,138.04,29,25.81,78.68,1.64,18.24
kakamega,0.28,34.75,2024,2,19.73,18.89,20.68,1.79,166.59,23,36.0,76.59,2.59,21.37
kakamega,0.28,34.75,2024,3,20.33,19.18,21.14,1.96,77.88,21,16.43,74.03,2.76,24.21
kakamega,0.28,34.75,2024,4,19.61,16.76,20.92,4.16,457.05,30,43.05,83.19,1.25,19.18
kakamega,0.28,34.75,2024,5,19.52,17.82,20.3,2.48,349.49,29,46.94,82.97,0.94,20.65
kakamega,0.28,34.75,2024,6,18.76,17.34,20.16,2.82,268.17,30,41.53,82.65,0.84,18.88
kakamega,0.28,34.75,2024,7,17.93,16.39,19.09,2.7,367.0,31,37.88,86.37,1.04,15.81
kakamega,0.28,34.75,2024,8,18.05,16.63,19.72,3.09,324.61,31,37.44,84.89,1.07,18.62
kakamega,0.28,34.75,2024,9,19.15,17.61,20.21,2.6,266.93,30,42.4,78.19,0.95,20.96
kakamega,0.28,34.75,2024,10,19.18,18.17,20.1,1.93,235.35,31,42.14,79.38,1.22,21.67
kakamega,0.28,34.75,2024,11,18.78,17.4,19.73,2.33,229.15,30,32.06,82.75,1.94,18.65
kakamega,0.28,34.75,2024,12,18.32,16.75,19.5,2.75,65.69,23,17.55,78.0,2.58,21.57
kisumu,-0.1,34.76,2010,1,20.22,17.9,21.88,3.98,138.52,22,30.42,66.78,2.63,22.69
kisumu,-0.1,34.76,2010,2,21.3,18.61,22.71,4.1,172.78,24,36.25,68.99,2.27,20.89
kisumu,-0.1,34.76,2010,3,20.81,19.0,22.58,3.58,257.99,31,30.4,74.55,2.31,22.25
kisumu,-0.1,34.76,2010,4,21.16,19.6,22.39,2.79,303.37,30,36.14,76.8,1.27,22.26
kisumu,-0.1,34.76,2010,5,20.34,18.94,21.53,2.59,264.75,30,27.28,79.14,1.21,20.37
kisumu,-0.1,34.76,2010,6,19.69,18.39,20.87,2.48,117.22,30,9.22,77.98,1.09,20.12
kisumu,-0.1,34.76,2010,7,19.07,17.74,20.16,2.42,106.76,26,11.15,75.68,1.39,20.26
kisumu,-0.1,34.76,2010,8,19.61,17.4,20.89,3.49,93.86,29,10.27,73.58,1.37,20.69
kisumu,-0.1,34.76,2010,9,20.21,18.73,21.22,2.49,189.19,30,22.96,73.31,1.19,21.85
kisumu,-0.1,34.76,2010,10,20.35,17.77,21.8,4.03,195.72,31,28.75,75.2,1.18,21.52
kisumu,-0.1,34.76,2010,11,20.36,19.31,21.0,1.69,106.08,29,13.13,73.86,1.87,22.02
kisumu,-0.1,34.76,2010,12,20.15,19.21,21.3,2.09,87.31,26,11.49,67.28,1.97,22.05
kisumu,-0.1,34.76,2011,1,20.68,19.55,22.51,2.96,35.88,20,5.82,61.16,2.48,23.19
kisumu,-0.1,34.76,2011,2,21.67,20.67,22.48,1.81,46.04,14,11.45,54.13,2.38,24.79
kisumu,-0.1,34.76,2011,3,21.84,18.62,23.71,5.09,244.94,23,25.22,63.77,1.79,23.05
kisumu,-0.1,34.76,2011,4,21.61,19.43,22.78,3.35,176.61,29,19.72,68.51,1.54,23.79
kisumu,-0.1,34.76,2011,5,20.45,18.04,21.73,3.69,214.36,31,20.52,77.77,0.96,21.21
kisumu,-0.1,34.76,2011,6,19.43,17.38,20.84,3.46,138.22,30,10.23,79.5,1.26,18.89
kisumu,-0.1,34.76,2011,7,19.57,18.0,20.93,2.93,94.14,31,11.59,73.71,1.16,20.51
kisumu,-0.1,34.76,2011,8,19.24,17.67,20.59,2.92,203.05,31,25.76,76.58,1.38,19.23
kisumu,-0.1,34.76,2011,9,19.8,17.92,22.0,4.08,152.5,30,16.56,76.77,1.18,21.28
kisumu,-0.1,34.76,2011,10,20.42,18.49,21.54,3.05,227.44,31,24.76,75.47,1.23,22.11
kisumu,-0.1,34.76,2011,11,19.37,17.71,20.55,2.84,398.84,30,40.65,80.56,1.4,19.43
kisumu,-0.1,34.76,2011,12,19.57,17.54,20.6,3.06,76.58,29,28.38,73.22,2.08,21.61
kisumu,-0.1,34.76,2012,1,19.96,18.12,20.85,2.73,3.51,5,1.08,59.92,2.54,24.97
kisumu,-0.1,34.76,2012,2,21.27,19.33,22.61,3.28,35.37,11,10.62,56.85,3.07,24.87
kisumu,-0.1,34.76,2012,3,22.31,19.11,24.41,5.3,43.06,13,16.38,56.4,2.15,24.46
kisumu,-0.1,34.76,2012,4,20.23,17.25,22.8,5.55,403.71,30,32.54,76.79,1.37,19.84
kisumu,-0.1,34.76,2012,5,19.7,18.28,20.61,2.33,274.23,30,20.39,80.56,1.08,20.35
kisumu,-0.1,34.76,2012,6,19.03,16.4,20.6,4.2,239.54,30,34.27,79.28,1.15,18.53
kisumu,-0.1,34.76,2012,7,18.71,17.77,19.6,1.83,71.17,31,8.06,77.75,1.25,18.7
kisumu,-0.1,34.76,2012,8,19.2,17.4,20.02,2.62,151.27,30,14.58,75.98,1.34,21.12
kisumu,-0.1,34.76,2012,9,20.11,18.44,21.43,2.99,180.87,30,14.37,73.54,1.05,22.94
kisumu,-0.1,34.76,2012,10,20.59,18.29,21.75,3.46,229.27,31,23.62,73.45,1.62,22.42
kisumu,-0.1,34.76,2012,11,20.05,18.21,21.27,3.06,265.92,29,63.7,78.64,1.39,22.06
kisumu,-0.1,34.76,2012,12,20.06,18.89,21.11,2.22,205.87,30,30.26,76.5,1.95,20.9
kisumu,-0.1,34.76,2013,1,20.37,18.86,21.78,2.92,68.41,22,16.54,71.17,2.41,22.96
kisumu,-0.1,34.76,2013,2,21.24,19.0,22.39,3.39,22.43,10,8.87,63.49,2.53,24.28
kisumu,-0.1,34.76,2013,3,21.98,19.73,23.2,3.47,229.6,25,35.38,68.02,1.77,22.98
kisumu,-0.1,34.76,2013,4,19.95,18.27,21.1,2.83,443.59,30,57.09,82.16,1.27,21.24
kisumu,-0.1,34.76,2013,5,20.17,18.31,21.32,3.01,208.13,30,37.02,77.3,1.05,22.25
kisumu,-0.1,34.76,2013,6,19.38,17.86,20.35,2.49,71.43,30,7.77,77.58,1.14,19.77
kisumu,-0.1,34.76,2013,7,18.98,17.14,20.16,3.02,67.6,28,6.75,72.82,1.21,20.93
kisumu,-0.1,34.76,2013,8,19.26,18.08,20.77,2.69,144.55,31,11.77,75.65,1.22,21.56
kisumu,-0.1,34.76,2013,9,20.22,17.87,21.58,3.71,168.45,28,17.07,74.1,1.12,22.24
kisumu,-0.1,34.76,2013,10,20.55,19.36,21.48,2.12,93.23,28,10.15,71.62,1.25,23.49
kisumu,-0.1,34.76,2013,11,20.32,18.46,21.75,3.29,141.32,29,18.62,74.93,1.73,21.03
kisumu,-0.1,34.76,2013,12,20.1,17.94,21.36,3.42,133.73,28,35.33,72.67,2.04,20.62
kisumu,-0.1,34.76,2014,1,21.32,20.09,22.56,2.47,17.42,15,3.93,60.89,2.28,23.69
kisumu,-0.1,34.76,2014,2,21.61,19.97,22.66,2.69,59.37,21,11.28,63.23,2.12,22.32
kisumu,-0.1,34.76,2014,3,21.99,17.42,24.14,6.72,187.95,21,52.91,63.68,2.33,23.28
kisumu,-0.1,34.76,2014,4,21.55,20.57,22.95,2.38,80.68,22,14.01,70.84,1.21,23.05
kisumu,-0.1,34.76,2014,5,20.95,18.96,22.77,3.81,196.56,31,26.89,74.37,1.1,21.12
kisumu,-0.1,34.76,2014,6,20.11,18.68,21.36,2.68,109.1,29,13.37,75.25,1.1,19.81
kisumu,-0.1,34.76,2014,7,19.69,18.16,20.93,2.77,82.13,31,8.32,74.46,1.32,19.65
kisumu,-0.1,34.76,2014,8,19.32,17.87,20.95,3.08,131.22,31,10.21,75.83,1.22,20.18
kisumu,-0.1,34.76,2014,9,20.43,17.83,22.2,4.37,112.91,25,12.23,71.63,1.14,22.72
kisumu,-0.1,34.76,2014,10,20.54,18.23,22.13,3.9,228.95,30,27.9,74.7,1.31,22.14
kisumu,-0.1,34.76,2014,11,20.49,18.68,21.93,3.25,149.43,30,17.47,75.16,1.63,21.17
kisumu,-0.1,34.76,2014,12,20.61,18.38,21.67,3.29,86.82,26,15.74,68.44,2.25,21.75
kisumu,-0.1,34.76,2015,1,21.01,19.44,22.23,2.79,7.73,11,4.03,52.39,2.21,23.93
kisumu,-0.1,34.76,2015,2,23.03,19.19,23.83,4.64,41.69,15,21.07,51.96,2.17,24.37
kisumu,-0.1,34.76,2015,3,23.6,20.24,25.67,5.43,76.17,17,15.22,49.06,2.98,24.22
kisumu,-0.1,34.76,2015,4,20.23,18.33,22.23,3.9,406.16,30,74.99,78.84,1.21,20.29
kisumu,-0.1,34.76,2015,5,20.13,18.7,21.6,2.9,413.87,31,47.59,79.69,1.11,20.69
kisumu,-0.1,34.76,2015,6,19.43,18.2,20.59,2.39,172.89,30,27.52,80.04,1.26,18.65
kisumu,-0.1,34.76,2015,7,19.75,18.31,20.97,2.66,90.23,25,14.77,75.05,1.33,21.0
kisumu,-0.1,34.76,2015,8,20.28,18.97,21.27,2.3,90.57,30,12.86,71.94,1.23,23.04
kisumu,-0.1,34.76,2015,9,20.84,18.04,22.4,4.36,132.55,30,20.08,70.42,1.14,22.76
kisumu,-0.1,34.76,2015,10,21.18,19.63,22.16,2.53,258.53,29,39.27,73.97,1.22,21.39
kisumu,-0.1,34.76,2015,11,19.86,18.43,20.99,2.56,565.82,30,78.35,82.31,1.3,19.57
kisumu,-0.1,34.76,2015,12,19.97,17.75,20.93,3.18,209.43,29,47.25,78.35,1.87,20.36
kisumu,-0.1,34.76,2016,1,20.61,19.16,21.77,2.61,97.08,30,22.11,74.93,1.87,20.21
kisumu,-0.1,34.76,2016,2,21.39,20.18,22.94,2.76,17.89,14,4.97,64.47,2.51,24.66
kisumu,-0.1,34.76,2016,3,22.58,19.75,24.13,4.38,92.9,21,24.1,65.82,2.24,24.55
kisumu,-0.1,34.76,2016,4,21.12,18.8,22.58,3.78,417.49,30,49.19,78.61,1.26,19.86
kisumu,-0.1,34.76,2016,5,19.98,18.54,21.28,2.74,256.34,31,30.3,81.46,1.16,20.6
kisumu,-0.1,34.76,2016,6,19.56,16.9,21.07,4.17,103.39,29,14.95,76.28,1.13,20.4
kisumu,-0.1,34.76,2016,7,19.18,18.08,20.03,1.95,153.56,31,19.37,77.44,1.2,19.18
kisumu,-0.1,34.76,2016,8,19.73,18.01,21.02,3.01,96.27,30,21.03,71.88,1.3,21.8
kisumu,-0.1,34.76,2016,9,20.4,19.16,21.5,2.34,178.34,30,18.91,72.92,1.19,23.85
kisumu,-0.1,34.76,2016,10,20.95,19.12,21.94,2.82,92.18,31,27.37,70.73,1.34,23.37
kisumu,-0.1,34.76,2016,11,20.43,19.21,21.7,2.49,160.31,29,17.7,73.71,2.0,21.77
kisumu,-0.1,34.76,2016,12,20.48,19.42,21.5,2.08,17.68,22,3.27,68.09,3.22,23.27
kisumu,-0.1,34.76,2017,1,21.24,19.82,22.66,2.84,49.69,11,30.29,55.11,3.35,24.22
kisumu,-0.1,34.76,2017,2,22.01,21.06,23.25,2.19,105.53,21,20.83,61.38,2.64,24.09
kisumu,-0.1,34.76,2017,3,22.4,19.99,23.74,3.75,146.05,28,38.52,64.21,1.81,25.08
kisumu,-0.1,34.76,2017,4,21.71,18.68,23.46,4.78,218.34,26,34.41,69.92,1.67,22.7
kisumu,-0.1,34.76,2017,5,20.49,19.01,21.62,2.61,402.07,31,58.76,76.9,1.15,21.47
kisumu,-0.1,34.76,2017,6,20.1,18.1,21.25,3.15,119.86,30,16.18,76.21,1.06,21.4
kisumu,-0.1,34.76,2017,7,19.16,18.18,19.88,1.7,195.25,31,21.72,77.63,1.26,19.47
kisumu,-0.1,34.76,2017,8,19.76,18.27,21.49,3.22,185.08,31,14.66,75.78,1.2,20.7
kisumu,-0.1,34.76,2017,9,19.92,17.99,21.19,3.2,309.59,30,35.23,77.37,1.19,21.69
kisumu,-0.1,34.76,2017,10,20.48,18.76,21.47,2.71,250.65,28,50.75,75.92,1.55,22.94
kisumu,-0.1,34.76,2017,11,19.93,18.18,21.15,2.97,363.23,29,62.39,77.95,2.04,21.68
kisumu,-0.1,34.76,2017,12,19.93,18.7,20.95,2.25,36.02,20,16.38,71.21,2.92,23.44
kisumu,-0.1,34.76,2018,1,20.15,18.67,21.62,2.95,20.44,17,3.77,64.73,1.75,21.85
kisumu,-0.1,34.76,2018,2,21.7,20.21,23.23,3.02,46.97,14,26.55,60.35,2.98,24.14
kisumu,-0.1,34.76,2018,3,20.15,18.0,22.16,4.16,325.55,31,49.63,78.23,1.66,19.37
kisumu,-0.1,34.76,2018,4,19.16,17.25,21.51,4.26,512.16,30,47.04,83.7,1.33,18.02
kisumu,-0.1,34.76,2018,5,19.65,18.08,21.06,2.98,527.71,31,49.99,82.29,1.13,19.99
kisumu,-0.1,34.76,2018,6,18.99,17.6,20.0,2.4,283.06,30,26.97,82.23,1.26,19.37
kisumu,-0.1,34.76,2018,7,18.61,17.74,19.45,1.71,182.78,31,20.51,79.84,1.35,20.56
kisumu,-0.1,34.76,2018,8,19.04,17.31,20.4,3.09,193.89,31,21.06,77.23,1.11,20.63
kisumu,-0.1,34.76,2018,9,20.36,18.37,21.3,2.93,123.2,30,38.29,70.42,1.16,23.71
kisumu,-0.1,34.76,2018,10,20.39,18.84,21.66,2.82,168.89,29,20.54,74.84,1.43,22.42
kisumu,-0.1,34.76,2018,11,20.78,19.39,21.53,2.14,154.12,29,20.21,75.53,2.13,23.39
kisumu,-0.1,34.76,2018,12,20.23,16.62,21.43,4.81,179.49,27,42.43,74.4,2.15,21.32
kisumu,-0.1,34.76,2019,1,20.86,19.68,22.27,2.59,25.21,18,5.45,66.05,2.73,23.45
kisumu,-0.1,34.76,2019,2,22.2,21.05,23.3,2.25,21.68,10,6.28,59.72,2.83,24.43
kisumu,-0.1,34.76,2019,3,22.79,20.94,24.3,3.36,83.02,17,25.01,59.42,1.99,25.26
kisumu,-0.1,34.76,2019,4,22.76,19.62,24.18,4.56,180.11,29,43.72,66.87,1.65,23.08
kisumu,-0.1,34.76,2019,5,20.92,18.71,22.62,3.91,327.71,31,39.68,76.55,1.07,21.32
kisumu,-0.1,34.76,2019,6,19.23,18.64,20.3,1.66,290.17,30,23.39,83.22,1.37,17.21
kisumu,-0.1,34.76,2019,7,19.24,18.13,20.49,2.36,183.64,31,21.68,78.03,1.22,19.68
kisumu,-0.1,34.76,2019,8,19.53,18.16,20.59,2.43,272.91,30,28.39,77.46,1.23,20.88
kisumu,-0.1,34.76,2019,9,20.2,18.41,22.03,3.62,221.09,29,23.18,75.85,1.05,23.03
kisumu,-0.1,34.76,2019,10,20.23,18.78,21.4,2.62,554.8,31,54.09,79.21,1.26,21.35
kisumu,-0.1,34.76,2019,11,20.13,18.92,20.97,2.05,398.91,30,45.35,81.77,1.39,21.05
kisumu,-0.1,34.76,2019,12,19.58,17.99,20.31,2.32,391.46,29,48.38,81.91,1.52,19.01
kisumu,-0.1,34.76,2020,1,20.23,18.47,21.45,2.98,251.6,28,46.34,76.51,2.03,20.95
kisumu,-0.1,34.76,2020,2,20.73,17.72,22.05,4.33,122.58,24,33.04,73.93,2.37,23.56
kisumu,-0.1,34.76,2020,3,21.02,18.09,22.24,4.15,349.51,31,42.47,78.1,1.29,22.04
kisumu,-0.1,34.76,2020,4,20.37,18.33,22.09,3.76,389.12,30,55.64,80.3,1.46,20.93
kisumu,-0.1,34.76,2020,5,20.17,18.63,20.99,2.36,459.58,31,57.71,81.71,1.19,21.92
kisumu,-0.1,34.76,2020,6,19.17,18.06,20.7,2.64,339.0,30,35.88,82.05,1.29,19.09
kisumu,-0.1,34.76,2020,7,18.71,16.64,20.13,3.49,176.0,31,24.44,80.28,1.3,18.18
kisumu,-0.1,34.76,2020,8,19.22,17.67,20.18,2.51,284.04,31,29.08,79.5,1.34,20.53
kisumu,-0.1,34.76,2020,9,19.96,18.09,21.28,3.19,294.11,30,50.44,75.67,1.17,22.65
kisumu,-0.1,34.76,2020,10,20.13,19.05,21.01,1.96,316.86,31,40.66,78.16,1.12,22.35
kisumu,-0.1,34.76,2020,11,20.32,19.73,21.09,1.36,336.97,30,65.4,78.16,1.76,22.12
kisumu,-0.1,34.76,2020,12,19.93,18.68,20.8,2.12,80.47,26,22.65,70.76,2.42,22.73
kisumu,-0.1,34.76,2021,1,19.9,18.91,20.83,1.92,79.83,23,22.2,70.38,2.54,21.44
kisumu,-0.1,34.76,2021,2,20.72,18.67,21.94,3.27,56.09,23,8.29,67.99,1.9,21.21
kisumu,-0.1,34.76,2021,3,21.57,20.34,22.34,2.0,83.62,22,22.64,63.35,2.58,24.0
kisumu,-0.1,34.76,2021,4,20.8,18.91,22.05,3.14,359.5,30,45.14,76.63,1.25,21.57
kisumu,-0.1,34.76,2021,5,20.05,17.89,21.24,3.35,361.71,31,52.14,80.42,1.15,20.53
kisumu,-0.1,34.76,2021,6,19.65,18.28,20.41,2.13,63.5,24,9.76,76.23,1.16,20.76
kisumu,-0.1,34.76,2021,7,18.95,17.68,19.75,2.07,130.97,31,15.33,77.44,1.41,19.53
kisumu,-0.1,34.76,2021,8,19.82,17.47,21.62,4.15,165.14,31,17.99,74.41,1.3,21.62
kisumu,-0.1,34.76,2021,9,20.11,18.32,21.56,3.24,249.37,30,30.99,76.06,1.15,21.21
kisumu,-0.1,34.76,2021,10,20.8,19.57,21.78,2.21,162.38,31,16.01,74.87,1.54,22.39
kisumu,-0.1,34.76,2021,11,21.04,20.46,21.59,1.13,166.52,29,23.24,71.92,1.78,22.07
kisumu,-0.1,34.76,2021,12,20.38,19.39,21.07,1.68,166.35,31,18.3,75.31,2.59,20.46
kisumu,-0.1,34.76,2022,1,19.77,16.93,21.13,4.2,84.5,20,31.25,68.58,2.41,21.9
kisumu,-0.1,34.76,2022,2,20.89,19.01,21.83,2.82,62.86,26,10.15,70.71,1.54,21.88
kisumu,-0.1,34.76,2022,3,22.1,20.74,23.45,2.71,103.71,26,26.42,60.98,2.13,24.78
kisumu,-0.1,34.76,2022,4,21.36,19.42,22.92,3.5,255.15,28,39.77,71.23,1.64,20.98
kisumu,-0.1,34.76,2022,5,20.39,17.75,21.71,3.96,296.76,31,50.85,78.52,1.03,20.37
kisumu,-0.1,34.76,2022,6,19.35,17.53,20.64,3.11,137.66,28,19.97,76.33,1.17,20.3
kisumu,-0.1,34.76,2022,7,19.24,18.19,19.91,1.72,209.18,30,47.08,75.63,1.29,19.77
kisumu,-0.1,34.76,2022,8,19.11,17.98,20.43,2.45,284.95,31,41.18,79.27,1.32,19.2
kisumu,-0.1,34.76,2022,9,19.92,18.14,21.27,3.13,290.32,29,46.61,76.27,1.16,21.76
kisumu,-0.1,34.76,2022,10,20.54,19.06,21.76,2.7,143.78,28,39.71,72.59,1.18,21.78
kisumu,-0.1,34.76,2022,11,20.19,18.84,21.1,2.26,179.33,30,22.38,75.4,1.77,18.16
kisumu,-0.1,34.76,2022,12,20.13,18.8,20.78,1.98,145.73,29,22.62,73.2,2.21,19.49
kisumu,-0.1,34.76,2023,1,19.96,18.8,20.73,1.93,16.81,14,3.48,64.03,2.93,24.27
kisumu,-0.1,34.76,2023,2,21.84,20.27,22.82,2.55,27.41,14,5.46,56.64,2.52,24.55
kisumu,-0.1,34.76,2023,3,20.89,18.14,22.92,4.78,459.51,28,75.9,73.2,1.7,20.25
kisumu,-0.1,34.76,2023,4,20.64,18.41,22.38,3.97,478.42,30,53.39,78.82,1.45,20.38
kisumu,-0.1,34.76,2023,5,20.65,18.22,21.71,3.49,303.8,30,75.34,77.55,1.13,22.47
kisumu,-0.1,34.76,2023,6,20.03,18.18,21.43,3.25,213.08,30,30.65,78.9,1.08,18.81
kisumu,-0.1,34.76,2023,7,19.69,18.52,20.84,2.32,130.74,31,15.77,75.63,1.19,20.11
kisumu,-0.1,34.76,2023,8,20.54,18.4,21.82,3.42,153.35,27,26.54,71.71,1.21,21.11
kisumu,-0.1,34.76,2023,9,20.78,19.29,21.6,2.31,297.37,30,37.41,75.99,1.11,21.81
kisumu,-0.1,34.76,2023,10,21.34,20.3,22.02,1.72,301.47,30,46.65,74.47,1.34,21.71
kisumu,-0.1,34.76,2023,11,20.24,19.45,21.62,2.17,683.14,30,81.55,80.55,1.87,18.93
kisumu,-0.1,34.76,2023,12,20.61,19.42,21.72,2.3,110.13,30,32.44,76.32,2.0,21.1
kisumu,-0.1,34.76,2024,1,20.37,19.4,21.4,2.0,156.63,31,24.83,76.22,1.46,18.98
kisumu,-0.1,34.76,2024,2,21.5,20.6,22.46,1.86,130.48,26,23.43,71.42,2.24,22.31
kisumu,-0.1,34.76,2024,3,22.15,21.21,23.11,1.9,116.63,23,20.42,69.33,2.39,23.75
kisumu,-0.1,34.76,2024,4,20.85,18.02,22.09,4.07,562.36,30,52.06,81.03,1.18,19.71
kisumu,-0.1,34.76,2024,5,20.91,19.35,22.06,2.71,444.16,31,48.2,80.4,1.05,20.24
kisumu,-0.1,34.76,2024,6,20.04,19.07,21.46,2.39,205.17,30,27.7,78.79,1.09,19.96
kisumu,-0.1,34.76,2024,7,19.45,18.04,20.36,2.32,218.08,30,33.13,80.21,1.17,17.1
kisumu,-0.1,34.76,2024,8,19.82,18.51,21.39,2.88,211.86,30,21.8,76.97,1.23,20.03
kisumu,-0.1,34.76,2024,9,20.76,19.09,21.73,2.64,229.69,30,40.54,72.79,1.22,21.51
kisumu,-0.1,34.76,2024,10,20.85,19.53,22.07,2.54,183.13,30,20.62,74.21,1.08,21.55
kisumu,-0.1,34.76,2024,11,20.34,18.31,21.78,3.47,377.23,30,44.67,78.56,1.53,19.07
kisumu,-0.1,34.76,2024,12,20.09,18.71,21.55,2.84,207.57,27,40.06,75.11,2.28,20.87
machakos,-1.52,37.26,2010,1,21.23,19.36,22.62,3.26,40.47,22,6.06,68.64,1.41,22.83
machakos,-1.52,37.26,2010,2,22.28,21.04,23.2,2.16,55.01,27,6.4,67.87,1.46,22.13
machakos,-1.52,37.26,2010,3,22.31,20.83,23.86,3.03,98.53,31,14.48,72.59,1.59,21.71
machakos,-1.52,37.26,2010,4,21.89,20.19,22.92,2.73,98.31,30,10.06,76.15,1.55,21.24
machakos,-1.52,37.26,2010,5,20.82,19.32,21.72,2.4,83.27,29,12.5,75.73,1.36,18.68
machakos,-1.52,37.26,2010,6,20.03,18.87,21.43,2.56,14.52,24,2.17,70.38,1.37,15.42
machakos,-1.52,37.26,2010,7,19.4,18.13,20.37,2.24,13.84,20,3.19,65.7,1.59,15.85
machakos,-1.52,37.26,2010,8,19.79,18.61,21.14,2.53,19.9,21,2.79,63.61,1.94,15.79
machakos,-1.52,37.26,2010,9,20.72,19.38,22.07,2.69,20.32,25,3.1,61.31,2.17,19.41
machakos,-1.52,37.26,2010,10,22.0,20.53,23.47,2.94,33.84,25,4.75,61.23,1.96,22.3
machakos,-1.52,37.26,2010,11,21.49,20.21,22.4,2.19,73.64,30,7.36,73.29,1.84,19.53
machakos,-1.52,37.26,2010,12,21.49,20.55,23.15,2.6,54.68,22,11.15,67.12,1.48,22.81
machakos,-1.52,37.26,2011,1,22.02,20.44,24.3,3.86,16.05,18,2.34,57.8,1.56,24.4
machakos,-1.52,37.26,2011,2,22.74,21.48,25.06,3.58,36.0,12,11.98,54.23,1.43,25.59
machakos,-1.52,37.26,2011,3,22.97,21.82,24.13,2.31,53.32,23,9.91,61.65,1.53,24.66
machakos,-1.52,37.26,2011,4,22.28,21.3,23.06,1.76,62.43,30,11.23,69.91,1.64,22.41
machakos,-1.52,37.26,2011,5,21.45,20.24,22.57,2.33,41.31,29,5.96,70.66,1.56,18.63
machakos,-1.52,37.26,2011,6,20.58,19.28,21.91,2.63,33.32,29,5.6,67.97,1.27,16.11
machakos,-1.52,37.26,2011,7,20.09,18.07,21.11,3.04,16.54,23,2.01,62.82,1.41,17.64
machakos,-1.52,37.26,2011,8,19.74,17.78,21.08,3.3,35.71,22,10.9,66.76,1.83,15.23
machakos,-1.52,37.26,2011,9,21.23,19.44,23.05,3.61,18.53,27,1.99,62.74,2.2,18.91
machakos,-1.52,37.26,2011,10,21.3,19.68,23.41,3.73,131.5,31,19.31,71.0,1.95,20.12
machakos,-1.52,37.26,2011,11,20.82,19.47,22.01,2.54,159.79,30,16.84,78.47,1.31,19.93
machakos,-1.52,37.26,2011,12,20.63,19.09,22.12,3.03,30.18,31,4.28,75.14,1.42,21.71
machakos,-1.52,37.26,2012,1,21.53,19.01,22.46,3.45,5.62,9,1.63,56.89,1.58,25.44
machakos,-1.52,37.26,2012,2,23.02,21.16,24.3,3.14,11.5,12,3.33,52.97,1.78,25.13
machakos,-1.52,37.26,2012,3,23.52,21.25,25.12,3.87,10.86,11,2.23,53.99,1.65,25.36
machakos,-1.52,37.26,2012,4,21.48,19.23,23.39,4.16,186.77,30,35.39,73.83,1.24,20.21
machakos,-1.52,37.26,2012,5,19.95,18.42,21.04,2.62,105.65,31,18.71,79.79,1.21,19.86
machakos,-1.52,37.26,2012,6,19.28,17.86,20.59,2.73,27.99,27,3.19,73.34,1.14,15.65
machakos,-1.52,37.26,2012,7,19.25,17.97,20.43,2.46,15.45,29,2.6,68.57,1.27,14.11
machakos,-1.52,37.26,2012,8,19.91,18.39,21.02,2.63,27.62,25,4.4,65.12,1.82,18.69
machakos,-1.52,37.26,2012,9,21.33,19.3,22.72,3.42,11.56,24,2.02,58.59,2.2,22.08
machakos,-1.52,37.26,2012,10,21.85,20.71,23.48,2.77,73.98,27,13.53,64.63,2.02,23.03
machakos,-1.52,37.26,2012,11,21.67,19.94,22.67,2.73,108.81,29,17.8,73.44,1.58,21.26
machakos,-1.52,37.26,2012,12,21.02,19.8,22.1,2.3,113.5,31,14.78,77.34,1.43,20.78
machakos,-1.52,37.26,2013,1,21.71,20.19,22.86,2.67,35.44,19,7.47,69.48,1.39,23.21
machakos,-1.52,37.26,2013,2,23.0,21.47,24.45,2.98,4.43,6,2.32,58.85,1.59,24.9
machakos,-1.52,37.26,2013,3,23.09,21.42,25.14,3.72,85.25,28,18.17,67.37,1.73,22.0
machakos,-1.52,37.26,2013,4,21.13,19.53,22.99,3.46,166.52,30,29.17,80.32,1.14,20.3
machakos,-1.52,37.26,2013,5,20.04,18.49,21.41,2.92,31.7,30,5.13,74.53,1.39,20.0
machakos,-1.52,37.26,2013,6,19.32,17.09,20.39,3.3,17.4,26,3.4,71.13,1.33,14.42
machakos,-1.52,37.26,2013,7,19.51,18.04,21.7,3.66,21.71,23,5.32,65.93,1.5,15.8
machakos,-1.52,37.26,2013,8,19.48,17.91,21.11,3.2,20.05,25,1.9,66.38,2.03,15.67
machakos,-1.52,37.26,2013,9,21.28,18.96,23.33,4.37,25.51,24,3.86,61.39,2.08,21.03
machakos,-1.52,37.26,2013,10,22.16,21.3,23.47,2.17,17.05,27,1.56,59.61,2.11,23.59
machakos,-1.52,37.26,2013,11,21.49,20.12,23.42,3.3,93.73,30,12.53,72.77,1.68,20.26
machakos,-1.52,37.26,2013,12,20.63,19.6,21.59,1.99,132.97,31,15.84,78.08,1.32,19.37
machakos,-1.52,37.26,2014,1,21.94,20.02,23.12,3.1,5.63,12,1.03,62.25,1.5,24.53
machakos,-1.52,37.26,2014,2,22.21,19.53,24.31,4.78,58.83,17,9.48,66.91,1.23,22.58
machakos,-1.52,37.26,2014,3,22.22,20.4,23.6,3.2,74.64,27,14.36,69.7,1.5,22.81
machakos,-1.52,37.26,2014,4,22.06,20.32,23.26,2.94,65.88,28,7.41,71.83,1.56,22.28
machakos,-1.52,37.26,2014,5,20.93,19.59,21.96,2.37,43.66,31,5.14,72.74,1.51,18.57
machakos,-1.52,37.26,2014,6,20.05,18.5,21.75,3.25,23.8,25,3.96,70.88,1.48,15.72
machakos,-1.52,37.26,2014,7,19.92,18.66,21.51,2.85,13.0,19,2.04,65.37,1.63,15.2
machakos,-1.52,37.26,2014,8,19.95,18.59,21.72,3.13,36.46,28,8.27,66.16,1.99,18.17
machakos,-1.52,37.26,2014,9,20.73,18.32,22.59,4.27,18.46,21,2.94,63.05,2.24,19.42
machakos,-1.52,37.26,2014,10,21.95,21.06,23.44,2.38,51.02,29,4.71,65.43,2.0,21.59
machakos,-1.52,37.26,2014,11,21.55,20.02,22.44,2.42,99.77,29,12.5,74.31,1.67,20.97
machakos,-1.52,37.26,2014,12,21.39,19.68,22.77,3.09,67.49,29,18.87,72.16,1.6,21.46
machakos,-1.52,37.26,2015,1,22.09,20.26,23.86,3.6,3.45,4,1.43,51.65,1.55,25.33
machakos,-1.52,37.26,2015,2,23.33,21.37,24.88,3.51,40.08,12,18.8,56.77,1.51,25.48
machakos,-1.52,37.26,2015,3,22.86,21.07,23.91,2.84,38.56,17,9.25,58.77,1.89,24.12
machakos,-1.52,37.26,2015,4,22.41,20.23,23.57,3.34,108.84,30,15.24,71.36,1.35,21.18
machakos,-1.52,37.26,2015,5,20.97,19.62,21.84,2.22,50.25,30,9.06,73.21,1.42,18.97
machakos,-1.52,37.26,2015,6,20.15,19.01,20.93,1.92,20.38,18,6.62,71.04,1.16,16.92
machakos,-1.52,37.26,2015,7,19.7,18.59,21.27,2.68,18.98,25,2.73,68.64,1.75,16.21
machakos,-1.52,37.26,2015,8,20.16,18.0,21.24,3.24,14.04,23,2.44,65.18,2.23,17.71
machakos,-1.52,37.26,2015,9,21.67,20.47,23.73,3.26,4.13,13,0.63,57.53,2.39,23.23
machakos,-1.52,37.26,2015,10,22.52,21.46,23.82,2.36,45.5,30,5.22,63.6,2.15,21.17
machakos,-1.52,37.26,2015,11,21.84,20.35,22.89,2.54,144.44,30,13.83,76.21,1.68,20.0
machakos,-1.52,37.26,2015,12,21.2,19.77,23.05,3.28,115.57,28,44.56,77.95,1.3,21.76
machakos,-1.52,37.26,2016,1,21.84,20.85,23.12,2.27,70.82,21,10.3,73.13,1.29,21.32
machakos,-1.52,37.26,2016,2,22.61,21.16,24.34,3.18,26.9,9,7.64,62.83,1.48,23.92
machakos,-1.52,37.26,2016,3,24.45,21.28,26.15,4.87,25.43,24,4.54,60.28,1.69,24.95
machakos,-1.52,37.26,2016,4,22.45,20.02,23.68,3.66,114.49,30,17.64,73.18,1.5,19.31
machakos,-1.52,37.26,2016,5,20.73,19.86,22.45,2.59,44.42,24,7.4,71.28,1.27,16.75
machakos,-1.52,37.26,2016,6,19.67,17.76,21.13,3.37,25.25,20,6.41,69.83,1.34,15.03
machakos,-1.52,37.26,2016,7,19.68,16.97,21.45,4.48,4.18,16,0.65,62.65,1.46,16.02
machakos,-1.52,37.26,2016,8,19.87,18.87,21.49,2.62,12.26,22,1.98,63.17,2.14,17.95
machakos,-1.52,37.26,2016,9,20.61,18.36,22.13,3.77,10.06,21,1.53,61.66,2.34,19.48
machakos,-1.52,37.26,2016,10,22.21,20.97,23.77,2.8,14.69,20,2.96,57.61,2.05,23.75
machakos,-1.52,37.26,2016,11,21.35,20.03,23.51,3.48,146.56,30,14.81,73.54,1.7,19.43
machakos,-1.52,37.26,2016,12,21.52,20.78,22.53,1.75,36.62,25,11.64,70.81,1.66,22.02
machakos,-1.52,37.26,2017,1,22.32,20.27,24.41,4.14,7.23,13,2.89,55.11,1.62,25.39
machakos,-1.52,37.26,2017,2,23.04,21.61,23.77,2.16,22.44,18,6.73,59.57,1.77,23.6
machakos,-1.52,37.26,2017,3,24.3,23.19,25.34,2.15,17.32,21,2.39,56.5,1.79,24.99
machakos,-1.52,37.26,2017,4,22.55,21.05,23.94,2.89,72.74,26,12.39,67.84,1.79,21.92
machakos,-1.52,37.26,2017,5,20.52,19.39,21.65,2.26,111.84,31,47.0,76.16,1.51,19.48
machakos,-1.52,37.26,2017,6,20.09,19.24,21.37,2.13,13.36,26,2.65,71.17,1.55,17.18
machakos,-1.52,37.26,2017,7,20.0,18.8,20.97,2.17,18.36,25,2.02,66.38,1.55,16.64
machakos,-1.52,37.26,2017,8,20.33,18.88,21.4,2.52,16.83,27,1.74,64.53,2.08,17.99
machakos,-1.52,37.26,2017,9,21.02,18.86,22.41,3.55,23.47,23,3.91,62.7,2.14,20.39
machakos,-1.52,37.26,2017,10,22.32,21.21,23.97,2.76,54.12,23,8.29,63.14,1.96,22.98
machakos,-1.52,37.26,2017,11,21.16,20.26,21.83,1.57,108.22,30,15.0,76.39,1.75,19.67
machakos,-1.52,37.26,2017,12,21.61,20.25,23.19,2.94,29.62,14,4.85,66.04,1.67,22.94
machakos,-1.52,37.26,2018,1,22.82,21.11,24.43,3.32,6.44,8,2.35,52.14,1.35,23.58
machakos,-1.52,37.26,2018,2,23.4,21.61,25.04,3.43,6.26,10,2.22,54.45,1.8,24.95
machakos,-1.52,37.26,2018,3,21.3,20.03,23.71,3.68,213.12,28,32.28,77.59,1.18,19.27
machakos,-1.52,37.26,2018,4,20.37,18.92,21.41,2.49,251.93,30,51.65,82.49,1.21,19.06
machakos,-1.52,37.26,2018,5,19.14,17.7,20.28,2.58,91.14,28,17.12,84.17,1.24,19.59
machakos,-1.52,37.26,2018,6,18.26,17.18,20.03,2.85,22.96,25,3.15,81.05,1.19,14.6
machakos,-1.52,37.26,2018,7,18.14,17.28,19.6,2.32,20.69,26,2.76,74.56,1.66,14.18
machakos,-1.52,37.26,2018,8,19.02,17.82,20.22,2.4,14.19,28,2.27,68.98,1.98,16.24
machakos,-1.52,37.26,2018,9,20.99,19.45,22.14,2.69,13.29,24,1.58,62.96,2.49,22.36
machakos,-1.52,37.26,2018,10,21.64,20.02,23.03,3.01,41.28,26,7.26,65.76,2.26,20.89
machakos,-1.52,37.26,2018,11,22.09,21.14,23.18,2.04,58.3,27,9.0,69.84,1.87,21.23
machakos,-1.52,37.26,2018,12,21.53,20.0,22.47,2.47,94.56,26,13.52,74.24,1.46,21.17
machakos,-1.52,37.26,2019,1,22.17,20.53,23.67,3.14,24.44,14,10.57,65.17,1.57,23.51
machakos,-1.52,37.26,2019,2,23.62,22.79,25.29,2.5,6.39,14,1.21,57.4,1.87,24.73
machakos,-1.52,37.26,2019,3,24.66,23.26,25.98,2.72,8.11,16,1.07,51.78,1.71,26.18
machakos,-1.52,37.26,2019,4,23.95,22.47,25.0,2.53,37.52,24,13.67,64.13,1.73,22.39
machakos,-1.52,37.26,2019,5,21.44,19.98,23.61,3.63,56.06,30,13.59,71.43,1.66,18.63
machakos,-1.52,37.26,2019,6,20.11,18.91,21.41,2.5,46.46,28,8.05,71.53,1.12,14.52
machakos,-1.52,37.26,2019,7,20.36,19.21,21.44,2.23,16.26,26,3.55,64.75,1.58,17.49
machakos,-1.52,37.26,2019,8,20.74,19.3,21.81,2.51,13.51,27,1.73,63.49,2.09,17.8
machakos,-1.52,37.26,2019,9,21.69,19.92,23.15,3.23,14.91,23,3.27,61.0,2.3,21.0
machakos,-1.52,37.26,2019,10,21.06,20.33,22.5,2.17,204.32,31,28.94,74.85,2.02,20.5
machakos,-1.52,37.26,2019,11,20.81,19.71,21.9,2.19,133.85,30,15.05,80.86,1.51,21.49
machakos,-1.52,37.26,2019,12,20.61,19.82,21.73,1.91,152.44,30,24.13,84.56,1.25,20.06
machakos,-1.52,37.26,2020,1,20.93,19.83,22.33,2.5,87.75,25,11.15,80.13,1.31,20.38
machakos,-1.52,37.26,2020,2,22.02,19.99,23.77,3.78,37.76,25,11.94,74.21,1.42,23.29
machakos,-1.52,37.26,2020,3,22.54,20.71,23.86,3.15,95.98,29,10.71,75.52,1.34,21.92
machakos,-1.52,37.26,2020,4,21.37,19.33,23.36,4.03,205.35,29,27.3,79.77,1.38,20.09
machakos,-1.52,37.26,2020,5,19.93,18.66,21.09,2.43,35.85,30,5.49,79.71,1.25,20.01
machakos,-1.52,37.26,2020,6,19.58,18.52,20.92,2.4,38.28,25,6.7,73.35,1.26,17.41
machakos,-1.52,37.26,2020,7,19.33,17.73,20.46,2.73,13.11,26,2.06,68.61,1.56,15.74
machakos,-1.52,37.26,2020,8,20.3,18.7,21.42,2.72,16.69,27,2.19,65.2,2.01,17.87
machakos,-1.52,37.26,2020,9,20.93,18.33,22.65,4.32,36.83,27,6.15,64.05,2.14,19.41
machakos,-1.52,37.26,2020,10,22.12,20.29,23.35,3.06,79.3,25,25.81,62.08,1.99,21.69
machakos,-1.52,37.26,2020,11,21.32,20.58,22.38,1.8,135.54,30,15.52,76.86,1.72,20.38
machakos,-1.52,37.26,2020,12,21.15,19.03,22.34,3.31,61.94,22,14.19,72.77,1.44,22.52
machakos,-1.52,37.26,2021,1,21.5,18.49,22.64,4.15,21.5,19,3.76,66.1,1.52,22.88
machakos,-1.52,37.26,2021,2,22.31,20.42,24.01,3.59,44.89,12,17.24,62.42,1.36,22.24
machakos,-1.52,37.26,2021,3,23.0,21.81,24.19,2.38,32.6,20,8.11,60.6,1.78,24.66
machakos,-1.52,37.26,2021,4,22.23,21.1,23.03,1.93,86.55,30,18.58,71.41,1.55,20.82
machakos,-1.52,37.26,2021,5,20.23,17.86,23.25,5.39,85.56,31,16.05,75.61,1.21,17.83
machakos,-1.52,37.26,2021,6,19.31,17.87,20.82,2.95,7.74,17,1.42,72.23,1.47,14.89
machakos,-1.52,37.26,2021,7,18.79,17.42,19.99,2.57,21.5,28,2.81,68.72,1.68,13.68
machakos,-1.52,37.26,2021,8,19.9,17.84,22.72,4.88,15.38,25,2.31,63.79,1.93,18.09
machakos,-1.52,37.26,2021,9,21.2,19.84,23.06,3.22,7.66,24,0.69,61.54,2.48,18.83
machakos,-1.52,37.26,2021,10,22.36,20.96,23.22,2.26,28.55,25,9.0,60.21,2.03,21.97
machakos,-1.52,37.26,2021,11,22.46,20.82,23.52,2.7,54.04,27,9.46,66.41,1.71,21.83
machakos,-1.52,37.26,2021,12,20.82,19.84,21.87,2.03,137.46,30,25.61,78.54,1.77,18.93
machakos,-1.52,37.26,2022,1,21.42,19.56,23.29,3.73,27.86,17,12.1,67.09,1.41,24.07
machakos,-1.52,37.26,2022,2,22.77,20.3,24.08,3.78,30.85,19,8.36,62.52,1.37,23.51
machakos,-1.52,37.26,2022,3,23.75,22.01,25.11,3.1,28.78,20,11.86,56.36,1.71,25.51
machakos,-1.52,37.26,2022,4,22.58,20.91,23.6,2.69,69.3,24,18.1,66.87,1.6,20.51
machakos,-1.52,37.26,2022,5,21.4,19.52,22.73,3.21,26.49,28,3.45,69.26,1.51,19.33
machakos,-1.52,37.26,2022,6,19.95,18.47,21.38,2.91,11.63,25,1.12,65.81,1.6,15.68
machakos,-1.52,37.26,2022,7,18.9,17.54,19.93,2.39,30.3,29,5.31,68.76,1.88,14.27
machakos,-1.52,37.26,2022,8,19.24,17.57,21.74,4.17,22.04,27,2.82,66.44,2.07,14.78
machakos,-1.52,37.26,2022,9,19.94,18.27,21.02,2.75,47.09,24,9.56,67.73,2.22,18.82
machakos,-1.52,37.26,2022,10,21.59,20.29,23.38,3.09,18.52,18,11.71,59.14,2.09,23.33
machakos,-1.52,37.26,2022,11,21.31,19.64,22.34,2.7,97.12,30,22.28,72.74,1.77,18.19
machakos,-1.52,37.26,2022,12,21.56,20.76,22.51,1.75,42.49,28,5.99,70.59,1.56,20.47
machakos,-1.52,37.26,2023,1,21.53,19.84,22.82,2.98,27.58,17,5.97,62.92,1.63,23.98
machakos,-1.52,37.26,2023,2,23.55,22.58,24.36,1.78,6.2,6,3.9,52.06,1.68,25.78
machakos,-1.52,37.26,2023,3,23.13,20.64,24.78,4.14,46.66,24,10.43,61.25,1.65,22.81
machakos,-1.52,37.26,2023,4,20.98,19.18,23.06,3.88,198.6,30,32.92,79.95,1.51,19.17
machakos,-1.52,37.26,2023,5,20.61,19.39,21.91,2.52,39.07,30,8.78,76.72,1.44,19.22
machakos,-1.52,37.26,2023,6,19.77,17.86,21.24,3.38,38.87,27,9.59,74.78,1.4,15.71
machakos,-1.52,37.26,2023,7,19.57,17.95,21.41,3.46,14.53,30,1.05,70.77,1.78,14.97
machakos,-1.52,37.26,2023,8,20.24,18.66,21.67,3.01,19.74,30,2.09,67.66,2.25,17.87
machakos,-1.52,37.26,2023,9,22.2,20.71,23.25,2.54,14.19,29,1.29,62.73,2.37,20.3
machakos,-1.52,37.26,2023,10,22.46,20.83,23.78,2.95,82.09,29,15.39,65.21,2.12,22.25
machakos,-1.52,37.26,2023,11,20.56,19.24,21.97,2.73,246.12,30,29.58,83.57,1.6,18.46
machakos,-1.52,37.26,2023,12,21.0,19.61,22.05,2.44,43.77,26,7.13,80.98,1.48,21.41
machakos,-1.52,37.26,2024,1,21.28,19.75,22.42,2.67,64.98,28,13.7,76.3,1.17,20.86
machakos,-1.52,37.26,2024,2,23.05,21.57,25.09,3.52,26.45,21,7.69,69.18,1.49,23.69
machakos,-1.52,37.26,2024,3,23.42,22.1,25.09,2.99,72.3,30,13.32,70.57,1.72,23.33
machakos,-1.52,37.26,2024,4,21.29,19.69,22.71,3.02,186.23,30,46.09,81.18,1.11,19.87
machakos,-1.52,37.26,2024,5,20.93,19.55,21.94,2.39,64.18,27,11.32,78.86,1.0,19.02
machakos,-1.52,37.26,2024,6,20.11,18.64,21.71,3.07,16.74,21,3.31,69.36,1.2,17.81
machakos,-1.52,37.26,2024,7,20.01,19.02,21.11,2.09,27.34,28,3.37,69.86,1.31,14.87
machakos,-1.52,37.26,2024,8,20.82,19.65,22.02,2.37,14.31,29,2.19,64.04,2.06,15.4
machakos,-1.52,37.26,2024,9,21.98,20.46,23.35,2.89,10.38,27,0.84,59.58,2.33,21.46
machakos,-1.52,37.26,2024,10,23.04,21.68,24.51,2.83,11.01,18,1.86,58.65,2.03,22.48
machakos,-1.52,37.26,2024,11,22.34,21.03,24.25,3.22,167.22,29,24.89,73.79,1.64,19.95
machakos,-1.52,37.26,2024,12,21.71,20.81,22.98,2.17,53.84,23,14.28,73.62,1.45,21.72
mombasa,-4.04,39.67,2010,1,28.03,26.15,29.23,3.08,21.69,12,3.52,69.12,3.23,21.23
mombasa,-4.04,39.67,2010,2,28.71,27.44,29.75,2.31,17.57,17,3.74,66.73,2.82,22.47
mombasa,-4.04,39.67,2010,3,28.28,27.01,29.55,2.54,63.02,31,7.39,73.57,2.51,22.31
mombasa,-4.04,39.67,2010,4,27.11,25.94,28.21,2.27,187.85,30,32.16,81.1,2.76,19.88
mombasa,-4.04,39.67,2010,5,25.53,24.96,26.25,1.29,284.14,30,34.48,85.74,3.33,16.45
mombasa,-4.04,39.67,2010,6,24.5,22.84,25.18,2.34,75.69,29,14.28,80.56,4.08,16.55
mombasa,-4.04,39.67,2010,7,23.74,23.18,24.6,1.42,51.15,17,21.57,75.48,4.22,18.23
mombasa,-4.04,39.67,2010,8,24.24,23.25,24.85,1.6,11.02,18,1.68,71.53,4.4,18.34
mombasa,-4.04,39.67,2010,9,24.83,24.27,25.6,1.33,22.21,26,5.29,70.3,4.22,20.67
mombasa,-4.04,39.67,2010,10,26.37,25.12,27.48,2.36,12.21,24,1.55,69.36,3.27,22.98
mombasa,-4.04,39.67,2010,11,26.93,26.27,27.74,1.47,81.86,30,9.86,74.25,2.34,23.04
mombasa,-4.04,39.67,2010,12,27.71,25.62,28.68,3.06,40.37,20,11.1,69.95,2.64,22.71
mombasa,-4.04,39.67,2011,1,28.28,26.83,29.33,2.5,18.54,12,7.87,65.45,3.16,23.91
mombasa,-4.04,39.67,2011,2,28.05,25.75,29.41,3.66,44.35,10,16.41,67.55,2.63,23.15
mombasa,-4.04,39.67,2011,3,28.25,26.71,29.12,2.41,41.71,26,8.75,68.11,2.3,23.38
mombasa,-4.04,39.67,2011,4,26.79,25.22,27.97,2.75,70.4,30,5.21,78.4,2.59,20.59
mombasa,-4.04,39.67,2011,5,25.78,25.04,27.11,2.07,149.25,31,21.05,79.66,3.54,17.69
mombasa,-4.04,39.67,2011,6,25.31,24.86,25.78,0.92,41.67,20,8.45,72.65,4.04,17.43
mombasa,-4.04,39.67,2011,7,24.66,23.47,25.64,2.17,27.3,26,4.65,70.49,4.61,17.8
mombasa,-4.04,39.67,2011,8,24.89,23.82,25.95,2.13,18.99,18,6.42,69.05,4.54,18.94
mombasa,-4.04,39.67,2011,9,25.5,24.77,26.2,1.43,54.79,24,7.74,71.18,4.16,20.31
mombasa,-4.04,39.67,2011,10,25.62,24.41,27.03,2.62,180.06,30,24.65,78.42,2.92,20.51
mombasa,-4.04,39.67,2011,11,25.87,24.67,26.92,2.25,178.08,29,13.29,82.31,1.84,22.26
mombasa,-4.04,39.67,2011,12,27.16,26.02,28.55,2.53,59.24,29,5.0,76.44,2.59,22.21
mombasa,-4.04,39.67,2012,1,28.04,27.23,28.75,1.52,2.95,10,0.46,67.09,3.59,22.58
mombasa,-4.04,39.67,2012,2,28.31,27.2,29.12,1.92,6.42,9,2.38,65.24,3.06,23.0
mombasa,-4.04,39.67,2012,3,28.42,26.43,29.39,2.96,15.13,14,2.39,66.32,2.31,23.27
mombasa,-4.04,39.67,2012,4,26.88,24.28,29.46,5.18,124.94,30,17.98,75.37,3.15,18.93
mombasa,-4.04,39.67,2012,5,25.27,24.0,26.41,2.41,126.13,29,16.8,82.61,3.84,17.5
mombasa,-4.04,39.67,2012,6,24.68,23.52,25.98,2.46,50.15,24,9.69,75.17,4.07,17.49
mombasa,-4.04,39.67,2012,7,24.37,23.36,24.96,1.6,12.54,17,3.08,69.89,4.43,18.23
mombasa,-4.04,39.67,2012,8,24.61,23.48,25.53,2.05,48.8,28,15.08,72.16,3.94,19.81
mombasa,-4.04,39.67,2012,9,25.62,24.62,26.31,1.69,14.83,19,2.76,67.79,4.08,22.17
mombasa,-4.04,39.67,2012,10,26.34,24.55,27.64,3.09,59.19,18,17.03,71.0,3.26,22.48
mombasa,-4.04,39.67,2012,11,26.28,25.08,27.8,2.72,195.43,28,29.87,79.61,2.0,22.81
mombasa,-4.04,39.67,2012,12,27.38,25.31,28.72,3.41,83.43,31,7.95,74.98,2.06,23.28
mombasa,-4.04,39.67,2013,1,28.27,27.02,29.09,2.07,21.91,20,3.86,69.36,2.89,22.7
mombasa,-4.04,39.67,2013,2,28.57,27.61,29.21,1.6,1.0,2,0.32,64.61,3.07,22.96
mombasa,-4.04,39.67,2013,3,27.69,26.31,29.58,3.27,118.91,29,19.15,76.03,2.27,21.96
mombasa,-4.04,39.67,2013,4,26.04,24.66,27.28,2.62,137.54,30,17.56,85.01,2.94,18.48
mombasa,-4.04,39.67,2013,5,24.63,23.75,25.46,1.71,260.02,30,47.52,85.13,3.49,16.89
mombasa,-4.04,39.67,2013,6,23.92,23.23,24.74,1.51,28.84,22,5.24,77.71,3.92,16.55
mombasa,-4.04,39.67,2013,7,23.69,23.28,24.36,1.08,35.86,15,12.32,74.75,4.14,18.1
mombasa,-4.04,39.67,2013,8,24.06,22.95,25.05,2.1,27.01,27,6.51,73.62,3.97,18.19
mombasa,-4.04,39.67,2013,9,24.81,23.93,26.43,2.5,79.4,25,29.3,74.49,3.52,21.31
mombasa,-4.04,39.67,2013,10,25.92,24.95,27.22,2.27,56.23,17,10.66,72.82,3.26,23.11
mombasa,-4.04,39.67,2013,11,26.97,24.69,28.38,3.69,81.56,23,9.65,74.23,2.26,21.98
mombasa,-4.04,39.67,2013,12,26.97,25.95,28.06,2.11,97.73,26,11.44,76.11,2.43,22.23
mombasa,-4.04,39.67,2014,1,28.21,27.13,28.73,1.6,1.87,6,0.28,65.33,3.55,22.39
mombasa,-4.04,39.67,2014,2,27.54,25.31,29.07,3.76,37.11,19,11.49,70.79,2.52,20.98
mombasa,-4.04,39.67,2014,3,27.6,26.36,29.11,2.75,87.86,30,12.73,74.57,2.06,21.26
mombasa,-4.04,39.67,2014,4,27.27,26.34,28.25,1.91,80.1,30,7.64,76.28,2.43,21.27
mombasa,-4.04,39.67,2014,5,24.99,23.69,27.01,3.32,295.71,28,25.93,85.44,3.67,16.12
mombasa,-4.04,39.67,2014,6,24.23,22.56,25.35,2.79,149.49,25,34.99,81.16,3.79,16.34
mombasa,-4.04,39.67,2014,7,23.73,22.52,24.74,2.22,36.1,26,5.36,77.9,3.83,17.31
mombasa,-4.04,39.67,2014,8,24.44,23.63,25.61,1.98,33.28,26,5.03,74.8,3.61,19.03
mombasa,-4.04,39.67,2014,9,24.66,23.85,26.09,2.24,53.22,20,24.82,73.87,3.82,20.44
mombasa,-4.04,39.67,2014,10,25.8,24.6,26.7,2.1,121.4,25,29.54,76.5,3.06,22.12
mombasa,-4.04,39.67,2014,11,26.55,25.24,28.53,3.29,131.69,25,12.06,77.53,1.97,22.46
mombasa,-4.04,39.67,2014,12,27.19,25.54,28.61,3.07,96.47,28,26.33,76.18,2.54,22.38
mombasa,-4.04,39.67,2015,1,27.5,26.67,28.56,1.89,27.31,9,8.63,68.69,3.4,21.67
mombasa,-4.04,39.67,2015,2,28.67,27.92,30.0,2.08,5.32,8,0.97,65.08,3.08,23.37
mombasa,-4.04,39.67,2015,3,28.08,26.05,29.42,3.37,84.92,19,26.12,69.98,2.67,21.99
mombasa,-4.04,39.67,2015,4,26.99,25.48,28.11,2.63,106.27,30,18.85,78.18,2.77,20.78
mombasa,-4.04,39.67,2015,5,25.01,24.27,26.11,1.84,322.45,31,51.37,86.64,3.63,15.76
mombasa,-4.04,39.67,2015,6,24.02,23.28,24.68,1.4,57.02,18,26.78,80.67,3.64,17.96
mombasa,-4.04,39.67,2015,7,23.9,23.3,24.65,1.35,74.72,30,11.12,79.0,3.72,16.54
mombasa,-4.04,39.67,2015,8,24.32,23.43,25.04,1.61,27.77,25,3.79,74.31,3.9,18.88
mombasa,-4.04,39.67,2015,9,25.45,24.72,26.52,1.8,10.09,22,1.59,70.24,3.95,21.67
mombasa,-4.04,39.67,2015,10,26.56,25.77,28.45,2.68,97.11,30,14.67,74.43,3.17,22.34
mombasa,-4.04,39.67,2015,11,26.15,24.44,27.84,3.4,184.21,30,31.56,82.84,2.25,21.73
mombasa,-4.04,39.67,2015,12,27.84,26.44,29.21,2.77,48.78,23,11.46,74.52,2.44,23.55
mombasa,-4.04,39.67,2016,1,28.61,27.4,29.3,1.9,16.86,17,5.02,68.74,3.13,20.71
mombasa,-4.04,39.67,2016,2,28.83,26.77,29.63,2.86,7.93,13,3.84,65.93,3.13,21.84
mombasa,-4.04,39.67,2016,3,29.67,27.75,30.49,2.74,14.87,18,2.96,66.87,2.58,24.02
mombasa,-4.04,39.67,2016,4,27.27,25.35,29.54,4.19,193.76,30,20.68,80.5,2.74,17.63
mombasa,-4.04,39.67,2016,5,24.99,23.14,26.66,3.52,162.67,21,87.95,77.69,4.01,19.51
mombasa,-4.04,39.67,2016,6,24.7,23.37,26.06,2.69,47.24,24,6.74,73.99,4.37,17.55
mombasa,-4.04,39.67,2016,7,24.22,23.19,25.0,1.81,5.34,12,1.5,70.16,4.33,18.26
mombasa,-4.04,39.67,2016,8,24.37,23.83,24.9,1.07,29.87,24,3.3,71.45,4.04,19.07
mombasa,-4.04,39.67,2016,9,24.84,23.75,25.74,1.99,15.85,24,3.15,68.07,4.03,20.05
mombasa,-4.04,39.67,2016,10,26.43,25.57,28.25,2.68,5.6,15,0.91,66.35,3.35,23.55
mombasa,-4.04,39.67,2016,11,27.37,26.39,27.86,1.47,62.8,29,18.45,70.46,2.71,21.88
mombasa,-4.04,39.67,2016,12,27.74,25.72,29.01,3.29,40.05,27,9.88,70.38,2.49,22.85
mombasa,-4.04,39.67,2017,1,28.77,28.06,29.42,1.36,6.46,6,3.71,63.14,3.4,23.93
mombasa,-4.04,39.67,2017,2,28.34,27.45,28.91,1.46,18.93,16,3.47,67.01,3.04,22.41
mombasa,-4.04,39.67,2017,3,29.22,27.98,30.39,2.41,17.56,16,4.41,66.47,2.46,22.95
mombasa,-4.04,39.67,2017,4,27.19,25.17,29.26,4.09,150.74,30,20.82,77.25,3.03,20.03
mombasa,-4.04,39.67,2017,5,25.12,24.43,25.89,1.46,358.23,31,55.41,87.0,3.48,14.54
mombasa,-4.04,39.67,2017,6,24.54,24.03,25.3,1.27,78.34,29,13.54,81.26,3.83,17.7
mombasa,-4.04,39.67,2017,7,24.44,23.34,25.41,2.07,19.42,12,8.29,72.9,4.18,18.31
mombasa,-4.04,39.67,2017,8,24.48,23.38,25.25,1.87,48.32,20,8.85,74.8,3.92,20.0
mombasa,-4.04,39.67,2017,9,25.29,24.45,25.79,1.34,33.93,17,11.76,71.08,3.88,21.82
mombasa,-4.04,39.67,2017,10,26.6,25.13,27.73,2.6,48.89,25,14.34,70.62,3.23,22.1
mombasa,-4.04,39.67,2017,11,26.59,25.38,28.2,2.82,135.14,29,29.3,78.31,2.24,21.56
mombasa,-4.04,39.67,2017,12,27.45,26.06,28.49,2.43,62.68,13,12.25,71.93,2.8,22.07
mombasa,-4.04,39.67,2018,1,27.97,26.89,29.05,2.16,3.4,10,0.88,64.4,2.98,20.66
mombasa,-4.04,39.67,2018,2,28.55,27.42,29.5,2.08,5.91,10,2.65,64.05,2.95,24.22
mombasa,-4.04,39.67,2018,3,27.24,25.34,28.92,3.58,105.38,30,14.85,76.4,1.92,19.84
mombasa,-4.04,39.67,2018,4,25.91,23.06,28.59,5.53,237.63,30,33.18,83.3,2.79,17.79
mombasa,-4.04,39.67,2018,5,24.78,24.03,25.75,1.72,437.29,31,67.3,87.45,3.42,15.65
mombasa,-4.04,39.67,2018,6,23.38,21.89,24.82,2.93,103.49,26,31.66,83.62,3.77,16.78
mombasa,-4.04,39.67,2018,7,23.04,22.18,23.87,1.69,46.14,27,12.67,81.5,4.01,16.8
mombasa,-4.04,39.67,2018,8,23.48,22.79,24.28,1.49,13.94,18,2.49,76.93,3.69,18.93
mombasa,-4.04,39.67,2018,9,24.78,23.93,25.5,1.57,76.93,24,28.94,76.27,3.63,21.15
mombasa,-4.04,39.67,2018,10,24.85,23.81,26.2,2.39,226.24,29,71.36,80.38,3.0,21.9
mombasa,-4.04,39.67,2018,11,26.53,25.07,27.85,2.78,28.72,22,4.89,77.02,2.26,23.0
mombasa,-4.04,39.67,2018,12,27.37,25.77,28.61,2.84,56.2,27,8.42,75.84,2.19,22.49
mombasa,-4.04,39.67,2019,1,28.06,26.56,28.92,2.36,26.0,17,18.18,69.73,2.97,22.01
mombasa,-4.04,39.67,2019,2,28.69,27.7,29.66,1.96,20.41,10,11.69,67.2,2.96,23.09
mombasa,-4.04,39.67,2019,3,29.27,28.5,30.07,1.57,7.27,7,2.17,64.82,2.52,24.18
mombasa,-4.04,39.67,2019,4,28.27,26.76,29.49,2.73,52.26,22,11.13,73.97,2.49,21.45
mombasa,-4.04,39.67,2019,5,25.56,24.31,28.08,3.77,523.97,31,71.69,85.64,3.5,14.74
mombasa,-4.04,39.67,2019,6,23.92,22.65,24.97,2.32,51.87,18,17.0,82.34,3.82,17.29
mombasa,-4.04,39.67,2019,7,23.77,22.3,24.79,2.49,43.93,25,14.05,79.85,3.84,17.84
mombasa,-4.04,39.67,2019,8,24.43,23.6,25.43,1.83,25.56,29,5.11,76.68,3.81,19.15
mombasa,-4.04,39.67,2019,9,25.19,24.54,26.2,1.66,56.15,24,11.37,75.44,3.77,21.11
mombasa,-4.04,39.67,2019,10,25.21,24.48,26.14,1.66,370.17,31,90.49,85.31,2.55,20.05
mombasa,-4.04,39.67,2019,11,25.71,24.92,26.19,1.27,178.09,30,22.65,85.06,2.12,21.76
mombasa,-4.04,39.67,2019,12,26.22,25.37,27.53,2.16,124.73,31,19.24,85.28,2.01,21.25
mombasa,-4.04,39.67,2020,1,26.37,25.46,27.03,1.57,93.87,25,12.96,84.65,2.13,21.63
mombasa,-4.04,39.67,2020,2,27.5,25.51,29.01,3.5,35.79,20,20.25,78.43,2.14,23.08
mombasa,-4.04,39.67,2020,3,27.46,25.2,28.97,3.77,85.98,31,18.85,80.08,1.78,20.56
mombasa,-4.04,39.67,2020,4,26.19,24.94,27.54,2.6,170.34,30,18.07,85.33,2.53,15.53
mombasa,-4.04,39.67,2020,5,24.67,23.39,25.97,2.58,217.8,30,28.31,86.66,3.73,16.01
mombasa,-4.04,39.67,2020,6,23.68,22.07,24.26,2.19,132.91,27,33.96,84.65,4.21,16.49
mombasa,-4.04,39.67,2020,7,23.09,20.78,24.09,3.31,62.88,30,17.35,80.48,4.47,17.56
mombasa,-4.04,39.67,2020,8,23.94,22.5,24.82,2.32,24.15,22,3.14,77.06,3.81,18.55
mombasa,-4.04,39.67,2020,9,25.06,24.16,25.9,1.74,42.28,23,9.01,74.25,3.73,20.4
mombasa,-4.04,39.67,2020,10,26.73,25.71,27.71,2.0,36.14,31,7.4,70.99,3.26,23.08
mombasa,-4.04,39.67,2020,11,26.73,25.03,27.71,2.68,121.17,27,18.26,76.93,2.31,21.58
mombasa,-4.04,39.67,2020,12,27.54,25.9,28.79,2.89,70.9,26,24.06,74.39,2.52,22.96
mombasa,-4.04,39.67,2021,1,28.26,27.29,28.88,1.59,9.01,16,1.68,67.14,3.2,21.3
mombasa,-4.04,39.67,2021,2,28.41,27.22,29.42,2.2,15.01,13,9.01,64.46,2.9,21.28
mombasa,-4.04,39.67,2021,3,27.87,26.22,29.4,3.18,115.34,12,44.17,69.98,2.48,23.24
mombasa,-4.04,39.67,2021,4,26.32,24.84,27.22,2.38,92.16,30,14.51,81.75,3.24,20.4
mombasa,-4.04,39.67,2021,5,25.27,23.28,26.94,3.66,161.08,28,50.6,77.27,4.0,18.23
mombasa,-4.04,39.67,2021,6,23.68,22.54,24.7,2.16,95.08,27,25.55,79.59,3.79,16.1
mombasa,-4.04,39.67,2021,7,23.76,22.14,24.54,2.4,27.05,28,2.97,74.25,4.49,17.01
mombasa,-4.04,39.67,2021,8,24.58,23.79,25.41,1.62,16.31,22,2.7,71.68,4.03,18.64
mombasa,-4.04,39.67,2021,9,25.5,24.82,26.53,1.71,19.14,27,1.77,70.23,4.23,20.65
mombasa,-4.04,39.67,2021,10,26.76,25.73,28.1,2.37,10.9,16,2.2,67.72,3.5,22.89
mombasa,-4.04,39.67,2021,11,28.18,27.16,29.4,2.24,19.74,14,8.19,66.18,2.66,24.06
mombasa,-4.04,39.67,2021,12,26.68,25.66,27.65,1.99,172.91,31,19.36,78.45,2.07,21.6
mombasa,-4.04,39.67,2022,1,28.02,26.85,29.53,2.68,8.03,14,2.86,69.01,3.05,21.81
mombasa,-4.04,39.67,2022,2,28.69,27.81,29.64,1.83,8.41,16,1.4,65.74,2.57,21.73
mombasa,-4.04,39.67,2022,3,28.94,27.7,29.73,2.03,25.88,11,8.83,65.2,2.99,24.04
mombasa,-4.04,39.67,2022,4,27.58,25.24,29.09,3.85,82.81,26,18.68,73.84,2.74,19.86
mombasa,-4.04,39.67,2022,5,25.64,24.49,26.84,2.35,169.31,30,33.52,79.95,3.78,18.22
mombasa,-4.04,39.67,2022,6,24.44,22.82,25.41,2.59,100.81,30,18.25,76.51,4.29,16.58
mombasa,-4.04,39.67,2022,7,23.06,21.3,23.74,2.44,96.81,30,15.45,77.69,4.03,16.02
mombasa,-4.04,39.67,2022,8,23.73,22.73,24.32,1.59,30.15,27,4.27,73.05,3.98,19.61
mombasa,-4.04,39.67,2022,9,23.75,22.63,24.83,2.2,331.91,23,116.77,79.44,3.58,21.27
mombasa,-4.04,39.67,2022,10,24.74,23.36,26.29,2.93,29.93,24,6.49,75.12,3.14,22.43
mombasa,-4.04,39.67,2022,11,26.0,24.67,26.63,1.96,105.68,30,17.64,78.86,2.07,22.01
mombasa,-4.04,39.67,2022,12,27.4,26.61,28.44,1.83,32.32,31,2.53,73.17,2.34,23.08
mombasa,-4.04,39.67,2023,1,27.55,26.61,28.77,2.16,18.34,20,3.47,70.39,2.79,22.89
mombasa,-4.04,39.67,2023,2,28.44,27.73,29.15,1.42,1.41,3,0.41,64.45,3.03,23.61
mombasa,-4.04,39.67,2023,3,27.87,25.94,28.95,3.01,42.02,25,7.04,70.66,2.78,21.46
mombasa,-4.04,39.67,2023,4,26.69,24.03,28.36,4.33,351.07,29,63.57,80.83,2.44,17.49
mombasa,-4.04,39.67,2023,5,25.09,24.3,25.74,1.44,473.54,31,160.52,86.74,3.11,17.73
mombasa,-4.04,39.67,2023,6,23.85,22.42,25.14,2.72,148.1,25,34.01,85.3,3.34,16.27
mombasa,-4.04,39.67,2023,7,23.28,22.53,24.05,1.52,115.57,30,35.95,84.58,3.84,16.89
mombasa,-4.04,39.67,2023,8,23.71,22.94,24.68,1.74,94.21,27,17.32,84.0,3.65,19.85
mombasa,-4.04,39.67,2023,9,24.65,23.77,25.52,1.75,29.33,29,5.66,81.09,3.34,21.91
mombasa,-4.04,39.67,2023,10,25.92,24.38,27.36,2.98,116.02,30,24.36,81.13,2.47,22.52
mombasa,-4.04,39.67,2023,11,25.85,24.94,26.76,1.82,387.41,30,96.76,86.77,1.81,18.36
mombasa,-4.04,39.67,2023,12,26.47,25.66,27.33,1.67,94.65,30,18.59,86.1,1.98,22.44
mombasa,-4.04,39.67,2024,1,26.86,26.31,27.57,1.26,29.15,25,5.26,83.48,2.21,19.93
mombasa,-4.04,39.67,2024,2,27.89,26.74,29.13,2.39,87.16,11,24.53,78.68,2.18,23.01
mombasa,-4.04,39.67,2024,3,27.81,26.92,28.76,1.84,82.15,31,7.98,80.27,1.85,22.47
mombasa,-4.04,39.67,2024,4,26.03,24.99,27.86,2.87,276.12,29,80.89,87.25,3.13,17.04
mombasa,-4.04,39.67,2024,5,25.31,23.58,26.86,3.28,129.69,15,30.07,83.93,3.99,18.51
mombasa,-4.04,39.67,2024,6,24.27,22.86,26.08,3.22,87.2,22,37.96,79.56,3.97,18.05
mombasa,-4.04,39.67,2024,7,23.93,23.02,24.57,1.55,37.44,21,18.51,78.39,3.65,17.72
mombasa,-4.04,39.67,2024,8,24.83,23.64,25.78,2.14,22.99,24,3.12,73.63,4.04,19.29
mombasa,-4.04,39.67,2024,9,25.68,24.71,26.34,1.63,16.59,22,2.44,71.32,3.79,21.87
mombasa,-4.04,39.67,2024,10,26.9,25.78,28.45,2.67,36.49,23,13.08,71.72,3.24,22.33
mombasa,-4.04,39.67,2024,11,27.57,26.46,28.5,2.04,135.44,30,13.53,76.12,2.09,23.25
mombasa,-4.04,39.67,2024,12,27.39,26.02,28.89,2.87,104.75,30,15.98,77.97,2.22,21.15
nairobi,-1.29,36.82,2010,1,19.62,17.86,20.78,2.92,53.95,22,7.07,69.64,3.22,23.34
nairobi,-1.29,36.82,2010,2,20.89,19.65,22.01,2.36,53.43,27,8.38,67.53,3.32,22.57
nairobi,-1.29,36.82,2010,3,20.86,19.88,21.93,2.05,90.82,31,10.44,72.24,3.3,22.35
nairobi,-1.29,36.82,2010,4,20.72,19.61,22.04,2.43,85.1,30,8.24,74.15,3.08,21.17
nairobi,-1.29,36.82,2010,5,19.59,18.38,20.64,2.26,87.24,28,12.2,74.93,2.39,18.85
nairobi,-1.29,36.82,2010,6,19.1,17.56,19.9,2.34,18.96,22,2.55,69.81,2.06,16.34
nairobi,-1.29,36.82,2010,7,18.92,17.33,19.96,2.63,11.87,15,2.57,61.45,2.33,17.18
nairobi,-1.29,36.82,2010,8,19.18,17.77,20.45,2.68,25.95,22,3.82,61.53,2.6,18.16
nairobi,-1.29,36.82,2010,9,19.97,17.73,21.75,4.02,25.05,26,4.06,59.43,2.88,21.31
nairobi,-1.29,36.82,2010,10,20.87,19.45,22.27,2.82,36.38,26,4.53,60.43,3.3,21.82
nairobi,-1.29,36.82,2010,11,20.19,19.28,20.95,1.67,56.36,29,6.56,72.01,3.74,20.32
nairobi,-1.29,36.82,2010,12,20.29,19.1,21.96,2.86,40.03,22,9.97,64.75,3.45,22.64
nairobi,-1.29,36.82,2011,1,20.94,19.69,23.04,3.35,17.25,17,3.17,55.38,3.66,24.61
nairobi,-1.29,36.82,2011,2,21.64,20.12,23.91,3.79,41.2,14,14.36,52.34,3.04,25.52
nairobi,-1.29,36.82,2011,3,21.5,19.71,22.79,3.08,66.52,23,13.85,60.97,3.18,24.3
nairobi,-1.29,36.82,2011,4,20.78,19.83,21.41,1.58,65.57,30,13.45,69.35,3.35,22.82
nairobi,-1.29,36.82,2011,5,20.32,19.07,21.34,2.27,41.85,29,4.99,69.39,2.74,18.89
nairobi,-1.29,36.82,2011,6,19.74,18.15,21.63,3.48,46.61,29,6.51,67.55,2.03,16.76
nairobi,-1.29,36.82,2011,7,19.06,17.78,19.91,2.13,20.38,23,2.79,62.35,2.07,19.73
nairobi,-1.29,36.82,2011,8,18.67,16.41,19.93,3.52,49.06,27,14.91,67.43,2.4,17.0
nairobi,-1.29,36.82,2011,9,20.23,18.35,22.3,3.95,22.62,27,1.96,62.16,3.0,19.84
nairobi,-1.29,36.82,2011,10,20.14,18.42,22.76,4.34,112.19,30,16.71,68.95,3.46,20.38
nairobi,-1.29,36.82,2011,11,19.54,17.61,20.96,3.35,126.9,30,15.32,76.45,2.68,19.07
nairobi,-1.29,36.82,2011,12,19.42,17.57,20.53,2.96,25.34,31,3.54,73.26,3.28,21.93
nairobi,-1.29,36.82,2012,1,20.82,18.15,22.55,4.4,5.06,10,1.91,52.18,3.7,25.56
nairobi,-1.29,36.82,2012,2,21.72,20.19,22.96,2.77,15.13,11,4.76,52.18,3.78,25.81
nairobi,-1.29,36.82,2012,3,22.15,19.51,23.69,4.18,15.84,13,3.78,53.12,3.39,25.84
nairobi,-1.29,36.82,2012,4,19.8,17.33,22.61,5.28,208.82,28,38.47,75.68,2.2,19.64
nairobi,-1.29,36.82,2012,5,18.16,16.96,18.97,2.01,125.11,31,20.21,82.76,2.07,19.24
nairobi,-1.29,36.82,2012,6,17.66,16.23,19.04,2.81,35.99,27,4.22,76.66,1.76,15.68
nairobi,-1.29,36.82,2012,7,18.16,16.9,19.52,2.62,16.82,29,2.86,69.04,1.98,16.38
nairobi,-1.29,36.82,2012,8,18.98,17.78,20.05,2.27,32.41,25,6.22,64.11,2.45,19.56
nairobi,-1.29,36.82,2012,9,20.65,18.52,22.43,3.91,13.65,25,2.64,56.08,2.99,22.89
nairobi,-1.29,36.82,2012,10,20.8,19.54,22.72,3.18,66.6,27,11.2,63.12,3.56,23.29
nairobi,-1.29,36.82,2012,11,20.55,18.82,21.67,2.85,75.85,29,12.01,70.87,3.37,21.63
nairobi,-1.29,36.82,2012,12,19.89,18.77,21.19,2.42,87.58,31,16.78,74.43,3.37,20.61
nairobi,-1.29,36.82,2013,1,20.33,18.74,21.98,3.24,34.19,18,8.49,68.56,3.2,23.4
nairobi,-1.29,36.82,2013,2,21.88,19.77,23.91,4.14,6.03,8,3.91,56.39,3.5,25.03
nairobi,-1.29,36.82,2013,3,21.87,19.17,24.13,4.96,86.75,26,15.39,65.34,3.48,22.94
nairobi,-1.29,36.82,2013,4,19.31,18.1,20.94,2.84,196.87,30,25.47,82.29,2.07,20.27
nairobi,-1.29,36.82,2013,5,18.67,17.22,20.28,3.06,30.52,30,4.12,74.81,2.38,19.85
nairobi,-1.29,36.82,2013,6,18.48,16.81,19.55,2.74,21.87,27,4.55,70.02,2.14,16.43
nairobi,-1.29,36.82,2013,7,18.66,16.85,19.56,2.71,25.05,24,6.02,63.26,2.3,18.83
nairobi,-1.29,36.82,2013,8,18.67,16.84,20.21,3.37,22.22,24,2.68,65.12,2.67,17.23
nairobi,-1.29,36.82,2013,9,20.35,18.22,21.86,3.64,36.03,24,5.6,60.51,2.74,21.5
nairobi,-1.29,36.82,2013,10,21.29,20.23,22.6,2.37,15.45,27,1.59,56.98,3.55,23.96
nairobi,-1.29,36.82,2013,11,20.25,18.85,22.35,3.5,71.34,30,10.86,70.99,3.53,20.36
nairobi,-1.29,36.82,2013,12,19.13,17.64,20.75,3.11,125.65,30,16.07,78.01,3.0,20.06
nairobi,-1.29,36.82,2014,1,20.64,19.29,22.34,3.05,6.49,11,1.88,61.51,3.53,25.38
nairobi,-1.29,36.82,2014,2,20.77,18.53,23.56,5.03,66.05,21,9.47,66.79,2.55,21.49
nairobi,-1.29,36.82,2014,3,20.67,19.15,21.93,2.78,83.77,27,20.72,69.98,3.25,23.87
nairobi,-1.29,36.82,2014,4,20.63,19.05,21.69,2.64,55.95,27,6.59,71.33,3.22,22.88
nairobi,-1.29,36.82,2014,5,19.82,18.38,20.92,2.54,44.55,29,5.76,71.09,2.63,18.43
nairobi,-1.29,36.82,2014,6,19.43,17.72,21.27,3.55,20.07,25,2.65,67.74,2.27,16.32
nairobi,-1.29,36.82,2014,7,19.16,16.98,21.1,4.12,16.22,18,2.19,63.73,2.33,16.75
nairobi,-1.29,36.82,2014,8,19.14,18.05,21.37,3.32,40.61,27,11.52,65.06,2.78,18.39
nairobi,-1.29,36.82,2014,9,19.76,17.14,21.95,4.81,21.25,21,4.08,62.31,3.01,21.06
nairobi,-1.29,36.82,2014,10,20.98,20.18,22.76,2.58,48.76,30,3.65,63.27,3.39,21.67
nairobi,-1.29,36.82,2014,11,20.37,18.95,21.51,2.56,74.76,29,9.11,72.35,3.53,20.66
nairobi,-1.29,36.82,2014,12,20.1,18.7,21.41,2.71,60.89,28,19.58,70.74,3.61,21.53
nairobi,-1.29,36.82,2015,1,21.52,19.56,23.88,4.32,7.15,6,3.49,48.05,3.27,24.67
nairobi,-1.29,36.82,2015,2,21.99,19.65,24.38,4.73,52.2,10,23.12,55.49,3.34,25.73
nairobi,-1.29,36.82,2015,3,21.65,19.57,22.74,3.17,25.23,17,6.18,56.09,4.07,25.03
nairobi,-1.29,36.82,2015,4,21.24,18.97,22.3,3.33,85.33,30,16.45,69.44,2.65,20.63
nairobi,-1.29,36.82,2015,5,19.88,18.71,20.96,2.25,37.35,30,6.1,72.37,2.41,18.62
nairobi,-1.29,36.82,2015,6,19.25,18.13,20.59,2.46,25.04,17,9.88,70.65,1.86,17.05
nairobi,-1.29,36.82,2015,7,19.33,18.07,20.66,2.59,11.41,21,1.88,63.9,2.79,18.16
nairobi,-1.29,36.82,2015,8,19.77,17.87,21.12,3.25,8.78,18,1.72,61.11,3.1,20.35
nairobi,-1.29,36.82,2015,9,21.06,18.74,23.13,4.39,4.85,11,0.93,54.98,3.41,23.96
nairobi,-1.29,36.82,2015,10,21.6,20.24,22.91,2.67,29.16,30,3.49,60.96,3.81,21.41
nairobi,-1.29,36.82,2015,11,20.7,19.33,21.83,2.5,87.46,30,6.91,73.79,3.34,20.03
nairobi,-1.29,36.82,2015,12,20.07,18.16,21.66,3.5,87.71,28,23.14,75.41,3.15,22.02
nairobi,-1.29,36.82,2016,1,20.52,19.54,21.53,1.99,68.58,22,14.56,72.36,2.84,21.14
nairobi,-1.29,36.82,2016,2,21.4,19.5,23.14,3.64,30.39,9,7.09,61.63,3.28,24.34
nairobi,-1.29,36.82,2016,3,23.24,19.98,25.4,5.42,27.19,22,8.46,58.14,3.62,25.29
nairobi,-1.29,36.82,2016,4,21.21,18.43,22.55,4.12,81.42,30,13.43,71.95,2.75,19.5
nairobi,-1.29,36.82,2016,5,19.86,18.66,21.44,2.78,41.91,24,9.01,70.17,2.25,17.72
nairobi,-1.29,36.82,2016,6,19.14,16.87,21.08,4.21,22.22,13,6.91,66.5,2.22,16.35
nairobi,-1.29,36.82,2016,7,19.02,16.27,21.23,4.96,3.88,15,0.67,59.7,2.31,18.21
nairobi,-1.29,36.82,2016,8,19.16,17.79,20.7,2.91,9.11,16,1.24,60.65,2.92,19.15
nairobi,-1.29,36.82,2016,9,20.1,18.08,21.68,3.6,10.01,19,2.25,58.74,3.24,22.22
nairobi,-1.29,36.82,2016,10,21.38,19.99,22.66,2.67,14.56,17,3.86,55.49,3.6,24.3
nairobi,-1.29,36.82,2016,11,20.11,18.8,22.3,3.5,95.62,30,15.64,71.91,3.56,19.67
nairobi,-1.29,36.82,2016,12,20.29,19.39,21.08,1.69,21.33,24,5.37,68.97,3.97,23.08
nairobi,-1.29,36.82,2017,1,21.55,20.04,23.13,3.09,5.63,11,1.68,51.22,3.86,25.45
nairobi,-1.29,36.82,2017,2,21.98,20.48,22.8,2.32,15.48,15,3.78,57.13,4.03,24.92
nairobi,-1.29,36.82,2017,3,23.14,21.46,24.13,2.67,13.54,20,1.61,53.75,3.66,25.29
nairobi,-1.29,36.82,2017,4,21.45,20.11,22.8,2.69,41.3,25,6.05,65.4,3.62,22.27
nairobi,-1.29,36.82,2017,5,19.5,18.53,20.35,1.82,88.19,26,35.59,73.93,2.7,18.79
nairobi,-1.29,36.82,2017,6,19.67,18.51,20.48,1.97,7.92,22,1.08,66.65,2.67,18.72
nairobi,-1.29,36.82,2017,7,19.34,18.08,20.38,2.3,16.54,25,2.32,63.43,2.37,18.57
nairobi,-1.29,36.82,2017,8,19.66,18.04,20.94,2.9,11.8,25,1.35,62.19,2.87,18.79
nairobi,-1.29,36.82,2017,9,20.34,18.1,21.97,3.87,15.64,23,2.2,60.3,3.02,20.9
nairobi,-1.29,36.82,2017,10,21.57,19.95,23.1,3.15,32.56,23,4.66,60.13,3.35,23.06
nairobi,-1.29,36.82,2017,11,20.0,18.81,20.86,2.05,68.0,29,7.9,73.97,3.75,19.82
nairobi,-1.29,36.82,2017,12,20.85,19.42,22.33,2.91,11.92,13,2.34,61.76,4.08,23.85
nairobi,-1.29,36.82,2018,1,21.99,20.05,23.29,3.24,7.58,9,2.79,49.82,2.8,22.51
nairobi,-1.29,36.82,2018,2,22.27,21.06,24.28,3.22,6.57,8,4.07,52.49,4.02,26.28
nairobi,-1.29,36.82,2018,3,19.4,18.37,21.49,3.12,200.73,28,27.81,79.53,2.33,19.44
nairobi,-1.29,36.82,2018,4,18.83,17.58,20.19,2.61,209.74,30,37.14,82.37,2.41,18.84
nairobi,-1.29,36.82,2018,5,17.89,15.56,19.17,3.61,90.29,28,19.15,83.99,2.09,18.37
nairobi,-1.29,36.82,2018,6,17.68,16.52,18.97,2.45,26.12,25,4.7,78.57,1.92,15.56
nairobi,-1.29,36.82,2018,7,17.52,16.81,18.95,2.14,13.41,23,2.09,71.4,2.44,15.45
nairobi,-1.29,36.82,2018,8,18.84,17.36,20.45,3.09,15.74,24,3.15,63.7,2.82,18.38
nairobi,-1.29,36.82,2018,9,20.47,18.52,21.71,3.19,9.03,20,1.21,58.8,3.69,23.1
nairobi,-1.29,36.82,2018,10,20.78,18.46,22.42,3.96,33.44,26,4.65,62.93,3.82,21.43
nairobi,-1.29,36.82,2018,11,21.0,20.2,22.21,2.01,42.26,26,9.34,67.84,3.99,22.25
nairobi,-1.29,36.82,2018,12,20.07,18.37,21.06,2.69,87.05,26,12.29,74.07,3.44,20.94
nairobi,-1.29,36.82,2019,1,20.91,19.28,22.88,3.6,20.78,15,7.96,63.71,3.78,23.71
nairobi,-1.29,36.82,2019,2,22.45,21.51,23.76,2.25,5.03,12,0.91,55.11,4.17,25.86
nairobi,-1.29,36.82,2019,3,23.56,22.33,25.24,2.91,8.86,12,1.7,48.54,3.64,26.5
nairobi,-1.29,36.82,2019,4,22.85,21.28,24.04,2.76,35.42,23,13.43,61.63,3.33,23.15
nairobi,-1.29,36.82,2019,5,20.09,18.57,22.25,3.68,47.56,30,11.03,70.94,2.98,19.14
nairobi,-1.29,36.82,2019,6,19.03,17.45,20.47,3.02,55.2,28,10.97,73.82,1.75,15.19
nairobi,-1.29,36.82,2019,7,19.6,18.39,20.64,2.25,15.2,23,4.11,62.33,2.52,18.65
nairobi,-1.29,36.82,2019,8,20.03,18.66,21.42,2.76,12.14,24,1.62,61.09,2.8,19.94
nairobi,-1.29,36.82,2019,9,20.98,19.17,22.28,3.11,12.5,20,2.17,58.38,3.22,22.01
nairobi,-1.29,36.82,2019,10,20.09,18.88,21.89,3.01,137.19,31,26.11,71.04,3.73,20.56
nairobi,-1.29,36.82,2019,11,19.99,18.65,20.89,2.24,83.67,30,7.77,76.43,3.18,20.67
nairobi,-1.29,36.82,2019,12,19.77,18.95,20.98,2.03,97.36,29,13.99,80.37,2.89,19.87
nairobi,-1.29,36.82,2020,1,20.13,19.15,22.18,3.03,89.34,28,13.62,75.8,2.96,20.91
nairobi,-1.29,36.82,2020,2,20.73,18.99,22.8,3.81,35.95,22,9.54,72.07,3.26,23.7
nairobi,-1.29,36.82,2020,3,21.15,18.55,22.42,3.87,106.77,29,13.12,74.08,2.56,22.25
nairobi,-1.29,36.82,2020,4,19.98,17.72,21.89,4.17,213.89,29,31.77,79.48,2.59,20.09
nairobi,-1.29,36.82,2020,5,18.67,17.3,19.95,2.65,32.07,27,5.32,79.65,2.16,19.89
nairobi,-1.29,36.82,2020,6,18.51,17.18,19.86,2.68,48.83,25,10.64,73.69,2.01,17.53
nairobi,-1.29,36.82,2020,7,18.19,15.26,20.06,4.8,10.48,21,2.15,68.55,2.34,16.4
nairobi,-1.29,36.82,2020,8,19.89,18.39,21.21,2.82,13.49,24,1.71,61.26,2.82,19.23
nairobi,-1.29,36.82,2020,9,20.19,17.43,22.24,4.81,39.89,28,8.37,61.87,2.98,20.9
nairobi,-1.29,36.82,2020,10,21.33,18.94,22.93,3.99,71.6,27,20.81,59.18,3.51,21.22
nairobi,-1.29,36.82,2020,11,20.2,19.33,21.33,2.0,84.11,30,11.43,74.3,3.65,20.5
nairobi,-1.29,36.82,2020,12,19.98,18.36,20.95,2.59,40.94,20,9.26,69.92,3.57,23.2
nairobi,-1.29,36.82,2021,1,20.56,17.33,21.74,4.41,18.97,18,4.15,63.18,3.57,22.15
nairobi,-1.29,36.82,2021,2,21.04,19.09,22.93,3.84,42.53,13,11.21,61.64,3.01,22.0
nairobi,-1.29,36.82,2021,3,21.96,21.07,22.89,1.82,18.5,18,3.06,56.77,3.99,25.19
nairobi,-1.29,36.82,2021,4,20.86,19.84,21.56,1.72,79.24,30,20.94,70.57,3.02,21.2
nairobi,-1.29,36.82,2021,5,19.2,17.39,21.94,4.55,87.24,30,19.03,75.53,2.1,18.32
nairobi,-1.29,36.82,2021,6,18.83,17.8,19.93,2.13,3.87,12,0.72,68.55,2.43,16.64
nairobi,-1.29,36.82,2021,7,18.35,16.82,19.76,2.94,15.91,27,2.32,65.36,2.43,15.8
nairobi,-1.29,36.82,2021,8,19.32,17.56,21.98,4.42,13.87,21,1.72,60.87,2.72,18.91
nairobi,-1.29,36.82,2021,9,20.53,18.86,22.78,3.92,7.9,24,0.76,59.29,3.35,20.36
nairobi,-1.29,36.82,2021,10,21.65,20.45,22.56,2.11,17.59,22,3.36,57.32,3.53,22.09
nairobi,-1.29,36.82,2021,11,21.54,19.85,22.61,2.76,37.83,25,9.89,63.03,3.66,22.29
nairobi,-1.29,36.82,2021,12,19.67,18.64,20.71,2.07,87.4,30,12.84,76.34,4.07,20.22
nairobi,-1.29,36.82,2022,1,20.11,18.68,21.35,2.67,30.13,16,13.86,65.35,3.26,23.06
nairobi,-1.29,36.82,2022,2,21.65,19.53,23.5,3.97,34.06,18,10.46,60.29,2.98,22.76
nairobi,-1.29,36.82,2022,3,22.86,20.92,24.75,3.83,18.67,19,5.72,52.98,3.75,25.73
nairobi,-1.29,36.82,2022,4,21.35,19.52,22.79,3.27,48.86,24,8.58,64.68,3.3,21.08
nairobi,-1.29,36.82,2022,5,20.55,18.01,22.21,4.2,26.48,25,4.95,66.49,2.72,19.78
nairobi,-1.29,36.82,2022,6,19.31,17.41,21.24,3.83,8.81,18,0.98,62.31,2.62,16.83
nairobi,-1.29,36.82,2022,7,18.47,17.17,19.56,2.39,19.45,26,4.24,64.92,2.79,15.99
nairobi,-1.29,36.82,2022,8,18.76,17.29,21.08,3.79,15.48,26,1.97,63.83,2.81,17.17
nairobi,-1.29,36.82,2022,9,19.45,17.47,21.04,3.57,28.08,26,6.22,64.7,3.14,21.41
nairobi,-1.29,36.82,2022,10,21.12,19.87,22.84,2.97,8.75,15,4.82,54.85,3.58,24.2
nairobi,-1.29,36.82,2022,11,20.19,18.79,21.51,2.72,61.77,29,13.26,69.99,3.79,19.27
nairobi,-1.29,36.82,2022,12,20.3,19.48,21.3,1.82,33.39,26,5.89,69.02,3.74,21.2
nairobi,-1.29,36.82,2023,1,20.55,18.75,22.06,3.31,15.66,14,3.45,59.41,3.94,24.83
nairobi,-1.29,36.82,2023,2,22.5,21.82,23.21,1.39,9.24,5,7.2,49.39,3.79,26.44
nairobi,-1.29,36.82,2023,3,21.84,19.32,23.52,4.2,41.84,21,10.29,60.19,3.47,23.13
nairobi,-1.29,36.82,2023,4,20.14,18.42,21.89,3.47,107.49,30,21.1,75.72,3.27,19.84
nairobi,-1.29,36.82,2023,5,20.04,18.5,21.42,2.92,22.4,30,2.94,71.7,2.76,19.75
nairobi,-1.29,36.82,2023,6,19.73,18.13,20.98,2.85,19.95,26,4.25,68.56,2.36,17.39
nairobi,-1.29,36.82,2023,7,19.53,17.76,21.78,4.02,6.93,22,0.82,64.25,2.71,16.74
nairobi,-1.29,36.82,2023,8,19.84,18.08,21.35,3.27,12.25,25,1.23,63.29,3.14,19.02
nairobi,-1.29,36.82,2023,9,21.66,20.49,22.69,2.2,14.77,28,2.29,59.86,3.22,21.65
nairobi,-1.29,36.82,2023,10,21.7,20.34,23.21,2.87,45.07,27,8.29,61.51,3.96,22.35
nairobi,-1.29,36.82,2023,11,19.45,18.06,20.83,2.77,158.06,30,23.41,80.22,3.47,18.67
nairobi,-1.29,36.82,2023,12,20.18,18.53,21.38,2.85,28.54,24,3.6,76.69,3.63,22.04
nairobi,-1.29,36.82,2024,1,20.14,19.17,21.26,2.09,79.37,28,19.92,74.03,2.61,19.74
nairobi,-1.29,36.82,2024,2,21.84,20.1,24.02,3.92,21.21,21,4.85,67.01,3.39,24.03
nairobi,-1.29,36.82,2024,3,22.34,20.69,24.32,3.63,85.38,28,27.43,67.55,3.67,24.47
nairobi,-1.29,36.82,2024,4,19.71,18.44,20.65,2.21,199.42,30,51.65,82.9,2.06,19.4
nairobi,-1.29,36.82,2024,5,19.47,18.22,20.31,2.09,62.68,28,13.34,81.09,1.72,18.59
nairobi,-1.29,36.82,2024,6,19.05,16.95,20.61,3.66,17.27,21,4.48,69.72,1.86,18.31
nairobi,-1.29,36.82,2024,7,19.32,18.12,20.64,2.52,32.19,27,5.8,68.03,1.99,16.5
nairobi,-1.29,36.82,2024,8,20.25,18.69,21.52,2.83,8.84,23,1.07,60.61,2.77,18.35
nairobi,-1.29,36.82,2024,9,21.47,19.44,22.74,3.3,11.07,26,1.99,56.72,3.24,21.61
nairobi,-1.29,36.82,2024,10,22.23,20.82,23.74,2.92,10.71,17,2.25,55.74,3.45,22.37
nairobi,-1.29,36.82,2024,11,21.27,20.06,23.24,3.18,99.57,28,17.53,70.91,3.4,19.75
nairobi,-1.29,36.82,2024,12,20.47,19.62,21.73,2.11,47.71,23,14.87,71.77,3.41,22.27
nakuru,-0.3,36.07,2010,1,15.41,13.81,16.68,2.87,108.63,23,24.31,73.22,1.95,22.25
nakuru,-0.3,36.07,2010,2,16.72,15.09,17.76,2.67,126.52,27,24.94,73.73,2.03,21.06
nakuru,-0.3,36.07,2010,3,16.32,15.42,17.14,1.72,181.78,31,23.87,80.22,2.17,21.32
nakuru,-0.3,36.07,2010,4,16.23,15.4,17.07,1.67,160.68,30,13.52,82.25,2.43,21.0
nakuru,-0.3,36.07,2010,5,15.36,14.02,16.41,2.39,155.06,31,17.71,83.97,2.26,19.26
nakuru,-0.3,36.07,2010,6,14.64,13.63,15.52,1.89,60.24,30,4.38,82.78,1.67,18.4
nakuru,-0.3,36.07,2010,7,13.8,12.44,15.25,2.81,69.64,25,8.55,80.88,1.66,16.64
nakuru,-0.3,36.07,2010,8,14.21,12.93,15.3,2.37,104.26,28,14.48,80.02,1.79,17.31
nakuru,-0.3,36.07,2010,9,14.64,12.91,16.03,3.12,142.33,29,21.02,78.53,1.84,21.05
nakuru,-0.3,36.07,2010,10,15.22,14.0,15.93,1.93,128.37,27,15.71,80.3,1.88,19.91
nakuru,-0.3,36.07,2010,11,15.35,14.19,16.25,2.06,96.36,30,12.18,81.54,2.22,19.05
nakuru,-0.3,36.07,2010,12,15.3,14.16,16.54,2.38,57.35,21,9.47,73.97,1.84,21.93
nakuru,-0.3,36.07,2011,1,16.01,14.41,18.03,3.62,20.56,20,3.14,64.58,1.93,23.55
nakuru,-0.3,36.07,2011,2,16.74,15.6,18.43,2.83,41.37,14,16.56,58.26,2.01,25.03
nakuru,-0.3,36.07,2011,3,17.31,15.0,18.68,3.68,122.06,23,23.97,66.14,1.95,23.19
nakuru,-0.3,36.07,2011,4,16.76,14.69,18.09,3.4,85.73,30,10.15,73.43,2.71,22.63
nakuru,-0.3,36.07,2011,5,15.69,14.51,16.4,1.89,119.26,31,18.43,79.08,2.18,20.51
nakuru,-0.3,36.07,2011,6,15.08,13.51,16.28,2.77,111.02,30,10.81,81.52,1.36,17.5
nakuru,-0.3,36.07,2011,7,14.67,13.42,16.38,2.96,73.16,31,6.81,77.52,1.46,18.92
nakuru,-0.3,36.07,2011,8,14.25,13.17,15.55,2.38,144.98,31,24.76,81.43,1.55,16.98
nakuru,-0.3,36.07,2011,9,15.07,13.42,16.39,2.97,92.38,30,9.23,78.86,1.69,19.81
nakuru,-0.3,36.07,2011,10,15.4,14.06,17.19,3.13,148.16,31,13.46,79.12,2.35,20.03
nakuru,-0.3,36.07,2011,11,15.21,14.33,16.09,1.76,221.16,30,23.5,83.04,1.64,17.36
nakuru,-0.3,36.07,2011,12,15.07,13.76,16.37,2.61,49.03,31,18.82,78.03,1.68,20.71
nakuru,-0.3,36.07,2012,1,15.17,12.78,16.51,3.73,5.9,9,2.0,62.01,1.99,25.92
nakuru,-0.3,36.07,2012,2,16.38,14.43,17.72,3.29,16.6,11,4.45,61.12,2.4,24.96
nakuru,-0.3,36.07,2012,3,17.61,15.03,19.15,4.12,14.4,11,3.12,57.58,2.34,24.95
nakuru,-0.3,36.07,2012,4,15.92,14.08,18.44,4.36,262.88,30,26.7,80.11,1.58,18.82
nakuru,-0.3,36.07,2012,5,14.94,13.92,15.97,2.05,218.96,31,19.64,84.45,2.0,19.35
nakuru,-0.3,36.07,2012,6,14.11,12.77,15.37,2.6,116.73,30,18.88,84.27,1.61,17.45
nakuru,-0.3,36.07,2012,7,13.91,12.26,15.23,2.97,64.15,31,7.39,84.57,1.4,15.71
nakuru,-0.3,36.07,2012,8,13.94,12.6,15.13,2.53,110.41,31,18.62,81.58,1.74,18.71
nakuru,-0.3,36.07,2012,9,14.6,13.71,15.75,2.04,84.56,30,8.09,78.33,1.85,21.64
nakuru,-0.3,36.07,2012,10,15.31,14.33,16.31,1.98,136.57,31,16.19,79.25,2.26,21.33
nakuru,-0.3,36.07,2012,11,15.61,14.3,16.61,2.31,123.83,30,27.84,80.71,2.12,19.95
nakuru,-0.3,36.07,2012,12,15.38,14.01,16.42,2.41,109.35,30,15.05,81.24,2.02,18.77
nakuru,-0.3,36.07,2013,1,15.88,14.33,17.84,3.51,44.7,20,8.29,74.28,2.01,22.35
nakuru,-0.3,36.07,2013,2,16.84,14.6,18.61,4.01,5.6,8,3.36,63.81,2.17,24.9
nakuru,-0.3,36.07,2013,3,17.4,14.58,19.34,4.76,114.95,25,17.76,71.75,2.22,22.26
nakuru,-0.3,36.07,2013,4,15.69,14.82,16.79,1.97,302.57,30,35.56,85.26,1.69,19.36
nakuru,-0.3,36.07,2013,5,14.82,14.0,15.64,1.64,73.26,31,10.73,81.15,2.29,21.32
nakuru,-0.3,36.07,2013,6,14.18,12.96,15.42,2.46,78.36,30,10.98,83.67,1.56,17.29
nakuru,-0.3,36.07,2013,7,13.82,12.63,15.19,2.56,95.12,30,10.33,80.32,1.49,18.64
nakuru,-0.3,36.07,2013,8,13.99,12.57,15.75,3.18,75.85,31,7.4,81.63,1.67,17.58
nakuru,-0.3,36.07,2013,9,15.06,13.64,16.35,2.71,124.18,28,25.82,77.71,1.57,20.68
nakuru,-0.3,36.07,2013,10,15.46,14.42,16.59,2.17,40.32,27,4.23,73.66,2.33,22.95
nakuru,-0.3,36.07,2013,11,15.55,14.18,16.84,2.66,108.61,30,12.26,80.12,2.25,18.44
nakuru,-0.3,36.07,2013,12,15.23,13.92,16.37,2.45,134.94,31,17.89,80.28,1.72,18.39
nakuru,-0.3,36.07,2014,1,16.43,14.97,17.45,2.48,10.72,16,2.51,65.99,1.82,24.14
nakuru,-0.3,36.07,2014,2,16.58,15.34,18.37,3.03,74.71,21,12.42,70.82,1.91,21.22
nakuru,-0.3,36.07,2014,3,17.06,14.86,18.99,4.13,95.99,29,30.27,71.02,2.23,23.12
nakuru,-0.3,36.07,2014,4,16.62,15.41,17.79,2.38,81.24,28,8.02,75.69,2.49,22.17
nakuru,-0.3,36.07,2014,5,15.77,14.32,16.51,2.19,89.06,31,13.94,77.49,2.42,20.15
nakuru,-0.3,36.07,2014,6,15.33,13.75,16.96,3.21,56.19,29,6.05,78.46,1.64,18.49
nakuru,-0.3,36.07,2014,7,15.03,13.44,16.51,3.07,59.34,29,7.11,76.97,1.6,17.41
nakuru,-0.3,36.07,2014,8,14.64,13.58,15.86,2.28,101.85,31,19.71,77.99,1.72,18.35
nakuru,-0.3,36.07,2014,9,15.27,13.32,17.5,4.18,61.27,26,13.18,73.04,1.97,21.91
nakuru,-0.3,36.07,2014,10,16.13,14.71,17.63,2.92,100.87,31,9.17,74.7,2.29,20.9
nakuru,-0.3,36.07,2014,11,15.92,14.92,16.61,1.69,119.32,30,17.59,79.29,2.31,19.0
nakuru,-0.3,36.07,2014,12,16.03,14.03,17.6,3.57,63.89,30,10.74,73.69,1.97,20.67
nakuru,-0.3,36.07,2015,1,16.73,14.86,18.17,3.31,12.66,10,4.4,52.65,1.87,24.66
nakuru,-0.3,36.07,2015,2,18.01,15.8,18.96,3.16,28.78,13,14.46,57.39,2.09,24.86
nakuru,-0.3,36.07,2015,3,17.39,16.0,18.72,2.72,76.86,18,12.29,60.77,2.92,24.75
nakuru,-0.3,36.07,2015,4,16.34,14.43,17.85,3.42,290.88,29,42.05,80.13,1.82,20.16
nakuru,-0.3,36.07,2015,5,15.44,14.16,16.22,2.06,172.7,31,28.72,83.85,2.22,19.46
nakuru,-0.3,36.07,2015,6,15.11,13.72,16.24,2.52,82.01,30,19.06,83.24,1.35,17.74
nakuru,-0.3,36.07,2015,7,14.67,13.33,15.78,2.45,50.06,25,7.2,79.64,1.93,19.58
nakuru,-0.3,36.07,2015,8,15.1,13.4,16.56,3.16,31.13,28,5.33,74.67,1.97,21.41
nakuru,-0.3,36.07,2015,9,15.77,13.09,17.65,4.56,43.61,30,5.44,70.33,2.05,22.4
nakuru,-0.3,36.07,2015,10,16.38,15.67,17.44,1.77,129.97,31,13.02,76.21,2.48,20.21
nakuru,-0.3,36.07,2015,11,15.79,14.75,16.91,2.16,293.0,30,30.51,84.0,1.97,17.39
nakuru,-0.3,36.07,2015,12,15.59,14.27,16.8,2.53,194.35,28,56.79,82.44,1.74,19.87
nakuru,-0.3,36.07,2016,1,15.96,15.15,16.57,1.42,105.95,28,14.86,80.49,1.74,20.05
nakuru,-0.3,36.07,2016,2,16.26,15.2,17.32,2.12,22.61,12,4.55,71.12,2.06,24.05
nakuru,-0.3,36.07,2016,3,17.53,15.68,19.56,3.88,60.6,25,14.18,72.73,2.11,24.75
nakuru,-0.3,36.07,2016,4,16.75,15.01,17.86,2.85,272.65,30,29.03,81.78,1.95,19.5
nakuru,-0.3,36.07,2016,5,15.48,14.07,16.27,2.2,168.77,30,23.33,83.96,1.58,19.43
nakuru,-0.3,36.07,2016,6,14.69,12.36,16.21,3.85,68.04,24,12.89,81.94,1.51,18.39
nakuru,-0.3,36.07,2016,7,13.99,11.68,15.33,3.65,64.66,31,5.69,83.12,1.43,17.47
nakuru,-0.3,36.07,2016,8,14.07,12.63,15.69,3.06,56.79,29,6.67,78.87,1.9,19.29
nakuru,-0.3,36.07,2016,9,14.97,13.39,16.49,3.1,74.03,30,10.96,76.88,1.66,22.11
nakuru,-0.3,36.07,2016,10,15.78,14.86,16.8,1.94,61.82,30,8.56,73.1,2.07,22.99
nakuru,-0.3,36.07,2016,11,15.47,14.01,16.7,2.69,183.48,30,19.44,81.15,2.21,18.31
nakuru,-0.3,36.07,2016,12,15.55,14.62,16.59,1.97,17.33,23,1.92,75.8,2.3,21.54
nakuru,-0.3,36.07,2017,1,16.21,14.56,18.42,3.86,15.64,15,6.88,62.54,1.96,24.28
nakuru,-0.3,36.07,2017,2,17.26,15.94,18.08,2.14,43.05,19,10.98,65.82,2.41,23.31
nakuru,-0.3,36.07,2017,3,18.33,16.79,19.47,2.68,51.84,22,14.77,61.11,2.37,25.08
nakuru,-0.3,36.07,2017,4,16.93,15.63,18.45,2.82,151.77,26,25.72,74.54,2.7,21.92
nakuru,-0.3,36.07,2017,5,15.54,14.35,16.95,2.6,178.23,31,28.01,80.36,2.51,19.63
nakuru,-0.3,36.07,2017,6,15.68,14.61,17.17,2.56,33.07,29,4.24,76.02,2.02,20.42
nakuru,-0.3,36.07,2017,7,14.82,13.71,15.93,2.22,127.93,30,14.31,81.25,1.41,17.61
nakuru,-0.3,36.07,2017,8,14.68,12.9,16.13,3.23,102.17,31,15.55,79.28,1.76,19.17
nakuru,-0.3,36.07,2017,9,15.06,13.64,16.2,2.56,133.76,29,19.36,80.18,1.64,20.16
nakuru,-0.3,36.07,2017,10,15.86,14.12,16.61,2.49,168.01,26,24.62,78.01,2.01,20.86
nakuru,-0.3,36.07,2017,11,15.31,13.83,15.89,2.06,209.78,30,30.58,82.78,2.25,19.31
nakuru,-0.3,36.07,2017,12,15.32,13.81,16.59,2.78,22.66,16,6.8,75.9,2.1,22.33
nakuru,-0.3,36.07,2018,1,15.65,13.97,17.29,3.32,14.71,17,3.94,66.98,1.66,21.8
nakuru,-0.3,36.07,2018,2,16.98,15.5,19.11,3.61,27.92,14,16.21,65.37,2.42,25.22
nakuru,-0.3,36.07,2018,3,15.6,13.7,16.9,3.2,304.89,31,31.27,82.64,1.93,18.1
nakuru,-0.3,36.07,2018,4,15.19,14.0,16.38,2.38,483.71,30,40.12,86.37,1.84,17.17
nakuru,-0.3,36.07,2018,5,14.74,13.43,16.27,2.84,345.88,31,43.95,87.16,2.0,18.91
nakuru,-0.3,36.07,2018,6,13.99,12.81,15.44,2.63,184.2,30,25.79,88.67,1.53,16.26
nakuru,-0.3,36.07,2018,7,13.08,11.67,14.73,3.06,74.25,30,11.41,87.35,1.89,16.25
nakuru,-0.3,36.07,2018,8,13.45,12.11,15.17,3.06,110.64,29,14.79,84.97,1.58,18.99
nakuru,-0.3,36.07,2018,9,14.14,13.34,15.05,1.71,32.97,29,3.99,81.41,2.3,22.93
nakuru,-0.3,36.07,2018,10,14.88,13.09,15.87,2.78,89.51,30,15.25,82.49,2.49,21.21
nakuru,-0.3,36.07,2018,11,15.55,14.75,16.59,1.84,89.02,29,9.0,83.91,2.54,20.92
nakuru,-0.3,36.07,2018,12,15.14,13.51,16.01,2.5,170.46,30,27.91,83.7,1.99,19.85
nakuru,-0.3,36.07,2019,1,15.08,13.8,16.14,2.34,28.73,19,8.23,78.01,2.09,22.92
nakuru,-0.3,36.07,2019,2,15.98,14.85,16.81,1.96,11.33,12,2.67,74.16,2.24,24.78
nakuru,-0.3,36.07,2019,3,17.26,15.88,18.59,2.71,31.14,19,6.99,66.6,2.11,25.26
nakuru,-0.3,36.07,2019,4,17.67,16.11,18.93,2.82,127.94,25,35.91,72.4,2.2,22.72
nakuru,-0.3,36.07,2019,5,15.7,13.39,17.23,3.84,141.58,31,21.74,81.21,2.45,20.79
nakuru,-0.3,36.07,2019,6,15.3,13.58,16.67,3.09,160.53,30,16.96,84.63,1.23,15.56
nakuru,-0.3,36.07,2019,7,14.47,13.04,15.23,2.19,67.98,31,7.03,82.08,1.71,18.58
nakuru,-0.3,36.07,2019,8,14.68,13.26,15.85,2.59,122.67,28,23.87,80.32,1.76,19.18
nakuru,-0.3,36.07,2019,9,15.22,13.84,16.07,2.23,113.72,28,20.69,78.37,1.93,21.53
nakuru,-0.3,36.07,2019,10,15.37,14.33,16.37,2.04,292.16,31,38.05,82.35,2.77,20.03
nakuru,-0.3,36.07,2019,11,15.79,14.88,16.69,1.81,283.45,30,44.88,83.97,1.97,18.75
nakuru,-0.3,36.07,2019,12,15.49,13.95,16.32,2.37,365.75,30,50.12,85.67,1.64,18.04
nakuru,-0.3,36.07,2020,1,15.27,14.39,15.91,1.52,197.46,29,29.07,83.78,1.76,19.37
nakuru,-0.3,36.07,2020,2,15.66,13.88,16.91,3.03,108.38,25,35.97,81.16,1.96,22.64
nakuru,-0.3,36.07,2020,3,16.34,14.79,17.57,2.78,225.4,30,50.27,83.03,1.8,21.69
nakuru,-0.3,36.07,2020,4,15.77,13.97,16.87,2.9,394.67,30,40.34,86.97,2.06,19.43
nakuru,-0.3,36.07,2020,5,14.95,13.62,16.0,2.38,183.82,31,26.04,87.03,2.3,20.67
nakuru,-0.3,36.07,2020,6,14.01,12.39,15.31,2.92,220.75,29,39.6,87.4,1.74,17.88
nakuru,-0.3,36.07,2020,7,13.37,11.45,14.47,3.02,81.55,31,9.49,87.07,1.91,16.36
nakuru,-0.3,36.07,2020,8,14.09,11.94,15.43,3.49,114.74,31,13.26,85.15,1.77,18.47
nakuru,-0.3,36.07,2020,9,14.31,12.26,15.59,3.33,212.85,30,65.67,83.38,1.82,20.94
nakuru,-0.3,36.07,2020,10,14.81,13.9,15.59,1.69,163.73,31,24.65,82.94,2.16,20.02
nakuru,-0.3,36.07,2020,11,15.38,14.45,16.03,1.58,186.08,30,30.95,85.33,2.2,19.79
nakuru,-0.3,36.07,2020,12,14.69,12.96,15.43,2.47,74.5,24,21.69,81.32,1.85,22.2
nakuru,-0.3,36.07,2021,1,14.55,12.74,15.47,2.73,57.49,24,8.8,81.03,1.88,21.6
nakuru,-0.3,36.07,2021,2,15.18,12.76,16.34,3.58,84.1,19,14.33,78.3,1.74,21.51
nakuru,-0.3,36.07,2021,3,15.4,13.97,16.81,2.84,71.43,23,16.46,77.22,2.35,23.82
nakuru,-0.3,36.07,2021,4,15.83,15.0,16.52,1.52,211.47,30,26.75,83.48,2.21,21.58
nakuru,-0.3,36.07,2021,5,15.35,14.34,16.25,1.91,266.96,30,41.88,85.44,1.5,19.67
nakuru,-0.3,36.07,2021,6,14.24,12.88,15.68,2.8,20.36,25,3.3,84.12,1.84,19.63
nakuru,-0.3,36.07,2021,7,13.5,12.66,15.03,2.37,101.29,31,8.13,85.59,1.68,15.6
nakuru,-0.3,36.07,2021,8,14.04,11.98,15.97,3.99,91.08,30,10.25,81.72,1.7,19.04
nakuru,-0.3,36.07,2021,9,14.84,13.55,16.29,2.74,86.49,30,11.22,81.15,1.93,19.73
nakuru,-0.3,36.07,2021,10,15.59,14.84,16.38,1.54,109.42,31,11.56,80.18,1.81,20.13
nakuru,-0.3,36.07,2021,11,15.79,15.24,16.5,1.26,102.81,30,20.0,79.37,2.05,20.6
nakuru,-0.3,36.07,2021,12,15.27,14.07,16.2,2.13,126.77,31,28.38,83.6,2.42,18.69
nakuru,-0.3,36.07,2022,1,15.1,13.27,16.57,3.3,64.4,20,25.38,72.94,1.73,22.52
nakuru,-0.3,36.07,2022,2,16.45,15.27,17.77,2.5,55.98,24,20.71,70.63,1.78,22.41
nakuru,-0.3,36.07,2022,3,16.9,14.86,18.22,3.36,79.02,23,15.89,67.26,2.01,25.21
nakuru,-0.3,36.07,2022,4,16.41,14.94,17.51,2.57,148.16,25,16.07,76.45,2.27,20.96
nakuru,-0.3,36.07,2022,5,15.89,14.5,17.12,2.62,98.19,30,14.02,79.54,1.84,20.93
nakuru,-0.3,36.07,2022,6,14.47,12.65,16.13,3.48,52.8,25,6.06,77.64,2.04,19.49
nakuru,-0.3,36.07,2022,7,13.93,12.51,15.31,2.8,111.53,29,18.09,79.18,1.98,17.32
nakuru,-0.3,36.07,2022,8,14.05,12.57,16.08,3.51,179.52,31,18.81,81.89,1.6,17.15
nakuru,-0.3,36.07,2022,9,14.75,13.79,15.51,1.72,140.96,29,17.48,79.92,1.89,20.89
nakuru,-0.3,36.07,2022,10,15.43,14.02,16.61,2.59,43.76,31,9.08,72.96,2.13,22.94
nakuru,-0.3,36.07,2022,11,15.34,14.54,15.93,1.39,170.37,30,25.49,82.19,2.16,18.5
nakuru,-0.3,36.07,2022,12,15.39,14.1,16.15,2.05,84.77,29,10.52,79.38,1.97,20.04
nakuru,-0.3,36.07,2023,1,15.04,13.86,15.88,2.02,20.96,15,3.65,70.08,2.24,23.7
nakuru,-0.3,36.07,2023,2,16.73,15.31,17.65,2.34,23.83,12,5.69,62.12,2.08,25.63
nakuru,-0.3,36.07,2023,3,16.85,15.14,18.48,3.34,186.72,27,33.99,73.57,2.0,22.09
nakuru,-0.3,36.07,2023,4,16.08,14.63,17.14,2.51,274.19,30,35.22,82.57,2.43,19.49
nakuru,-0.3,36.07,2023,5,15.63,13.35,16.7,3.35,145.98,31,24.14,81.93,2.15,21.14
nakuru,-0.3,36.07,2023,6,15.29,14.46,16.17,1.71,79.48,29,7.94,82.05,1.5,18.33
nakuru,-0.3,36.07,2023,7,14.62,12.79,15.95,3.16,39.53,29,4.46,79.15,1.93,18.94
nakuru,-0.3,36.07,2023,8,15.07,13.37,15.97,2.6,62.04,28,15.73,76.85,2.15,20.6
nakuru,-0.3,36.07,2023,9,16.16,14.75,16.84,2.09,133.5,30,18.77,77.39,1.79,21.8
nakuru,-0.3,36.07,2023,10,16.25,15.33,17.15,1.82,167.89,31,37.65,77.0,2.74,21.16
nakuru,-0.3,36.07,2023,11,15.4,13.82,16.36,2.54,458.44,30,44.36,85.87,2.42,17.02
nakuru,-0.3,36.07,2023,12,16.02,14.95,17.06,2.11,106.65,30,12.08,83.12,1.73,20.48
nakuru,-0.3,36.07,2024,1,15.55,14.56,16.38,1.82,204.35,30,44.55,82.47,1.54,19.79
nakuru,-0.3,36.07,2024,2,16.06,14.74,17.04,2.3,81.14,25,10.34,80.32,1.92,23.09
nakuru,-0.3,36.07,2024,3,16.78,14.85,17.7,2.85,153.1,27,24.14,80.6,2.21,24.3
nakuru,-0.3,36.07,2024,4,16.12,14.85,16.98,2.13,627.87,30,78.29,87.1,1.76,18.51
nakuru,-0.3,36.07,2024,5,15.97,14.89,17.18,2.29,392.25,30,42.37,87.52,1.49,19.61
nakuru,-0.3,36.07,2024,6,14.5,12.61,16.57,3.96,68.95,29,9.74,85.43,1.63,19.96
nakuru,-0.3,36.07,2024,7,14.38,12.69,15.52,2.83,150.92,31,16.57,87.1,1.29,15.47
nakuru,-0.3,36.07,2024,8,14.07,12.89,15.05,2.16,85.64,31,13.65,84.83,1.79,18.15
nakuru,-0.3,36.07,2024,9,14.67,13.46,16.28,2.82,101.93,30,23.35,82.45,1.93,21.14
nakuru,-0.3,36.07,2024,10,15.31,13.89,16.33,2.44,68.89,28,13.43,81.33,1.93,22.11
nakuru,-0.3,36.07,2024,11,15.68,14.8,16.43,1.63,353.83,30,46.65,85.68,2.0,18.06
nakuru,-0.3,36.07,2024,12,15.11,13.46,16.28,2.82,125.02,27,45.03,83.68,1.82,20.98
