year,month,actual,predicted,model,residual
2001,1,14.593574718,13.357801326239466,Ridge,1.2357733917605334
2001,2,12.161312265,12.952003339581166,Ridge,-0.7906910745811668
2001,3,19.458099624,16.368478699660898,Ridge,3.0896209243391013
2001,4,29.187149436,22.43234511139601,Ridge,6.754804324603988
2001,5,34.051674342,28.38305855510393,Ridge,5.668615786896069
2001,6,24.32262453,23.5642202143506,Ridge,0.7584043156494005
2001,7,14.593574718,18.73281974033535,Ridge,-4.139245022335352
2001,8,12.161312265,13.080135005868197,Ridge,-0.9188227408681975
2001,9,14.593574718,15.315867115595236,Ridge,-0.7222923975952362
2001,10,24.32262453,21.91013805630689,Ridge,2.4124864736931073
2001,11,29.187149436,27.457802332679428,Ridge,1.7293471033205705
2001,12,14.593574718,25.826278421188476,Ridge,-11.232703703188477
2002,1,13.653268812,13.580360384683186,Ridge,0.0729084273168148
2002,2,11.377724010000001,12.107705742863851,Ridge,-0.72998173286385
2002,3,18.204358416,15.837021133144244,Ridge,2.3673372828557575
2002,4,27.306537624,22.307066349332736,Ridge,4.999471274667265
2002,5,31.857627228000002,28.136880599529164,Ridge,3.720746628470838
2002,6,22.755448020000003,22.797611977589057,Ridge,-0.04216395758905378
2002,7,13.653268812,17.534519269424813,Ridge,-3.8812504574248123
2002,8,11.377724010000001,12.225355306840488,Ridge,-0.8476312968404862
2002,9,13.653268812,14.290179452133248,Ridge,-0.636910640133248
2002,10,22.755448020000003,20.535789830675334,Ridge,2.2196581893246687
2002,11,27.306537624,25.708145386055037,Ridge,1.5983922379449638
2002,12,13.653268812,24.176629775512346,Ridge,-10.523360963512346
2003,1,13.208306627999999,12.81955667469904,Ridge,0.38874995330095885
2003,2,11.006922190000001,11.637481802120275,Ridge,-0.6305596121202743
2003,3,17.611075504000002,15.22623491892577,Ridge,2.3848405850742314
2003,4,26.416613255999998,21.33776938176686,Ridge,5.0788438742331365
2003,5,30.819382132000005,26.935628038670615,Ridge,3.88375409332939
2003,6,22.013844380000002,21.874321236536197,Ridge,0.1395231434638049
2003,7,13.208306627999999,16.931182081890995,Ridge,-3.722875453890996
2003,8,11.006922190000001,11.784575593348894,Ridge,-0.7776534033488929
2003,9,13.208306627999999,13.768524376025706,Ridge,-0.5602177480257069
2003,10,22.013844380000002,19.849145080220648,Ridge,2.164699299779354
2003,11,26.416613255999998,24.843900785273327,Ridge,1.572712470726671
2003,12,13.208306627999999,23.359710105611228,Ridge,-10.151403477611229
2004,1,11.065235658,11.305144215633918,Ridge,-0.2399085576339175
2004,2,9.221029715,9.482718117168094,Ridge,-0.26168840216809386
2004,3,14.753647544000001,13.134598504388194,Ridge,1.6190490396118076
2004,4,22.130471316,18.93175427873578,Ridge,3.1987170372642204
2004,5,25.818883202000002,23.860578158742044,Ridge,1.9583050432579583
2004,6,18.44205943,18.79362040077431,Ridge,-0.35156097077430815
2004,7,11.065235658,14.0470750399328,Ridge,-2.981839381932799
2004,8,9.221029715,9.683393968658136,Ridge,-0.4623642536581354
2004,9,11.065235658,11.277822814489106,Ridge,-0.2125871564891053
2004,10,18.44205943,16.563803897256975,Ridge,1.878255532743026
2004,11,22.130471316,20.703185601555923,Ridge,1.4272857144440785
2004,12,11.065235658,19.446925944291607,Ridge,-8.381690286291606
2005,1,8.335110228,8.570397882602204,Ridge,-0.2352876546022049
2005,2,6.9459251900000005,6.719528447841888,Ridge,0.22639674215811212
2005,3,11.113480304,10.166168700947823,Ridge,0.9473116030521762
2005,4,16.670220456,15.017721764024554,Ridge,1.6524986919754454
2005,5,19.448590532,18.92127730681203,Ridge,0.5273132251879709
2005,6,13.891850380000001,14.366012373347571,Ridge,-0.47416199334757003
2005,7,8.335110228,10.388805776783325,Ridge,-2.0536955487833257
2005,8,6.9459251900000005,7.022517988977562,Ridge,-0.07659279897756122
2005,9,8.335110228,8.120725151083882,Ridge,0.21438507691611797
2005,10,13.891850380000001,12.394389857719968,Ridge,1.4974605222800328
2005,11,16.670220456,15.444083752184705,Ridge,1.2261367038152944
2005,12,8.335110228,14.478192584459512,Ridge,-6.143082356459512
2006,1,7.531516901999999,6.815349904387674,Ridge,0.7161669976123246
2006,2,6.276264085,6.004720427380751,Ridge,0.27154365761924915
2006,3,10.042022536,9.010486356771287,Ridge,1.0315361792287128
2006,4,15.063033803999998,12.857695086404743,Ridge,2.2053387175952555
2006,5,17.573539438,16.22910375599908,Ridge,1.3444356820009205
2006,6,12.55252817,12.51555095306015,Ridge,0.03697721693985123
2006,7,7.531516901999999,9.455892767434882,Ridge,-1.9243758654348833
2006,8,6.276264085,6.383180716914139,Ridge,-0.1069166319141388
2006,9,7.531516901999999,7.335328496958436,Ridge,0.1961884050415632
2006,10,12.55252817,11.311024958355326,Ridge,1.241503211644675
2006,11,15.063033803999998,14.039976867201354,Ridge,1.0230569367986444
2006,12,7.531516901999999,13.159553633553585,Ridge,-5.628036731553586
2007,1,5.6901060612,5.388718451979225,Ridge,0.30138760922077523
2007,2,4.741755051,4.238295147117087,Ridge,0.5034599038829128
2007,3,7.5868080816,7.221956333443306,Ridge,0.36485174815669374
2007,4,11.3802121224,10.653352217405484,Ridge,0.7268599049945159
2007,5,13.2769141428,13.403673141213025,Ridge,-0.12675899841302396
2007,6,9.483510102,9.823945093955974,Ridge,-0.3404349919559735
2007,7,5.6901060612,7.071888304959049,Ridge,-1.3817822437590488
2007,8,4.741755051,4.6718965567874715,Ridge,0.06985849421252865
2007,9,5.6901060612,5.289353491565146,Ridge,0.40075256963485373
2007,10,9.483510102,8.58226434580829,Ridge,0.9012457561917095
2007,11,11.3802121224,10.57624528076894,Ridge,0.803966841631059
2007,12,5.6901060612,9.891669343581862,Ridge,-4.201563282381862
2008,1,4.7865969468,3.924310885338083,Ridge,0.8622860614619166
2008,2,3.988830789,3.329998263178455,Ridge,0.6588325258215453
2008,3,6.3821292624,6.040550670504987,Ridge,0.34157859189501316
2008,4,9.5731938936,8.7674645874153,Ridge,0.8057293061846984
2008,5,11.1687262092,11.05424453631263,Ridge,0.11448167288737032
2008,6,7.977661578,8.016570807384516,Ridge,-0.03890922938451613
2008,7,4.7865969468,5.891833816579101,Ridge,-1.1052368697791017
2008,8,3.988830789,3.821919914777935,Ridge,0.16691087422206508
2008,9,4.7865969468,4.275156990247484,Ridge,0.5114399565525156
2008,10,7.977661578,7.233051342156725,Ridge,0.7446102358432753
2008,11,9.5731938936,8.86641043270791,Ridge,0.7067834608920887
2008,12,4.7865969468,8.277929192837783,Ridge,-3.491332246037784
2009,1,4.6557684545999996,3.4116574556269788,Ridge,1.2441109989730208
2009,2,3.8798070455,3.2159868733259236,Ridge,0.6638201721740766
2009,3,6.2076912728,5.771572022964805,Ridge,0.4361192498351949
2009,4,9.311536909199999,8.176226476133323,Ridge,1.1353104330666763
2009,5,10.863459727400002,10.325999373715648,Ridge,0.5374603536843541
2009,6,7.759614091,7.576473714737691,Ridge,0.18314037626230917
2009,7,4.6557684545999996,5.752231270513757,Ridge,-1.0964628159137577
2009,8,3.8798070455,3.730112776928192,Ridge,0.14969426857180812
2009,9,4.6557684545999996,4.159570749076968,Ridge,0.49619770552303155
2009,10,7.759614091,7.068954573351334,Ridge,0.6906595176486663
2009,11,9.311536909199999,8.650095472180343,Ridge,0.661441437019656
2009,12,4.6557684545999996,8.07552878409284,Ridge,-3.419760329492841
2010,1,4.8163530444,3.638097623550932,Ridge,1.1782554208490676
2010,1,4.8163530444,3.079410698387401,Ridge,1.7369423460125986
2010,1,4.8163530444,4.2246168115129965,Ridge,0.591736232887003
2010,1,4.8163530444,4.988375672007167,Ridge,-0.17202262760716724
2010,1,4.8163530444,5.67565967189906,Ridge,-0.8593066274990608
2010,1,4.8163530444,4.0300135877129755,Ridge,0.7863394566870241
2010,1,4.8163530444,4.192116559621017,Ridge,0.624236484778983
2010,1,4.8163530444,3.572241428698769,Ridge,1.2441116157012306
2010,2,4.0136275370000005,4.237714585222873,Ridge,-0.22408704822287273
2010,2,4.0136275370000005,4.445468246674873,Ridge,-0.43184070967487287
2010,2,4.0136275370000005,3.909545953275322,Ridge,0.10408158372467868
2010,2,4.0136275370000005,4.04878313272223,Ridge,-0.03515559572222937
2010,2,4.0136275370000005,4.5573785012987,Ridge,-0.5437509642986997
2010,2,4.0136275370000005,4.401569916380598,Ridge,-0.38794237938059783
2010,2,4.0136275370000005,4.498106771189882,Ridge,-0.48447923418988115
2010,2,4.0136275370000005,3.8668824664173505,Ridge,0.14674507058265007
2010,3,6.4218040592,6.268815841128103,Ridge,0.1529882180718971
2010,3,6.4218040592,7.039376559127852,Ridge,-0.617572499927852
2010,3,6.4218040592,7.101206762976189,Ridge,-0.6794027037761889
2010,3,6.4218040592,7.191814777385528,Ridge,-0.770010718185528
2010,3,6.4218040592,7.259763477555342,Ridge,-0.837959418355342
2010,3,6.4218040592,6.877985114313281,Ridge,-0.456181055113281
2010,3,6.4218040592,7.771815188098264,Ridge,-1.350011128898264
2010,3,6.4218040592,7.538947022025185,Ridge,-1.1171429628251843
2010,4,9.6327060888,8.260924493322012,Ridge,1.3717815954779873
2010,4,9.6327060888,9.531460380989303,Ridge,0.10124570781069586
2010,4,9.6327060888,9.101381700102099,Ridge,0.5313243886979002
2010,4,9.6327060888,9.177294216764626,Ridge,0.4554118720353735
2010,4,9.6327060888,9.1446820952233,Ridge,0.48802399357669835
2010,4,9.6327060888,9.094564725563817,Ridge,0.538141363236182
2010,4,9.6327060888,9.92465214971177,Ridge,-0.291946060911771
2010,4,9.6327060888,10.041280564159969,Ridge,-0.4085744753599698
2010,5,11.2381571036,10.296318762193755,Ridge,0.9418383414062461
2010,5,11.2381571036,10.78641432977384,Ridge,0.4517427738261599
2010,5,11.2381571036,10.668187045793228,Ridge,0.5699700578067723
2010,5,11.2381571036,10.516807816855895,Ridge,0.7213492867441058
2010,5,11.2381571036,10.439239288645908,Ridge,0.798917814954093
2010,5,11.2381571036,10.875329666581917,Ridge,0.3628274370180833
2010,5,11.2381571036,10.907103761332431,Ridge,0.33105334226756966
2010,5,11.2381571036,11.163883644945956,Ridge,0.07427345865404433
2010,6,8.027255074000001,8.894628072823645,Ridge,-0.8673729988236438
2010,6,8.027255074000001,7.7966640606797,Ridge,0.23059101332030085
2010,6,8.027255074000001,7.424542937228139,Ridge,0.6027121367718618
2010,6,8.027255074000001,8.020659559620105,Ridge,0.006595514379895917
2010,6,8.027255074000001,7.5465132968238,Ridge,0.4807417771762008
2010,6,8.027255074000001,7.994362992538877,Ridge,0.032892081461124434
2010,6,8.027255074000001,6.693342876104953,Ridge,1.3339121978950477
2010,6,8.027255074000001,6.898159216448739,Ridge,1.1290958575512624
2010,7,4.8163530444,6.461580133680805,Ridge,-1.6452270892808052
2010,7,4.8163530444,5.690933215696639,Ridge,-0.874580171296639
2010,7,4.8163530444,5.502525894535719,Ridge,-0.6861728501357192
2010,7,4.8163530444,5.866019108258761,Ridge,-1.0496660638587612
2010,7,4.8163530444,5.383081181285158,Ridge,-0.5667281368851587
2010,7,4.8163530444,5.824511724724053,Ridge,-1.0081586803240539
2010,7,4.8163530444,4.5000836562217685,Ridge,0.316269388178231
2010,7,4.8163530444,4.692182095876262,Ridge,0.12417094852373722
2010,8,4.0136275370000005,4.619349747292078,Ridge,-0.6057222102920772
2010,8,4.0136275370000005,4.346538317224677,Ridge,-0.3329107802246769
2010,8,4.0136275370000005,4.516607146700739,Ridge,-0.5029796097007386
2010,8,4.0136275370000005,4.569730182135088,Ridge,-0.5561026451350877
2010,8,4.0136275370000005,4.200187583435811,Ridge,-0.1865600464358108
2010,8,4.0136275370000005,4.495470016764498,Ridge,-0.4818424797644978
2010,8,4.0136275370000005,4.196482155708718,Ridge,-0.1828546187087179
2010,8,4.0136275370000005,4.188987987215736,Ridge,-0.17536045021573532
2010,9,4.8163530444,4.30421208614773,Ridge,0.5121409582522691
2010,9,4.8163530444,4.546567587643629,Ridge,0.2697854567563702
2010,9,4.8163530444,4.6642456641316805,Ridge,0.15210738026831905
2010,9,4.8163530444,4.703353805744019,Ridge,0.1129992386559806
2010,9,4.8163530444,4.435903807246653,Ridge,0.38044923715334633
2010,9,4.8163530444,4.5322574762591445,Ridge,0.284095568140855
2010,9,4.8163530444,4.705281980865967,Ridge,0.11107106353403218
2010,9,4.8163530444,4.976809977707244,Ridge,-0.16045693330724475
2010,10,8.027255074000001,6.4039968375157175,Ridge,1.6232582364842836
2010,10,8.027255074000001,7.455156893070669,Ridge,0.5720981809293324
2010,10,8.027255074000001,7.675002929606242,Ridge,0.3522521443937592
2010,10,8.027255074000001,7.43200512326331,Ridge,0.5952499507366911
2010,10,8.027255074000001,7.414820690699774,Ridge,0.6124343833002275
2010,10,8.027255074000001,7.17055690135448,Ridge,0.8566981726455207
2010,10,8.027255074000001,8.180595735281704,Ridge,-0.1533406612817032
2010,10,8.027255074000001,8.349077462909756,Ridge,-0.3218223889097551
2010,11,9.6327060888,7.982088312160771,Ridge,1.650617776639228
2010,11,9.6327060888,8.353251214783853,Ridge,1.279454874016146
2010,11,9.6327060888,8.30123177421286,Ridge,1.3314743145871386
2010,11,9.6327060888,8.350890733889713,Ridge,1.281815354910286
2010,11,9.6327060888,8.049026264086848,Ridge,1.5836798247131512
2010,11,9.6327060888,8.043920096145545,Ridge,1.5887859926544543
2010,11,9.6327060888,8.620825165531175,Ridge,1.0118809232688246
2010,11,9.6327060888,8.223139054473299,Ridge,1.4095670343267006
2010,12,4.8163530444,7.702360561263289,Ridge,-2.8860075168632893
2010,12,4.8163530444,6.122514661868899,Ridge,-1.3061616174688995
2010,12,4.8163530444,5.994834583011805,Ridge,-1.1784815386118055
2010,12,4.8163530444,6.786823246461424,Ridge,-1.9704702020614242
2010,12,4.8163530444,6.969822401642234,Ridge,-2.1534693572422343
2010,12,4.8163530444,6.742316369163782,Ridge,-1.9259633247637824
2010,12,4.8163530444,5.471317936964023,Ridge,-0.6549648925640232
2010,12,4.8163530444,5.023280806391924,Ridge,-0.2069277619919241
2011,1,4.9549168757999995,3.706768497294454,Ridge,1.2481483785055456
2011,1,4.9549168757999995,3.935529794371353,Ridge,1.0193870814286465
2011,1,4.9549168757999995,3.8609232752766207,Ridge,1.0939936005233788
2011,1,4.9549168757999995,3.8367809319683785,Ridge,1.118135943831621
2011,1,4.9549168757999995,4.062862909255788,Ridge,0.8920539665442115
2011,1,4.9549168757999995,4.058644329428127,Ridge,0.8962725463718728
2011,1,4.9549168757999995,4.478563017615101,Ridge,0.4763538581848987
2011,1,4.9549168757999995,4.109909076886948,Ridge,0.8450077989130511
2011,2,4.1290973965,4.744136045678843,Ridge,-0.6150386491788433
2011,2,4.1290973965,4.2866660983223035,Ridge,-0.15756870182230376
2011,2,4.1290973965,4.301393422843189,Ridge,-0.1722960263431892
2011,2,4.1290973965,4.161947146334196,Ridge,-0.032849749834196196
2011,2,4.1290973965,4.574499515300246,Ridge,-0.4454021188002466
2011,2,4.1290973965,4.930303874407258,Ridge,-0.8012064779072583
2011,2,4.1290973965,4.953655326517222,Ridge,-0.8245579300172219
2011,2,4.1290973965,4.718370923386936,Ridge,-0.5892735268869362
2011,3,6.6065558344,7.155392324476855,Ridge,-0.5488364900768552
2011,3,6.6065558344,7.617593075651697,Ridge,-1.0110372412516968
2011,3,6.6065558344,7.721841547607963,Ridge,-1.115285713207963
2011,3,6.6065558344,7.3422255040705515,Ridge,-0.7356696696705516
2011,3,6.6065558344,7.7126222906027575,Ridge,-1.1060664562027576
2011,3,6.6065558344,7.715686705415514,Ridge,-1.1091308710155143
2011,3,6.6065558344,8.306393145616292,Ridge,-1.6998373112162923
2011,3,6.6065558344,7.9266598935997,Ridge,-1.3201040591997
2011,4,9.909833751599999,8.80502861712589,Ridge,1.104805134474109
2011,4,9.909833751599999,9.754442256771195,Ridge,0.15539149482880354
2011,4,9.909833751599999,9.620747837182925,Ridge,0.28908591441707365
2011,4,9.909833751599999,9.30134452685346,Ridge,0.6084892247465383
2011,4,9.909833751599999,9.521148433587491,Ridge,0.3886853180125076
2011,4,9.909833751599999,9.347333804108642,Ridge,0.5624999474913572
2011,4,9.909833751599999,10.633063476627427,Ridge,-0.7232297250274282
2011,4,9.909833751599999,10.420623826504743,Ridge,-0.5107900749047438
2011,5,11.5614727102,10.903045657938804,Ridge,0.6584270522611959
2011,5,11.5614727102,11.073405825847559,Ridge,0.48806688435244183
2011,5,11.5614727102,11.102941524373154,Ridge,0.45853118582684615
2011,5,11.5614727102,10.767579561828132,Ridge,0.7938931483718683
2011,5,11.5614727102,10.609897993164592,Ridge,0.9515747170354079
2011,5,11.5614727102,10.699378453109126,Ridge,0.8620942570908738
2011,5,11.5614727102,10.918801303499091,Ridge,0.6426714067009094
2011,5,11.5614727102,11.162016438714332,Ridge,0.3994562714856684
2011,6,8.258194793,9.491175861956375,Ridge,-1.2329810689563754
2011,6,8.258194793,8.044572594741563,Ridge,0.2136221982584363
2011,6,8.258194793,8.346686598729102,Ridge,-0.08849180572910242
2011,6,8.258194793,8.590397715681389,Ridge,-0.3322029226813896
2011,6,8.258194793,8.446572121676713,Ridge,-0.18837732867671342
2011,6,8.258194793,8.466607995621445,Ridge,-0.20841320262144514
2011,6,8.258194793,7.3932780002939396,Ridge,0.8649167927060599
2011,6,8.258194793,7.490377008642707,Ridge,0.7678177843572929
2011,7,4.9549168757999995,7.0191794584691305,Ridge,-2.064262582669131
2011,7,4.9549168757999995,5.929916421836103,Ridge,-0.9749995460361038
2011,7,4.9549168757999995,5.918625194004329,Ridge,-0.9637083182043291
2011,7,4.9549168757999995,6.440188776232232,Ridge,-1.4852719004322328
2011,7,4.9549168757999995,6.103114844359756,Ridge,-1.1481979685597565
2011,7,4.9549168757999995,6.040604795215932,Ridge,-1.0856879194159328
2011,7,4.9549168757999995,5.2304163850467855,Ridge,-0.275499509246786
2011,7,4.9549168757999995,5.2318327815300165,Ridge,-0.276915905730017
2011,8,4.1290973965,5.015889454430191,Ridge,-0.8867920579301911
2011,8,4.1290973965,4.604125727003002,Ridge,-0.47502833050300186
2011,8,4.1290973965,5.2454621290349985,Ridge,-1.1163647325349988
2011,8,4.1290973965,5.187961510032872,Ridge,-1.0588641135328727
2011,8,4.1290973965,4.675757008934649,Ridge,-0.5466596124346497
2011,8,4.1290973965,4.783220737574241,Ridge,-0.6541233410742411
2011,8,4.1290973965,4.257885502182682,Ridge,-0.12878810568268229
2011,8,4.1290973965,4.312789420686048,Ridge,-0.18369202418604846
2011,9,4.9549168757999995,4.261427449096683,Ridge,0.6934894267033167
2011,9,4.9549168757999995,4.602135099590241,Ridge,0.3527817762097589
2011,9,4.9549168757999995,4.700791605777145,Ridge,0.2541252700228549
2011,9,4.9549168757999995,4.7805157770861735,Ridge,0.17440109871382603
2011,9,4.9549168757999995,4.652509655528846,Ridge,0.30240722027115385
2011,9,4.9549168757999995,4.714808587351408,Ridge,0.24010828844859144
2011,9,4.9549168757999995,5.018179990681439,Ridge,-0.06326311488143954
2011,9,4.9549168757999995,5.159845093771494,Ridge,-0.20492821797149485
2011,10,8.258194793,6.503030978936667,Ridge,1.7551638140633328
2011,10,8.258194793,7.732978216507353,Ridge,0.5252165764926469
2011,10,8.258194793,7.910305870215412,Ridge,0.3478889227845876
2011,10,8.258194793,7.631222031846782,Ridge,0.6269727611532172
2011,10,8.258194793,7.441312204482117,Ridge,0.8168825885178821
2011,10,8.258194793,7.472263342297991,Ridge,0.7859314507020088
2011,10,8.258194793,8.565594069611503,Ridge,-0.3073992766115037
2011,10,8.258194793,8.4309355079317,Ridge,-0.17274071493170062
2011,11,9.909833751599999,8.352137756031777,Ridge,1.5576959955682224
2011,11,9.909833751599999,9.098581803080561,Ridge,0.8112519485194376
2011,11,9.909833751599999,8.894243490617,Ridge,1.0155902609829983
2011,11,9.909833751599999,8.828083457156666,Ridge,1.0817502944433333
2011,11,9.909833751599999,9.036460491440106,Ridge,0.8733732601598927
2011,11,9.909833751599999,8.89623391072026,Ridge,1.0135998408797384
2011,11,9.909833751599999,8.700258877743423,Ridge,1.2095748738565764
2011,11,9.909833751599999,8.604179139685659,Ridge,1.3056546119143402
2011,12,4.9549168757999995,8.106195740100542,Ridge,-3.1512788643005427
2011,12,4.9549168757999995,6.641087784813648,Ridge,-1.686170909013648
2011,12,4.9549168757999995,5.704976952808328,Ridge,-0.7500600770083281
2011,12,4.9549168757999995,6.424900276094273,Ridge,-1.4699834002942733
2011,12,4.9549168757999995,6.940893996074444,Ridge,-1.9859771202744447
2011,12,4.9549168757999995,6.9438686556159706,Ridge,-1.988951779815971
2011,12,4.9549168757999995,5.518023907259958,Ridge,-0.5631070314599587
2011,12,4.9549168757999995,5.012642462363463,Ridge,-0.05772558656346316
2012,1,5.053509131999999,3.5245160558678745,Ridge,1.5289930761321249
2012,1,5.053509131999999,4.109440521114403,Ridge,0.944068610885596
2012,1,5.053509131999999,4.089635223928897,Ridge,0.9638739080711023
2012,1,5.053509131999999,4.013506214859364,Ridge,1.0400029171406358
2012,1,5.053509131999999,3.9918063032483433,Ridge,1.0617028287516561
2012,1,5.053509131999999,3.8261043073415224,Ridge,1.227404824658477
2012,1,5.053509131999999,4.401333768109362,Ridge,0.6521753638906373
2012,1,5.053509131999999,4.252509651535517,Ridge,0.8009994804644824
2012,2,4.21125761,4.715930716200617,Ridge,-0.5046731062006176
2012,2,4.21125761,4.233148736512127,Ridge,-0.0218911265121271
2012,2,4.21125761,4.016606968277126,Ridge,0.19465064172287327
2012,2,4.21125761,3.853988729838638,Ridge,0.3572688801613615
2012,2,4.21125761,4.463367398584738,Ridge,-0.25210978858473876
2012,2,4.21125761,4.689700699436761,Ridge,-0.4784430894367615
2012,2,4.21125761,4.583749180654806,Ridge,-0.3724915706548062
2012,2,4.21125761,4.36642041276001,Ridge,-0.15516280276001027
2012,3,6.738012176,6.542747532820255,Ridge,0.1952646431797449
2012,3,6.738012176,7.2810926630321005,Ridge,-0.5430804870321007
2012,3,6.738012176,7.140048653523666,Ridge,-0.4020364775236658
2012,3,6.738012176,6.591342129885353,Ridge,0.14667004611464662
2012,3,6.738012176,7.112931806120946,Ridge,-0.37491963012094587
2012,3,6.738012176,7.308199611129125,Ridge,-0.5701874351291254
2012,3,6.738012176,8.41783660902335,Ridge,-1.6798244330233505
2012,3,6.738012176,8.09171328999999,Ridge,-1.3537011139999908
2012,4,10.107018263999999,8.990072775772994,Ridge,1.116945488227005
2012,4,10.107018263999999,10.134144735643401,Ridge,-0.02712647164340254
2012,4,10.107018263999999,10.888884135338362,Ridge,-0.781865871338363
2012,4,10.107018263999999,10.454926147546665,Ridge,-0.34790788354666624
2012,4,10.107018263999999,10.840311088387795,Ridge,-0.7332928243877959
2012,4,10.107018263999999,9.87809660966599,Ridge,0.2289216543340089
2012,4,10.107018263999999,10.793784407442693,Ridge,-0.6867661434426946
2012,4,10.107018263999999,10.354103815995384,Ridge,-0.24708555199538473
2012,5,11.791521308,11.171811304993925,Ridge,0.6197100030060749
2012,5,11.791521308,11.303033513543163,Ridge,0.4884877944568373
2012,5,11.791521308,11.174068079055385,Ridge,0.6174532289446155
2012,5,11.791521308,10.965786534232898,Ridge,0.8257347737671026
2012,5,11.791521308,11.547486366042879,Ridge,0.24403494195712128
2012,5,11.791521308,10.699976727114356,Ridge,1.0915445808856443
2012,5,11.791521308,11.73245950267019,Ridge,0.05906180532980976
2012,5,11.791521308,11.3683509674062,Ridge,0.4231703405937992
2012,6,8.42251522,9.378363883996736,Ridge,-0.9558486639967363
2012,6,8.42251522,8.14885057869573,Ridge,0.2736646413042685
2012,6,8.42251522,8.287512642996523,Ridge,0.13500257700347618
2012,6,8.42251522,8.904343775606472,Ridge,-0.481828555606473
2012,6,8.42251522,8.233496369940566,Ridge,0.18901885005943342
2012,6,8.42251522,8.272235546824373,Ridge,0.15027967317562663
2012,6,8.42251522,6.923287574920411,Ridge,1.4992276450795883
2012,6,8.42251522,6.959187443214173,Ridge,1.4633277767858264
2012,7,5.053509131999999,6.438334595664539,Ridge,-1.3848254636645398
2012,7,5.053509131999999,5.563242366448693,Ridge,-0.509733234448694
2012,7,5.053509131999999,5.790745052401596,Ridge,-0.7372359204015968
2012,7,5.053509131999999,6.26800816753799,Ridge,-1.2144990355379903
2012,7,5.053509131999999,5.587677684030841,Ridge,-0.5341685520308417
2012,7,5.053509131999999,6.049117157428656,Ridge,-0.9956080254286563
2012,7,5.053509131999999,4.931066896818813,Ridge,0.12244223518118602
2012,7,5.053509131999999,4.8998557643782865,Ridge,0.1536533676217129
2012,8,4.21125761,4.517586184140771,Ridge,-0.3063285741407711
2012,8,4.21125761,4.430967168331477,Ridge,-0.21970955833147698
2012,8,4.21125761,4.936630690922389,Ridge,-0.7253730809223891
2012,8,4.21125761,5.060959912433444,Ridge,-0.8497023024334442
2012,8,4.21125761,4.7657079727567115,Ridge,-0.5544503627567119
2012,8,4.21125761,4.8503962096030016,Ridge,-0.6391385996030019
2012,8,4.21125761,4.50621290299461,Ridge,-0.29495529299461065
2012,8,4.21125761,4.562438462431981,Ridge,-0.35118085243198127
2012,9,5.053509131999999,4.528200776778469,Ridge,0.5253083552215303
2012,9,5.053509131999999,4.666989466047383,Ridge,0.38651966595261644
2012,9,5.053509131999999,5.131663832357554,Ridge,-0.07815470035755467
2012,9,5.053509131999999,4.988219493104329,Ridge,0.06528963889567052
2012,9,5.053509131999999,5.069295063358269,Ridge,-0.015785931358269778
2012,9,5.053509131999999,4.835816065066108,Ridge,0.217693066933891
2012,9,5.053509131999999,5.2597922768553556,Ridge,-0.20628314485535615
2012,9,5.053509131999999,5.4849449601298135,Ridge,-0.43143582812981407
2012,10,8.42251522,6.868846553263239,Ridge,1.55366866673676
2012,10,8.42251522,8.051790842150446,Ridge,0.3707243778495535
2012,10,8.42251522,8.187195541785476,Ridge,0.23531967821452326
2012,10,8.42251522,7.897885315013464,Ridge,0.5246299049865355
2012,10,8.42251522,7.9157869011838065,Ridge,0.5067283188161928
2012,10,8.42251522,7.413387726871368,Ridge,1.0091274931286316
2012,10,8.42251522,8.775593420197549,Ridge,-0.3530782001975492
2012,10,8.42251522,8.751144973419066,Ridge,-0.32862975341906697
2012,11,10.107018263999999,8.67699510031997,Ridge,1.430023163680028
2012,11,10.107018263999999,9.206647304689287,Ridge,0.9003709593107114
2012,11,10.107018263999999,9.270533670564918,Ridge,0.8364845934350811
2012,11,10.107018263999999,9.271696780167293,Ridge,0.8353214838327059
2012,11,10.107018263999999,9.110917930258836,Ridge,0.9961003337411629
2012,11,10.107018263999999,9.22173063243422,Ridge,0.8852876315657792
2012,11,10.107018263999999,9.330269399682201,Ridge,0.7767488643177973
2012,11,10.107018263999999,9.125641273287615,Ridge,0.9813769907123842
2012,12,5.053509131999999,8.69706887686939,Ridge,-3.64355974486939
2012,12,5.053509131999999,6.832227976043882,Ridge,-1.7787188440438824
2012,12,5.053509131999999,6.4463413164160395,Ridge,-1.39283218441604
2012,12,5.053509131999999,7.38503685488012,Ridge,-2.3315277228801206
2012,12,5.053509131999999,7.678227341950016,Ridge,-2.624718209950017
2012,12,5.053509131999999,7.60124890952952,Ridge,-2.5477397775295207
2012,12,5.053509131999999,5.856944212813651,Ridge,-0.8034350808136512
2012,12,5.053509131999999,5.300629245555799,Ridge,-0.24712011355579921
2013,1,5.126418222,3.6266591864615334,Ridge,1.4997590355384665
2013,1,5.126418222,4.237020884151731,Ridge,0.8893973378482691
2013,1,5.126418222,3.9285312691328653,Ridge,1.1978869528671345
2013,1,5.126418222,4.114692175808134,Ridge,1.0117260461918658
2013,1,5.126418222,4.23649703771223,Ridge,0.8899211842877701
2013,1,5.126418222,4.194466064134671,Ridge,0.9319521578653287
2013,1,5.126418222,4.582975304913697,Ridge,0.5434429170863027
2013,1,5.126418222,3.944732304265403,Ridge,1.181685917734597
2013,2,4.272015185,4.121626729444261,Ridge,0.15038845555573932
2013,2,4.272015185,3.967338955016662,Ridge,0.3046762299833379
2013,2,4.272015185,4.259897082250066,Ridge,0.012118102749933968
2013,2,4.272015185,4.39248662578909,Ridge,-0.12047144078908989
2013,2,4.272015185,4.414828323810994,Ridge,-0.1428131388109941
2013,2,4.272015185,4.2772249403867475,Ridge,-0.0052097553867476165
2013,2,4.272015185,4.493976590685718,Ridge,-0.2219614056857182
2013,2,4.272015185,4.190944681878117,Ridge,0.08107050312188324
2013,3,6.835224296,6.038522772860717,Ridge,0.7967015231392827
2013,3,6.835224296,7.1637844284177445,Ridge,-0.32856013241774473
2013,3,6.835224296,7.299209290913202,Ridge,-0.46398499491320244
2013,3,6.835224296,7.273496863184031,Ridge,-0.43827256718403085
2013,3,6.835224296,7.444715690413096,Ridge,-0.6094913944130962
2013,3,6.835224296,7.778996249158082,Ridge,-0.9437719531580822
2013,3,6.835224296,8.377498268257655,Ridge,-1.5422739722576555
2013,3,6.835224296,8.21108030337362,Ridge,-1.3758560073736206
2013,4,10.252836444,9.36573169252652,Ridge,0.8871047514734798
2013,4,10.252836444,10.37859094453563,Ridge,-0.12575450053562953
2013,4,10.252836444,10.461979816069029,Ridge,-0.209143372069029
2013,4,10.252836444,10.160211430814762,Ridge,0.09262501318523775
2013,4,10.252836444,10.344706150904074,Ridge,-0.09186970690407392
2013,4,10.252836444,9.350841363037063,Ridge,0.9019950809629371
2013,4,10.252836444,10.40060691402749,Ridge,-0.14777047002749022
2013,4,10.252836444,10.378655806675093,Ridge,-0.12581936267509342
2013,5,11.961642518000001,10.754641726408636,Ridge,1.2070007915913656
2013,5,11.961642518000001,11.432896025335015,Ridge,0.5287464926649861
2013,5,11.961642518000001,10.852076635602607,Ridge,1.1095658823973942
2013,5,11.961642518000001,10.817433175308313,Ridge,1.1442093426916884
2013,5,11.961642518000001,10.78525687318681,Ridge,1.176385644813191
2013,5,11.961642518000001,10.989287012290042,Ridge,0.9723555057099595
2013,5,11.961642518000001,11.287926553836986,Ridge,0.6737159641630157
2013,5,11.961642518000001,11.44578291909001,Ridge,0.5158595989099908
2013,6,8.54403037,8.954754128180262,Ridge,-0.4107237581802625
2013,6,8.54403037,7.649357927931102,Ridge,0.8946724420688978
2013,6,8.54403037,7.936662716521374,Ridge,0.6073676534786259
2013,6,8.54403037,8.592034766625261,Ridge,-0.048004396625261236
2013,6,8.54403037,7.700493814290954,Ridge,0.8435365557090462
2013,6,8.54403037,8.309932914012963,Ridge,0.2340974559870368
2013,6,8.54403037,7.025287698602245,Ridge,1.5187426713977548
2013,6,8.54403037,7.034431588956907,Ridge,1.5095987810430929
2013,7,5.126418222,6.686056356947259,Ridge,-1.5596381349472592
2013,7,5.126418222,5.836270286434562,Ridge,-0.7098520644345623
2013,7,5.126418222,5.650097894225003,Ridge,-0.5236796722250032
2013,7,5.126418222,6.087368492446687,Ridge,-0.9609502704466868
2013,7,5.126418222,5.696102720188172,Ridge,-0.5696844981881721
2013,7,5.126418222,6.038430530806362,Ridge,-0.9120123088063625
2013,7,5.126418222,4.908438681195494,Ridge,0.21797954080450577
2013,7,5.126418222,5.074025974893347,Ridge,0.05239224710665269
2013,8,4.272015185,5.12319658374791,Ridge,-0.8511813987479098
2013,8,4.272015185,4.713386060803689,Ridge,-0.44137087580368917
2013,8,4.272015185,5.025448699625079,Ridge,-0.7534335146250788
2013,8,4.272015185,5.157340417836239,Ridge,-0.8853252328362391
2013,8,4.272015185,4.502248386816583,Ridge,-0.23023320181658313
2013,8,4.272015185,4.775582148571187,Ridge,-0.5035669635711875
2013,8,4.272015185,4.170866985764605,Ridge,0.10114819923539464
2013,8,4.272015185,4.2442731945769125,Ridge,0.027741990423087337
2013,9,5.126418222,4.406670320705003,Ridge,0.7197479012949968
2013,9,5.126418222,4.5998481206941655,Ridge,0.5265701013058344
2013,9,5.126418222,5.073328172572898,Ridge,0.053090049427101604
2013,9,5.126418222,4.880821173616605,Ridge,0.24559704838339513
2013,9,5.126418222,4.971312738773596,Ridge,0.1551054832264036
2013,9,5.126418222,5.0674097335647,Ridge,0.05900848843529971
2013,9,5.126418222,5.298061807637616,Ridge,-0.17164358563761617
2013,9,5.126418222,5.492318670933726,Ridge,-0.36590044893372653
2013,10,8.54403037,6.840992079158932,Ridge,1.703038290841068
2013,10,8.54403037,7.999497187255049,Ridge,0.5445331827449511
2013,10,8.54403037,8.100646265905382,Ridge,0.44338410409461737
2013,10,8.54403037,7.485552752162194,Ridge,1.0584776178378057
2013,10,8.54403037,7.672461383541198,Ridge,0.8715689864588017
2013,10,8.54403037,7.556257421607912,Ridge,0.9877729483920881
2013,10,8.54403037,8.769761779592224,Ridge,-0.2257314095922247
2013,10,8.54403037,8.827731860360089,Ridge,-0.2837014903600892
2013,11,10.252836444,8.415728171616825,Ridge,1.8371082723831744
2013,11,10.252836444,8.99214783980865,Ridge,1.2606886041913494
2013,11,10.252836444,9.033488035079468,Ridge,1.2193484089205313
2013,11,10.252836444,8.852702558061907,Ridge,1.400133885938093
2013,11,10.252836444,8.646564852006922,Ridge,1.6062715919930781
2013,11,10.252836444,8.621711069831747,Ridge,1.6311253741682528
2013,11,10.252836444,9.141474646759693,Ridge,1.1113617972403063
2013,11,10.252836444,8.600684281126142,Ridge,1.6521521628738576
2013,12,5.126418222,8.23104225332982,Ridge,-3.10462403132982
2013,12,5.126418222,6.602857501875966,Ridge,-1.476439279875966
2013,12,5.126418222,6.148440650148218,Ridge,-1.022022428148218
2013,12,5.126418222,7.006219940624469,Ridge,-1.8798017186244689
2013,12,5.126418222,7.37635610014558,Ridge,-2.2499378781455803
2013,12,5.126418222,7.5869746789492325,Ridge,-2.4605564569492326
2013,12,5.126418222,6.070663962286295,Ridge,-0.9442457402862949
2013,12,5.126418222,5.235414596229134,Ridge,-0.10899637422913422
2014,1,5.0658494064,3.9934301211874845,Ridge,1.0724192852125154
2014,1,5.0658494064,4.297596687632521,Ridge,0.7682527187674788
2014,1,5.0658494064,4.0475013868738134,Ridge,1.0183480195261865
2014,1,5.0658494064,4.088097545331307,Ridge,0.9777518610686933
2014,1,5.0658494064,4.1363907850179515,Ridge,0.9294586213820484
2014,1,5.0658494064,3.9697747029491413,Ridge,1.0960747034508587
2014,1,5.0658494064,4.6260457481113,Ridge,0.4398036582886995
2014,1,5.0658494064,3.974173685974808,Ridge,1.091675720425192
2014,2,4.221541172,4.24558640433313,Ridge,-0.024045232333129718
2014,2,4.221541172,4.0561214696809,Ridge,0.16541970231910064
2014,2,4.221541172,4.17120475360065,Ridge,0.050336418399350435
2014,2,4.221541172,4.155611152108624,Ridge,0.06593001989137637
2014,2,4.221541172,4.309115217839388,Ridge,-0.08757404583938744
2014,2,4.221541172,4.564377481193619,Ridge,-0.3428363091936184
2014,2,4.221541172,4.45959990356914,Ridge,-0.23805873156914004
2014,2,4.221541172,3.8346779777509314,Ridge,0.3868631942490688
2014,3,6.7544658752,6.1495971946092025,Ridge,0.6048686805907977
2014,3,6.7544658752,7.212242894128093,Ridge,-0.45777701892809297
2014,3,6.7544658752,6.979108957995299,Ridge,-0.224643082795299
2014,3,6.7544658752,6.740924359550976,Ridge,0.01354151564902395
2014,3,6.7544658752,7.149705840475448,Ridge,-0.39523996527544814
2014,3,6.7544658752,7.272079651846697,Ridge,-0.517613776646697
2014,3,6.7544658752,8.439970976873257,Ridge,-1.6855051016732565
2014,3,6.7544658752,7.972606591565158,Ridge,-1.2181407163651574
2014,4,10.1316988128,8.490269816956523,Ridge,1.6414289958434765
2014,4,10.1316988128,9.61439673954694,Ridge,0.5173020732530595
2014,4,10.1316988128,9.299082215793563,Ridge,0.832616597006437
2014,4,10.1316988128,8.854407663421048,Ridge,1.2772911493789518
2014,4,10.1316988128,9.043213891421765,Ridge,1.0884849213782353
2014,4,10.1316988128,9.296166651753907,Ridge,0.8355321610460926
2014,4,10.1316988128,10.615905608700658,Ridge,-0.48420679590065774
2014,4,10.1316988128,10.081315412593831,Ridge,0.050383400206168716
2014,5,11.820315281600001,10.362338928588619,Ridge,1.4579763530113823
2014,5,11.820315281600001,10.961734831626547,Ridge,0.858580449973454
2014,5,11.820315281600001,10.763475907779462,Ridge,1.056839373820539
2014,5,11.820315281600001,10.620032974161553,Ridge,1.2002823074384477
2014,5,11.820315281600001,10.256777099641166,Ridge,1.563538181958835
2014,5,11.820315281600001,11.168840403140624,Ridge,0.6514748784593767
2014,5,11.820315281600001,10.978923698377793,Ridge,0.8413915832222081
2014,5,11.820315281600001,11.16628817214306,Ridge,0.6540271094569405
2014,6,8.443082344,9.45235426001982,Ridge,-1.00927191601982
2014,6,8.443082344,8.084273668562485,Ridge,0.3588086754375155
2014,6,8.443082344,7.884054545609325,Ridge,0.5590277983906757
2014,6,8.443082344,8.149993512246901,Ridge,0.2930888317530993
2014,6,8.443082344,7.942025748784947,Ridge,0.5010565952150534
2014,6,8.443082344,8.671965692853604,Ridge,-0.2288833488536035
2014,6,8.443082344,7.062813005811923,Ridge,1.3802693381880777
2014,6,8.443082344,7.2666542104617875,Ridge,1.176428133538213
2014,7,5.0658494064,7.005192877103634,Ridge,-1.9393434707036343
2014,7,5.0658494064,6.161173493850044,Ridge,-1.0953240874500443
2014,7,5.0658494064,5.9934511140884625,Ridge,-0.9276017076884626
2014,7,5.0658494064,6.17192813086432,Ridge,-1.1060787244643198
2014,7,5.0658494064,5.761820715667069,Ridge,-0.695971309267069
2014,7,5.0658494064,6.249481598487103,Ridge,-1.183632192087103
2014,7,5.0658494064,4.8622211058569675,Ridge,0.20362830054303238
2014,7,5.0658494064,4.969968059681222,Ridge,0.09588134671877757
2014,8,4.221541172,5.02713492338429,Ridge,-0.8055937513842899
2014,8,4.221541172,4.832573300625786,Ridge,-0.6110321286257854
2014,8,4.221541172,4.926769773372543,Ridge,-0.7052286013725428
2014,8,4.221541172,4.803560286686414,Ridge,-0.582019114686414
2014,8,4.221541172,4.743646544489839,Ridge,-0.5221053724898388
2014,8,4.221541172,4.825311423475911,Ridge,-0.6037702514759111
2014,8,4.221541172,4.339134738866891,Ridge,-0.1175935668668906
2014,8,4.221541172,4.3313954256950815,Ridge,-0.10985425369508128
2014,9,5.0658494064,4.364480514332837,Ridge,0.7013688920671628
2014,9,5.0658494064,4.528088353492169,Ridge,0.5377610529078307
2014,9,5.0658494064,4.639473036610508,Ridge,0.4263763697894918
2014,9,5.0658494064,4.503298451186982,Ridge,0.5625509552130179
2014,9,5.0658494064,4.414040432096928,Ridge,0.6518089743030719
2014,9,5.0658494064,4.662630846569643,Ridge,0.40321855983035704
2014,9,5.0658494064,4.913639753076056,Ridge,0.15220965332394432
2014,9,5.0658494064,4.909294406609663,Ridge,0.1565549997903366
2014,10,8.443082344,6.552939215569635,Ridge,1.8901431284303651
2014,10,8.443082344,7.634416885353957,Ridge,0.8086654586460433
2014,10,8.443082344,8.177858539053384,Ridge,0.2652238049466167
2014,10,8.443082344,7.569485021284217,Ridge,0.8735973227157832
2014,10,8.443082344,7.64787961766661,Ridge,0.7952027263333905
2014,10,8.443082344,7.795078360748122,Ridge,0.6480039832518782
2014,10,8.443082344,8.514820660734246,Ridge,-0.0717383167342458
2014,10,8.443082344,8.590461830260669,Ridge,-0.1473794862606681
2014,11,10.1316988128,8.332306581546451,Ridge,1.7993922312535489
2014,11,10.1316988128,9.23378412503917,Ridge,0.8979146877608297
2014,11,10.1316988128,8.71863684010186,Ridge,1.4130619726981397
2014,11,10.1316988128,8.526028246272126,Ridge,1.6056705665278734
2014,11,10.1316988128,8.82329429020567,Ridge,1.30840452259433
2014,11,10.1316988128,8.653237197549824,Ridge,1.4784616152501755
2014,11,10.1316988128,9.21863553064768,Ridge,0.9130632821523204
2014,11,10.1316988128,8.77321385569491,Ridge,1.3584849571050892
2014,12,5.0658494064,8.253588365002107,Ridge,-3.1877389586021074
2014,12,5.0658494064,6.6696958389664225,Ridge,-1.6038464325664226
2014,12,5.0658494064,6.260697301630403,Ridge,-1.194847895230403
2014,12,5.0658494064,6.928811982887202,Ridge,-1.8629625764872024
2014,12,5.0658494064,7.229157901328856,Ridge,-2.163308494928856
2014,12,5.0658494064,7.4360028355490435,Ridge,-2.3701534291490436
2014,12,5.0658494064,5.823514470750325,Ridge,-0.7576650643503253
2014,12,5.0658494064,5.2539889136712095,Ridge,-0.18813950727120954
2015,1,4.907798133,3.950152289718232,Ridge,0.9576458432817678
2015,1,4.907798133,4.316747616702279,Ridge,0.5910505162977211
2015,1,4.907798133,4.09624827008101,Ridge,0.8115498629189899
2015,1,4.907798133,3.830650922214931,Ridge,1.077147210785069
2015,1,4.907798133,4.151391508845339,Ridge,0.7564066241546614
2015,1,4.907798133,4.0275126096220655,Ridge,0.8802855233779345
2015,1,4.907798133,4.489159506727761,Ridge,0.418638626272239
2015,1,4.907798133,4.408433366067984,Ridge,0.4993647669320156
2015,2,4.089831777500001,5.541228957209859,Ridge,-1.4513971797098586
2015,2,4.089831777500001,4.72228076757054,Ridge,-0.6324489900705395
2015,2,4.089831777500001,4.401971201782636,Ridge,-0.31213942428263497
2015,2,4.089831777500001,3.710101346146607,Ridge,0.3797304313533938
2015,2,4.089831777500001,4.50942475068259,Ridge,-0.41959297318258937
2015,2,4.089831777500001,5.130764986166431,Ridge,-1.0409332086664307
2015,2,4.089831777500001,4.864122776461134,Ridge,-0.7742909989611331
2015,2,4.089831777500001,4.430109514221197,Ridge,-0.34027773672119643
2015,3,6.543730844000001,6.892974053968714,Ridge,-0.34924320996871305
2015,3,6.543730844000001,7.539513052291692,Ridge,-0.9957822082916916
2015,3,6.543730844000001,7.125364313927728,Ridge,-0.581633469927727
2015,3,6.543730844000001,6.467610811598821,Ridge,0.07612003240117993
2015,3,6.543730844000001,7.182334851812801,Ridge,-0.6386040078128001
2015,3,6.543730844000001,7.798577408326883,Ridge,-1.2548465643268827
2015,3,6.543730844000001,8.786202204865255,Ridge,-2.2424713608652542
2015,3,6.543730844000001,8.507780766180026,Ridge,-1.9640499221800258
2015,4,9.815596266,9.530918388941878,Ridge,0.2846778770581224
2015,4,9.815596266,10.313839284617583,Ridge,-0.4982430186175826
2015,4,9.815596266,10.22555025057449,Ridge,-0.4099539845744893
2015,4,9.815596266,10.088104831185742,Ridge,-0.27250856518574196
2015,4,9.815596266,10.0243708598872,Ridge,-0.20877459388720077
2015,4,9.815596266,9.62002946945967,Ridge,0.19556679654033005
2015,4,9.815596266,9.669964449068157,Ridge,0.1456318169318429
2015,4,9.815596266,10.17125098026131,Ridge,-0.3556547142613091
2015,5,11.451528977000002,10.983523391911717,Ridge,0.46800558508828516
2015,5,11.451528977000002,11.318175677037717,Ridge,0.13335329996228573
2015,5,11.451528977000002,11.008150910491828,Ridge,0.44337806650817413
2015,5,11.451528977000002,11.154905225106354,Ridge,0.2966237518936481
2015,5,11.451528977000002,10.847313061746439,Ridge,0.6042159152535636
2015,5,11.451528977000002,11.216877470447614,Ridge,0.23465150655238887
2015,5,11.451528977000002,10.700098070019823,Ridge,0.751430906980179
2015,5,11.451528977000002,11.735844799107763,Ridge,-0.28431582210776085
2015,6,8.179663555000001,9.513450050198855,Ridge,-1.3337864951988543
2015,6,8.179663555000001,8.223750376765805,Ridge,-0.04408682176580392
2015,6,8.179663555000001,8.442870565641128,Ridge,-0.2632070106411266
2015,6,8.179663555000001,8.60054183431272,Ridge,-0.4208782793127188
2015,6,8.179663555000001,8.304521404163816,Ridge,-0.12485784916381526
2015,6,8.179663555000001,8.092640762339375,Ridge,0.08702279266062618
2015,6,8.179663555000001,6.929434894427876,Ridge,1.250228660572125
2015,6,8.179663555000001,7.22829693224934,Ridge,0.951366622750661
2015,7,4.907798133,6.854309803293552,Ridge,-1.9465116702935523
2015,7,4.907798133,5.903216930975503,Ridge,-0.9954187979755034
2015,7,4.907798133,5.689158995139294,Ridge,-0.7813608621392936
2015,7,4.907798133,6.058870860560331,Ridge,-1.1510727275603312
2015,7,4.907798133,5.764655287491435,Ridge,-0.8568571544914354
2015,7,4.907798133,5.734523575237463,Ridge,-0.8267254422374632
2015,7,4.907798133,4.951558442437574,Ridge,-0.04376030943757403
2015,7,4.907798133,5.016710743776812,Ridge,-0.10891261077681236
2015,8,4.089831777500001,4.876162942960363,Ridge,-0.7863311654603624
2015,8,4.089831777500001,4.484912709369153,Ridge,-0.3950809318691526
2015,8,4.089831777500001,4.58803131006383,Ridge,-0.4981995325638291
2015,8,4.089831777500001,4.5700897608667885,Ridge,-0.48025798336678793
2015,8,4.089831777500001,4.180772662840182,Ridge,-0.09094088534018141
2015,8,4.089831777500001,4.4188766976867235,Ridge,-0.32904492018672293
2015,8,4.089831777500001,4.287491567565501,Ridge,-0.19765979006550083
2015,8,4.089831777500001,4.226491742892185,Ridge,-0.13665996539218472
2015,9,4.907798133,4.190332994066004,Ridge,0.7174651389339957
2015,9,4.907798133,4.535881456815429,Ridge,0.37191667618457114
2015,9,4.907798133,4.515999607651986,Ridge,0.3917985253480136
2015,9,4.907798133,4.333982004204493,Ridge,0.5738161287955066
2015,9,4.907798133,4.525029083619774,Ridge,0.3827690493802258
2015,9,4.907798133,4.662232477199588,Ridge,0.24556565580041223
2015,9,4.907798133,5.000013412577236,Ridge,-0.09221527957723641
2015,9,4.907798133,4.9430164396290515,Ridge,-0.035218306629051455
2015,10,8.179663555000001,6.4834795136181524,Ridge,1.6961840413818488
2015,10,8.179663555000001,7.687627712035323,Ridge,0.49203584296467806
2015,10,8.179663555000001,7.674747046012664,Ridge,0.5049165089873373
2015,10,8.179663555000001,7.425020414134992,Ridge,0.7546431408650092
2015,10,8.179663555000001,7.2593452136886665,Ridge,0.9203183413113347
2015,10,8.179663555000001,7.66289751473089,Ridge,0.5167660402691112
2015,10,8.179663555000001,8.125923168431562,Ridge,0.053740386568438936
2015,10,8.179663555000001,8.444428668047657,Ridge,-0.2647651130476554
2015,11,9.815596266,8.499828156595104,Ridge,1.315768109404896
2015,11,9.815596266,9.147954148593369,Ridge,0.6676421174066309
2015,11,9.815596266,9.175612613913547,Ridge,0.6399836520864532
2015,11,9.815596266,9.388234021109898,Ridge,0.42736224489010155
2015,11,9.815596266,9.07737518496142,Ridge,0.7382210810385796
2015,11,9.815596266,8.930913341366935,Ridge,0.884682924633065
2015,11,9.815596266,8.368595265986034,Ridge,1.447001000013966
2015,11,9.815596266,8.932990467188826,Ridge,0.8826057988111735
2015,12,4.907798133,8.410975995904392,Ridge,-3.5031778629043924
2015,12,4.907798133,6.9979012048303675,Ridge,-2.0901030718303675
2015,12,4.907798133,6.184569702296378,Ridge,-1.2767715692963781
2015,12,4.907798133,7.104335463597923,Ridge,-2.1965373305979226
2015,12,4.907798133,7.728845935136166,Ridge,-2.8210478021361656
2015,12,4.907798133,7.363175129149653,Ridge,-2.4553769961496528
2015,12,4.907798133,6.027360418143285,Ridge,-1.1195622851432852
2015,12,4.907798133,5.85217630693298,Ridge,-0.9443781739329804
2016,1,4.635673264799999,3.2815663946177542,Ridge,1.3541068701822452
2016,1,4.635673264799999,3.7386946840421276,Ridge,0.8969785807578718
2016,1,4.635673264799999,3.5397749159117633,Ridge,1.0958983488882361
2016,1,4.635673264799999,4.128082525080535,Ridge,0.5075907397194648
2016,1,4.635673264799999,3.9569538645515916,Ridge,0.6787194002484078
2016,1,4.635673264799999,3.765870917341181,Ridge,0.8698023474588186
2016,1,4.635673264799999,4.252881508648377,Ridge,0.3827917561516223
2016,1,4.635673264799999,3.6016596355711528,Ridge,1.0340136292288467
2016,2,3.863061054,3.7147703909424212,Ridge,0.14829066305757888
2016,2,3.863061054,3.803976522130235,Ridge,0.05908453186976503
2016,2,3.863061054,3.860838559208418,Ridge,0.002222494791582097
2016,2,3.863061054,4.270706533936107,Ridge,-0.40764547993610734
2016,2,3.863061054,3.9071728372512897,Ridge,-0.044111783251289616
2016,2,3.863061054,3.549024522372619,Ridge,0.314036531627381
2016,2,3.863061054,4.116398581407141,Ridge,-0.2533375274071412
2016,2,3.863061054,3.5379493277445597,Ridge,0.3251117262554404
2016,3,6.1808976864,5.691904046707255,Ridge,0.4889936396927448
2016,3,6.1808976864,6.473583944474081,Ridge,-0.292686258074081
2016,3,6.1808976864,6.767945566406011,Ridge,-0.5870478800060113
2016,3,6.1808976864,6.568296364037182,Ridge,-0.38739867763718205
2016,3,6.1808976864,6.634890380805545,Ridge,-0.453992694405545
2016,3,6.1808976864,6.872212618652815,Ridge,-0.6913149322528156
2016,3,6.1808976864,7.764825295169556,Ridge,-1.5839276087695566
2016,3,6.1808976864,7.6501492093131205,Ridge,-1.4692515229131207
2016,4,9.271346529599999,8.296084155129353,Ridge,0.9752623744706455
2016,4,9.271346529599999,9.200259988844467,Ridge,0.07108654075553211
2016,4,9.271346529599999,9.909537208253644,Ridge,-0.6381906786536451
2016,4,9.271346529599999,9.51930676347657,Ridge,-0.2479602338765705
2016,4,9.271346529599999,9.18256524085792,Ridge,0.08878128874207825
2016,4,9.271346529599999,9.040511886455688,Ridge,0.2308346431443109
2016,4,9.271346529599999,9.402876191904296,Ridge,-0.1315296623042972
2016,4,9.271346529599999,9.886031713004389,Ridge,-0.61468518340439
2016,5,10.816570951200001,10.027607288560787,Ridge,0.7889636626392136
2016,5,10.816570951200001,10.365674944053628,Ridge,0.45089600714637257
2016,5,10.816570951200001,10.469460273005277,Ridge,0.3471106781947242
2016,5,10.816570951200001,10.34602256036236,Ridge,0.47054839083764044
2016,5,10.816570951200001,10.108877123741143,Ridge,0.7076938274588578
2016,5,10.816570951200001,10.21188602971522,Ridge,0.6046849214847807
2016,5,10.816570951200001,10.350096286278959,Ridge,0.4664746649210425
2016,5,10.816570951200001,11.021390267380127,Ridge,-0.20481931618012617
2016,6,7.726122108,8.625787537435595,Ridge,-0.8996654294355952
2016,6,7.726122108,7.575711328333846,Ridge,0.1504107796661538
2016,6,7.726122108,7.702958875389231,Ridge,0.023163232610769136
2016,6,7.726122108,8.13276069886575,Ridge,-0.40663859086575016
2016,6,7.726122108,7.435375232094469,Ridge,0.2907468759055316
2016,6,7.726122108,7.356918589922415,Ridge,0.369203518077585
2016,6,7.726122108,6.454372208666583,Ridge,1.2717498993334173
2016,6,7.726122108,6.649561944695057,Ridge,1.0765601633049435
2016,7,4.635673264799999,6.510128565695915,Ridge,-1.8744553008959155
2016,7,4.635673264799999,5.2863296847919585,Ridge,-0.6506564199919591
2016,7,4.635673264799999,5.898003736441595,Ridge,-1.2623304716415955
2016,7,4.635673264799999,6.090534792165801,Ridge,-1.4548615273658019
2016,7,4.635673264799999,5.603143381957511,Ridge,-0.9674701171575117
2016,7,4.635673264799999,5.574002362708489,Ridge,-0.9383290979084897
2016,7,4.635673264799999,4.585049646791012,Ridge,0.05062361800898785
2016,7,4.635673264799999,4.7548848104196635,Ridge,-0.11921154561966407
2016,8,3.863061054,4.635595400347625,Ridge,-0.7725343463476246
2016,8,3.863061054,4.1252741713910535,Ridge,-0.26221311739105335
2016,8,3.863061054,4.557413141300274,Ridge,-0.694352087300274
2016,8,3.863061054,4.539526603581749,Ridge,-0.6764655495817493
2016,8,3.863061054,4.381773884579644,Ridge,-0.518712830579644
2016,8,3.863061054,4.130633028558366,Ridge,-0.2675719745583658
2016,8,3.863061054,4.126684775997219,Ridge,-0.2636237219972193
2016,8,3.863061054,4.040190701760219,Ridge,-0.17712964776021867
2016,9,4.635673264799999,4.00242571939528,Ridge,0.6332475454047195
2016,9,4.635673264799999,3.8967398332302916,Ridge,0.7389334315697078
2016,9,4.635673264799999,4.563116796463046,Ridge,0.07255646833695373
2016,9,4.635673264799999,4.546523272217866,Ridge,0.08914999258213374
2016,9,4.635673264799999,4.082945151147418,Ridge,0.5527281136525817
2016,9,4.635673264799999,4.086847060786333,Ridge,0.5488262040136664
2016,9,4.635673264799999,4.5285233571061205,Ridge,0.10714990769387889
2016,9,4.635673264799999,4.6017982156888415,Ridge,0.03387504911115791
2016,10,7.726122108,5.825681637306141,Ridge,1.9004404706938596
2016,10,7.726122108,6.93950138143374,Ridge,0.7866207265662606
2016,10,7.726122108,7.187353092310094,Ridge,0.5387690156899065
2016,10,7.726122108,6.808719558373381,Ridge,0.9174025496266189
2016,10,7.726122108,6.954670896493265,Ridge,0.7714512115067356
2016,10,7.726122108,6.7753932150613805,Ridge,0.9507288929386197
2016,10,7.726122108,8.123404383177986,Ridge,-0.39728227517798587
2016,10,7.726122108,8.063051510589537,Ridge,-0.3369294025895364
2016,11,9.271346529599999,7.536352255988837,Ridge,1.7349942736111617
2016,11,9.271346529599999,8.012563680553322,Ridge,1.2587828490466766
2016,11,9.271346529599999,8.139046156904929,Ridge,1.1323003726950702
2016,11,9.271346529599999,8.150166601187815,Ridge,1.1211799284121842
2016,11,9.271346529599999,7.815584836868634,Ridge,1.4557616927313646
2016,11,9.271346529599999,7.765043786648915,Ridge,1.5063027429510836
2016,11,9.271346529599999,8.293284320838627,Ridge,0.9780622087613722
2016,11,9.271346529599999,7.858840457402739,Ridge,1.4125060721972602
2016,12,4.635673264799999,7.3549748646730455,Ridge,-2.719301599873046
2016,12,4.635673264799999,5.652213189469294,Ridge,-1.0165399246692948
2016,12,4.635673264799999,5.707477126296312,Ridge,-1.0718038614963126
2016,12,4.635673264799999,6.415732950633841,Ridge,-1.7800596858338418
2016,12,4.635673264799999,6.3915939295392485,Ridge,-1.7559206647392491
2016,12,4.635673264799999,6.579115914508316,Ridge,-1.9434426497083166
2016,12,4.635673264799999,5.461746017248566,Ridge,-0.8260727524485665
2016,12,4.635673264799999,4.639461315006215,Ridge,-0.00378805020621531
2017,1,4.610952144,3.317738336973519,Ridge,1.2932138070264805
2017,1,4.610952144,3.5401575391331823,Ridge,1.0707946048668173
2017,1,4.610952144,3.774425310584149,Ridge,0.8365268334158507
2017,1,4.610952144,3.6915236241847085,Ridge,0.9194285198152912
2017,1,4.610952144,3.7424317961368474,Ridge,0.8685203478631522
2017,1,4.610952144,3.3210667062793116,Ridge,1.289885437720688
2017,1,4.610952144,3.8569055573439703,Ridge,0.7540465866560293
2017,1,4.610952144,3.5523879880027422,Ridge,1.0585641559972574
2017,2,3.84246012,4.348439362458505,Ridge,-0.5059792424585048
2017,2,3.84246012,3.536510705356955,Ridge,0.30594941464304526
2017,2,3.84246012,3.6772168864006924,Ridge,0.1652432335993077
2017,2,3.84246012,3.8391508103000067,Ridge,0.0033093096999934346
2017,2,3.84246012,4.015445029608749,Ridge,-0.1729849096087488
2017,2,3.84246012,4.126241412929304,Ridge,-0.2837812929293042
2017,2,3.84246012,4.085060697310389,Ridge,-0.2426005773103892
2017,2,3.84246012,3.618596012753179,Ridge,0.22386410724682104
2017,3,6.1479361919999995,5.9222605790604455,Ridge,0.22567561293955407
2017,3,6.1479361919999995,6.744024962135491,Ridge,-0.5960887701354913
2017,3,6.1479361919999995,6.882425708039562,Ridge,-0.7344895160395621
2017,3,6.1479361919999995,6.5640207689366035,Ridge,-0.41608457693660394
2017,3,6.1479361919999995,6.733410710833064,Ridge,-0.5854745188330641
2017,3,6.1479361919999995,6.687494374860869,Ridge,-0.5395581828608691
2017,3,6.1479361919999995,7.625383336630339,Ridge,-1.4774471446303394
2017,3,6.1479361919999995,7.5210934995599095,Ridge,-1.37315730755991
2017,4,9.221904288,8.098290877825953,Ridge,1.1236134101740465
2017,4,9.221904288,9.017183938771725,Ridge,0.20472034922827476
2017,4,9.221904288,8.89476345003776,Ridge,0.32714083796224
2017,4,9.221904288,8.779260976367478,Ridge,0.442643311632521
2017,4,9.221904288,8.702649925779864,Ridge,0.5192543622201349
2017,4,9.221904288,8.856357697751891,Ridge,0.3655465902481083
2017,4,9.221904288,9.532887638430847,Ridge,-0.31098335043084724
2017,4,9.221904288,9.698612819698987,Ridge,-0.4767085316989874
2017,5,10.758888336,10.015550939270643,Ridge,0.7433373967293573
2017,5,10.758888336,10.505392367986694,Ridge,0.253495968013306
2017,5,10.758888336,10.197797952444656,Ridge,0.561090383555344
2017,5,10.758888336,10.334544294129918,Ridge,0.4243440418700821
2017,5,10.758888336,10.04162716299221,Ridge,0.71726117300779
2017,5,10.758888336,10.53217137213102,Ridge,0.22671696386898077
2017,5,10.758888336,10.071444660549718,Ridge,0.6874436754502824
2017,5,10.758888336,10.622141662895672,Ridge,0.1367466731043283
2017,6,7.68492024,8.616832501088105,Ridge,-0.9319122610881045
2017,6,7.68492024,7.527192838453448,Ridge,0.15772740154655196
2017,6,7.68492024,7.035757696649947,Ridge,0.6491625433500534
2017,6,7.68492024,7.504780114159293,Ridge,0.18014012584070738
2017,6,7.68492024,7.079379239754591,Ridge,0.6055410002454096
2017,6,7.68492024,7.5542196365872964,Ridge,0.13070060341270384
2017,6,7.68492024,6.392991592127587,Ridge,1.291928647872413
2017,6,7.68492024,6.703618033235619,Ridge,0.9813022067643811
2017,7,4.610952144,6.490488982249332,Ridge,-1.879536838249332
2017,7,4.610952144,5.444828645083893,Ridge,-0.8338765010838936
2017,7,4.610952144,5.819650897912705,Ridge,-1.2086987539127056
2017,7,4.610952144,5.865411416987043,Ridge,-1.2544592729870434
2017,7,4.610952144,5.445370054832242,Ridge,-0.8344179108322427
2017,7,4.610952144,5.496029493623604,Ridge,-0.8850773496236046
2017,7,4.610952144,4.244727960353394,Ridge,0.36622418364660536
2017,7,4.610952144,4.5464938613066455,Ridge,0.06445828269335419
2017,8,3.84246012,4.657547216980749,Ridge,-0.8150870969807489
2017,8,3.84246012,4.190057414476203,Ridge,-0.3475972944762029
2017,8,3.84246012,4.715178234154355,Ridge,-0.8727181141543552
2017,8,3.84246012,4.4282402166717105,Ridge,-0.5857800966717104
2017,8,3.84246012,4.519065845832811,Ridge,-0.6766057258328111
2017,8,3.84246012,4.175622891457272,Ridge,-0.333162771457272
2017,8,3.84246012,3.870106071590244,Ridge,-0.027645951590243634
2017,8,3.84246012,4.114529140878655,Ridge,-0.2720690208786545
2017,9,4.610952144,4.2864379170302875,Ridge,0.3245142269697121
2017,9,4.610952144,4.029385579073669,Ridge,0.5815665649263311
2017,9,4.610952144,5.021135476003033,Ridge,-0.41018333200303303
2017,9,4.610952144,4.689763567635398,Ridge,-0.07881142363539873
2017,9,4.610952144,4.706289293289428,Ridge,-0.0953371492894286
2017,9,4.610952144,4.129600232994369,Ridge,0.481351911005631
2017,9,4.610952144,4.331174131934784,Ridge,0.2797780120652158
2017,9,4.610952144,4.605223382047352,Ridge,0.005728761952648043
2017,10,7.68492024,6.06792906442874,Ridge,1.6169911755712603
2017,10,7.68492024,7.101677705739965,Ridge,0.5832425342600356
2017,10,7.68492024,7.520354675238331,Ridge,0.16456556476166906
2017,10,7.68492024,7.282205537504319,Ridge,0.40271470249568164
2017,10,7.68492024,7.552467227374361,Ridge,0.13245301262563913
2017,10,7.68492024,6.75441507277939,Ridge,0.9305051672206099
2017,10,7.68492024,8.08779675409147,Ridge,-0.40287651409146896
2017,10,7.68492024,8.241694209837213,Ridge,-0.556773969837213
2017,11,9.221904288,7.678340904282505,Ridge,1.543563383717494
2017,11,9.221904288,8.225915730521908,Ridge,0.9959885574780909
2017,11,9.221904288,8.107613259319793,Ridge,1.1142910286802064
2017,11,9.221904288,8.465542416551177,Ridge,0.7563618714488225
2017,11,9.221904288,7.97026981231419,Ridge,1.251634475685809
2017,11,9.221904288,7.748867980657004,Ridge,1.473036307342995
2017,11,9.221904288,7.771717462205501,Ridge,1.450186825794498
2017,11,9.221904288,7.915676597140505,Ridge,1.3062276908594939
2017,12,4.610952144,7.02696918714073,Ridge,-2.41601704314073
2017,12,4.610952144,5.956306049649921,Ridge,-1.3453539056499215
2017,12,4.610952144,5.750222083728716,Ridge,-1.1392699397287167
2017,12,4.610952144,6.495377051322489,Ridge,-1.8844249073224892
2017,12,4.610952144,6.432488455730866,Ridge,-1.821536311730866
2017,12,4.610952144,6.608032595395617,Ridge,-1.9970804513956173
2017,12,4.610952144,5.503704235941177,Ridge,-0.8927520919411771
2017,12,4.610952144,5.239749110852245,Ridge,-0.6287969668522457
2018,1,4.448978508,2.880562261491485,Ridge,1.5684162465085145
2018,1,4.448978508,3.26643055889591,Ridge,1.1825479491040896
2018,1,4.448978508,3.3447796888283468,Ridge,1.104198819171653
2018,1,4.448978508,3.3314621652451724,Ridge,1.1175163427548274
2018,1,4.448978508,3.390349737612711,Ridge,1.0586287703872888
2018,1,4.448978508,3.1433879118437265,Ridge,1.3055905961562733
2018,1,4.448978508,3.4931183814282205,Ridge,0.9558601265717792
2018,1,4.448978508,3.509183316613809,Ridge,0.9397951913861906
2018,2,3.70748209,4.193726325533145,Ridge,-0.4862442355331451
2018,2,3.70748209,3.597120157633257,Ridge,0.11036193236674308
2018,2,3.70748209,3.5281865881215198,Ridge,0.1792955018784803
2018,2,3.70748209,3.4855579037404554,Ridge,0.2219241862595447
2018,2,3.70748209,3.7966629628248305,Ridge,-0.08918087282483045
2018,2,3.70748209,3.911283009352403,Ridge,-0.20380091935240285
2018,2,3.70748209,3.969688001162283,Ridge,-0.26220591116228276
2018,2,3.70748209,3.7266967862588256,Ridge,-0.019214696258825548
2018,3,5.931971344,5.70462855793286,Ridge,0.22734278606713954
2018,3,5.931971344,6.763616460950809,Ridge,-0.831645116950809
2018,3,5.931971344,6.956256748728601,Ridge,-1.0242854047286007
2018,3,5.931971344,7.0511738482576245,Ridge,-1.1192025042576246
2018,3,5.931971344,7.032253972559089,Ridge,-1.1002826285590892
2018,3,5.931971344,6.461210808283765,Ridge,-0.5292394642837648
2018,3,5.931971344,7.155471815521988,Ridge,-1.2235004715219882
2018,3,5.931971344,6.643980366174363,Ridge,-0.7120090221743629
2018,4,8.897957016,7.678835833456427,Ridge,1.2191211825435726
2018,4,8.897957016,8.5333601749933,Ridge,0.36459684100669953
2018,4,8.897957016,8.406605004672123,Ridge,0.4913520113278764
2018,4,8.897957016,8.36401740919997,Ridge,0.533939606800029
2018,4,8.897957016,9.152831793387112,Ridge,-0.25487477738711206
2018,4,8.897957016,8.53495183212642,Ridge,0.36300518387357883
2018,4,8.897957016,9.271653871956286,Ridge,-0.3736968559562861
2018,4,8.897957016,9.635844128782644,Ridge,-0.7378871127826443
2018,5,10.380949852,10.51989906556556,Ridge,-0.13894921356556011
2018,5,10.380949852,10.29861035127454,Ridge,0.08233950072546037
2018,5,10.380949852,10.50139448430178,Ridge,-0.12044463230177982
2018,5,10.380949852,10.612755053075114,Ridge,-0.2318052010751135
2018,5,10.380949852,10.49278422393873,Ridge,-0.1118343719387287
2018,5,10.380949852,10.400915836299053,Ridge,-0.019965984299052053
2018,5,10.380949852,9.922156093816005,Ridge,0.4587937581839956
2018,5,10.380949852,10.81027578175507,Ridge,-0.4293259297550698
2018,6,7.41496418,8.392677969908116,Ridge,-0.9777137899081154
2018,6,7.41496418,7.323720190178797,Ridge,0.09124398982120319
2018,6,7.41496418,7.596589357016823,Ridge,-0.1816251770168229
2018,6,7.41496418,8.212659207383602,Ridge,-0.7976950273836021
2018,6,7.41496418,7.3281977940426835,Ridge,0.08676638595731667
2018,6,7.41496418,6.9484701026501074,Ridge,0.4664940773498927
2018,6,7.41496418,5.8360905609848865,Ridge,1.5788736190151136
2018,6,7.41496418,6.117022396992243,Ridge,1.297941783007757
2018,7,4.448978508,5.689208159634697,Ridge,-1.2402296516346976
2018,7,4.448978508,5.275370186810164,Ridge,-0.8263916788101646
2018,7,4.448978508,5.127382856464276,Ridge,-0.6784043484642766
2018,7,4.448978508,5.707728780090098,Ridge,-1.258750272090098
2018,7,4.448978508,4.9430334934425595,Ridge,-0.49405498544255977
2018,7,4.448978508,4.752412929185076,Ridge,-0.30343442118507635
2018,7,4.448978508,3.674303256180463,Ridge,0.7746752518195366
2018,7,4.448978508,3.6635716852642637,Ridge,0.785406822735736
2018,8,3.70748209,3.686423952045788,Ridge,0.021058137954212075
2018,8,3.70748209,3.4595827792624805,Ridge,0.24789931073751958
2018,8,3.70748209,3.9582271115838403,Ridge,-0.25074502158384027
2018,8,3.70748209,3.9696853353153423,Ridge,-0.2622032453153422
2018,8,3.70748209,3.659107429655493,Ridge,0.04837466034450699
2018,8,3.70748209,3.5213695041142694,Ridge,0.18611258588573065
2018,8,3.70748209,3.374293357909168,Ridge,0.3331887320908322
2018,8,3.70748209,3.6309333527464314,Ridge,0.0765487372535687
2018,9,4.448978508,3.668304035402101,Ridge,0.7806744725978989
2018,9,4.448978508,3.830527222425893,Ridge,0.6184512855741069
2018,9,4.448978508,3.800055013234709,Ridge,0.6489234947652909
2018,9,4.448978508,3.728577989600139,Ridge,0.7204005183998605
2018,9,4.448978508,4.025564077691914,Ridge,0.42341443030808534
2018,9,4.448978508,3.793056648716873,Ridge,0.6559218592831266
2018,9,4.448978508,4.341665633149603,Ridge,0.10731287485039687
2018,9,4.448978508,4.497277358398735,Ridge,-0.04829885039873538
2018,10,7.41496418,5.6245011063113495,Ridge,1.7904630736886507
2018,10,7.41496418,6.686120896298111,Ridge,0.728843283701889
2018,10,7.41496418,6.676763500133075,Ridge,0.7382006798669254
2018,10,7.41496418,6.36551076693084,Ridge,1.04945341306916
2018,10,7.41496418,6.0467772616523146,Ridge,1.3681869183476856
2018,10,7.41496418,6.697275967909098,Ridge,0.7176882120909021
2018,10,7.41496418,7.195746640422481,Ridge,0.2192175395775191
2018,10,7.41496418,7.597755476256394,Ridge,-0.18279129625639357
2018,11,8.897957016,6.975008540462789,Ridge,1.9229484755372104
2018,11,8.897957016,7.657352828639376,Ridge,1.2406041873606233
2018,11,8.897957016,7.677000762577765,Ridge,1.2209562534222345
2018,11,8.897957016,7.539243679327906,Ridge,1.3587133366720936
2018,11,8.897957016,7.335033549845303,Ridge,1.5629234661546967
2018,11,8.897957016,7.398366088253341,Ridge,1.4995909277466586
2018,11,8.897957016,7.838210893658414,Ridge,1.0597461223415854
2018,11,8.897957016,7.760177282304109,Ridge,1.1377797336958908
2018,12,4.448978508,7.351122080257718,Ridge,-2.9021435722577182
2018,12,4.448978508,6.130528242408173,Ridge,-1.681549734408173
2018,12,4.448978508,5.701799983980938,Ridge,-1.2528214759809382
2018,12,4.448978508,6.326402628849973,Ridge,-1.8774241208499731
2018,12,4.448978508,6.421429039078181,Ridge,-1.9724505310781817
2018,12,4.448978508,6.2512613805795,Ridge,-1.8022828725795002
2018,12,4.448978508,4.91126943326387,Ridge,-0.4622909252638703
2018,12,4.448978508,4.583407120063624,Ridge,-0.13442861206362444
2019,1,4.300280139,2.9633957716932344,Ridge,1.3368843673067654
2019,1,4.300280139,3.307421896656299,Ridge,0.9928582423437007
2019,1,4.300280139,3.1217596083900214,Ridge,1.1785205306099784
2019,1,4.300280139,3.1955403816088706,Ridge,1.1047397573911293
2019,1,4.300280139,3.243583420642809,Ridge,1.0566967183571907
2019,1,4.300280139,3.090696893486184,Ridge,1.2095832455138158
2019,1,4.300280139,3.652944619706938,Ridge,0.6473355192930619
2019,1,4.300280139,3.374535715470488,Ridge,0.9257444235295118
2019,2,3.5835667825,3.82494575721958,Ridge,-0.2413789747195798
2019,2,3.5835667825,3.4738948228292097,Ridge,0.10967195967079046
2019,2,3.5835667825,3.5813311582674396,Ridge,0.002235624232560518
2019,2,3.5835667825,3.694270349418308,Ridge,-0.11070356691830785
2019,2,3.5835667825,3.6618205945424975,Ridge,-0.07825381204249737
2019,2,3.5835667825,3.4972714831718683,Ridge,0.08629529932813185
2019,2,3.5835667825,3.851759815034968,Ridge,-0.26819303253496773
2019,2,3.5835667825,3.8464753503790807,Ridge,-0.26290856787908057
2019,3,5.733706852,5.724729304071989,Ridge,0.008977547928011198
2019,3,5.733706852,6.566525873503793,Ridge,-0.8328190215037932
2019,3,5.733706852,6.469404907376927,Ridge,-0.7356980553769272
2019,3,5.733706852,6.067899094374542,Ridge,-0.3341922423745416
2019,3,5.733706852,6.413516809348571,Ridge,-0.6798099573485707
2019,3,5.733706852,6.283818386337867,Ridge,-0.5501115343378666
2019,3,5.733706852,7.3293747743244415,Ridge,-1.5956679223244414
2019,3,5.733706852,7.365076984214899,Ridge,-1.631370132214899
2019,4,8.600560278,7.80374707757872,Ridge,0.7968132004212798
2019,4,8.600560278,8.940817186911879,Ridge,-0.3402569089118792
2019,4,8.600560278,8.491131912405143,Ridge,0.10942836559485691
2019,4,8.600560278,8.379971285126702,Ridge,0.22058899287329758
2019,4,8.600560278,8.030964700529871,Ridge,0.5695955774701282
2019,4,8.600560278,8.2578903875696,Ridge,0.3426698904304004
2019,4,8.600560278,9.124680817415392,Ridge,-0.5241205394153923
2019,4,8.600560278,9.242536468582987,Ridge,-0.6419761905829873
2019,5,10.033986991,9.870111310900384,Ridge,0.16387568009961662
2019,5,10.033986991,10.231222765665413,Ridge,-0.19723577466541187
2019,5,10.033986991,9.979708808000828,Ridge,0.0542781829991732
2019,5,10.033986991,10.219294657754773,Ridge,-0.18530766675477217
2019,5,10.033986991,9.403948422047497,Ridge,0.6300385689525037
2019,5,10.033986991,10.430070987993311,Ridge,-0.3960839969933101
2019,5,10.033986991,9.722558334824946,Ridge,0.311428656175055
2019,5,10.033986991,10.329083942284186,Ridge,-0.2950969512841848
2019,6,7.167133565,8.187197229544424,Ridge,-1.0200636645444234
2019,6,7.167133565,6.790037065476729,Ridge,0.3770964995232715
2019,6,7.167133565,7.565705129498652,Ridge,-0.39857156449865183
2019,6,7.167133565,7.520039778970009,Ridge,-0.35290621397000876
2019,6,7.167133565,7.206693280127703,Ridge,-0.03955971512770251
2019,6,7.167133565,7.207717233042168,Ridge,-0.040583668042168064
2019,6,7.167133565,5.683862801905858,Ridge,1.4832707630941426
2019,6,7.167133565,6.07582321833107,Ridge,1.09131034666893
2019,7,4.300280139,6.135556221446696,Ridge,-1.835276082446696
2019,7,4.300280139,5.613511439080851,Ridge,-1.3132313000808509
2019,7,4.300280139,5.244656264317814,Ridge,-0.944376125317814
2019,7,4.300280139,5.4059171885122055,Ridge,-1.1056370495122056
2019,7,4.300280139,5.58612081429628,Ridge,-1.2858406752962805
2019,7,4.300280139,5.058898630762801,Ridge,-0.7586184917628014
2019,7,4.300280139,4.375529369564746,Ridge,-0.0752492305647463
2019,7,4.300280139,4.651912497387263,Ridge,-0.35163235838726337
2019,8,3.5835667825,4.732299409351936,Ridge,-1.1487326268519356
2019,8,3.5835667825,3.8730289833352742,Ridge,-0.2894622008352741
2019,8,3.5835667825,5.0029119250455985,Ridge,-1.4193451425455983
2019,8,3.5835667825,4.525802017045521,Ridge,-0.9422352345455209
2019,8,3.5835667825,4.365877999772902,Ridge,-0.7823112172729019
2019,8,3.5835667825,3.8947274389822404,Ridge,-0.3111606564822402
2019,8,3.5835667825,3.6107019175405637,Ridge,-0.02713513504056353
2019,8,3.5835667825,3.990077283952307,Ridge,-0.4065105014523067
2019,9,4.300280139,4.090792557048826,Ridge,0.20948758195117367
2019,9,4.300280139,4.049373681672069,Ridge,0.2509064573279307
2019,9,4.300280139,4.328595025993071,Ridge,-0.028314886993070942
2019,9,4.300280139,4.242122475666443,Ridge,0.05815766333355654
2019,9,4.300280139,4.406199716876856,Ridge,-0.1059195778768558
2019,9,4.300280139,4.062846391611955,Ridge,0.237433747388045
2019,9,4.300280139,4.4050382763065,Ridge,-0.10475813730649985
2019,9,4.300280139,4.708840544634932,Ridge,-0.40856040563493234
2019,10,7.167133565,6.063051102054858,Ridge,1.1040824629451427
2019,10,7.167133565,7.106320976905216,Ridge,0.060812588094784736
2019,10,7.167133565,7.2167046184519945,Ridge,-0.049571053451994196
2019,10,7.167133565,7.4452967442250735,Ridge,-0.27816317922507316
2019,10,7.167133565,7.1303933683678755,Ridge,0.0367401966321248
2019,10,7.167133565,7.624637640436182,Ridge,-0.4575040754361819
2019,10,7.167133565,7.527380362303014,Ridge,-0.3602467973030139
2019,10,7.167133565,8.152394104097176,Ridge,-0.985260539097176
2019,11,8.600560278,7.281217916015723,Ridge,1.319342361984277
2019,11,8.600560278,8.248983959106045,Ridge,0.35157631889395446
2019,11,8.600560278,7.391788611592425,Ridge,1.208771666407575
2019,11,8.600560278,7.882943743950164,Ridge,0.7176165340498359
2019,11,8.600560278,7.7420228377596185,Ridge,0.8585374402403811
2019,11,8.600560278,7.799932601543318,Ridge,0.8006276764566813
2019,11,8.600560278,7.518326448069261,Ridge,1.0822338299307388
2019,11,8.600560278,8.125817338125426,Ridge,0.4747429398745737
2019,12,4.300280139,7.6301973940372125,Ridge,-3.3299172550372127
2019,12,4.300280139,6.559058530516266,Ridge,-2.258778391516266
2019,12,4.300280139,5.412001804337998,Ridge,-1.1117216653379982
2019,12,4.300280139,6.504997665348952,Ridge,-2.2047175263489525
2019,12,4.300280139,6.599118062800308,Ridge,-2.298837923800308
2019,12,4.300280139,6.384896893526311,Ridge,-2.0846167545263112
2019,12,4.300280139,4.344855954010734,Ridge,-0.04457581501073449
2019,12,4.300280139,4.817501957880182,Ridge,-0.5172218188801825
2020,1,5.0999261106,3.661519709649918,Ridge,1.438406400950082
2020,1,5.0999261106,4.396351690291221,Ridge,0.7035744203087795
2020,1,5.0999261106,3.2492977915311774,Ridge,1.8506283190688229
2020,1,5.0999261106,3.909865139247821,Ridge,1.190060971352179
2020,1,5.0999261106,4.049651632019889,Ridge,1.0502744785801115
2020,1,5.0999261106,4.194877322654143,Ridge,0.9050487879458569
2020,1,5.0999261106,4.240916104986022,Ridge,0.8590100056139782
2020,1,5.0999261106,4.349316260104922,Ridge,0.7506098504950787
2020,2,4.249938425500001,4.777791668379777,Ridge,-0.5278532428797762
2020,2,4.249938425500001,4.352258693211406,Ridge,-0.10232026771140479
2020,2,4.249938425500001,4.008352269147657,Ridge,0.24158615635234337
2020,2,4.249938425500001,4.542015143435693,Ridge,-0.292076717935692
2020,2,4.249938425500001,4.3458297486849435,Ridge,-0.09589132318494276
2020,2,4.249938425500001,4.310845887601044,Ridge,-0.06090746210104303
2020,2,4.249938425500001,4.150498371135686,Ridge,0.09944005436431436
2020,2,4.249938425500001,3.9577048362872853,Ridge,0.29223358921271547
2020,3,6.799901480800001,6.2030140387480825,Ridge,0.5968874420519183
2020,3,6.799901480800001,7.005863852341994,Ridge,-0.20596237154199315
2020,3,6.799901480800001,7.2329609909972925,Ridge,-0.4330595101972916
2020,3,6.799901480800001,7.2079444962200325,Ridge,-0.40804301542003163
2020,3,6.799901480800001,7.3612657079096575,Ridge,-0.5613642271096566
2020,3,6.799901480800001,6.993727014706492,Ridge,-0.19382553390649093
2020,3,6.799901480800001,7.792473335834513,Ridge,-0.9925718550345124
2020,3,6.799901480800001,7.921188644428589,Ridge,-1.1212871636285877
2020,4,10.1998522212,8.69690641047012,Ridge,1.50294581072988
2020,4,10.1998522212,9.7947054544459,Ridge,0.40514676675410044
2020,4,10.1998522212,9.873260230882096,Ridge,0.32659199031790465
2020,4,10.1998522212,9.616196855323391,Ridge,0.5836553658766093
2020,4,10.1998522212,10.211274324347034,Ridge,-0.011422103147033624
2020,4,10.1998522212,9.074731077182271,Ridge,1.1251211440177293
2020,4,10.1998522212,10.870454166737705,Ridge,-0.6706019455377046
2020,4,10.1998522212,11.206438182752724,Ridge,-1.006585961552723
2020,5,11.899827591400001,11.617934990106473,Ridge,0.2818926012935279
2020,5,11.899827591400001,11.649771752211468,Ridge,0.25005583918853347
2020,5,11.899827591400001,11.520953651980598,Ridge,0.37887393941940317
2020,5,11.899827591400001,11.907474888951866,Ridge,-0.00764729755186444
2020,5,11.899827591400001,11.31919845590469,Ridge,0.580629135495311
2020,5,11.899827591400001,10.962902226350892,Ridge,0.9369253650491096
2020,5,11.899827591400001,10.861729000400658,Ridge,1.0380985909993434
2020,5,11.899827591400001,11.396843303697539,Ridge,0.5029842877024624
2020,6,8.499876851000002,9.868738865099003,Ridge,-1.368862014099001
2020,6,8.499876851000002,8.347034608825885,Ridge,0.1528422421741169
2020,6,8.499876851000002,9.205916029009009,Ridge,-0.7060391780090072
2020,6,8.499876851000002,9.324723454688929,Ridge,-0.8248466036889273
2020,6,8.499876851000002,9.023271658408952,Ridge,-0.5233948074089501
2020,6,8.499876851000002,8.636746472686754,Ridge,-0.13686962168675265
2020,6,8.499876851000002,7.265359471243167,Ridge,1.2345173797568343
2020,6,8.499876851000002,8.001570163751868,Ridge,0.49830668724813343
2020,7,5.0999261106,7.367999720586775,Ridge,-2.268073609986775
2020,7,5.0999261106,6.353293383824891,Ridge,-1.2533672732248906
2020,7,5.0999261106,6.3543911043594195,Ridge,-1.2544649937594192
2020,7,5.0999261106,6.551055501256695,Ridge,-1.4511293906566944
2020,7,5.0999261106,6.590658980980378,Ridge,-1.490732870380378
2020,7,5.0999261106,6.26008399733041,Ridge,-1.1601578867304099
2020,7,5.0999261106,5.118567159607333,Ridge,-0.018641049007332988
2020,7,5.0999261106,5.241873895088888,Ridge,-0.14194778448888812
2020,8,4.249938425500001,5.260670228573954,Ridge,-1.010731803073953
2020,8,4.249938425500001,4.641949020546731,Ridge,-0.3920105950467301
2020,8,4.249938425500001,5.619225496070158,Ridge,-1.3692870705701576
2020,8,4.249938425500001,5.410398769205286,Ridge,-1.1604603437052852
2020,8,4.249938425500001,5.278612955196704,Ridge,-1.028674529696703
2020,8,4.249938425500001,4.710686909555678,Ridge,-0.46074848405567703
2020,8,4.249938425500001,4.504426090695454,Ridge,-0.2544876651954535
2020,8,4.249938425500001,4.883121644478274,Ridge,-0.6331832189782736
2020,9,5.0999261106,5.237354989675278,Ridge,-0.13742887907527734
2020,9,5.0999261106,4.846765907504344,Ridge,0.2531602030956561
2020,9,5.0999261106,5.952640501074896,Ridge,-0.8527143904748957
2020,9,5.0999261106,5.355293351517616,Ridge,-0.2553672409176162
2020,9,5.0999261106,5.529713995838099,Ridge,-0.42978788523809897
2020,9,5.0999261106,4.5902125340715045,Ridge,0.5097135765284957
2020,9,5.0999261106,5.234418870207913,Ridge,-0.1344927596079124
2020,9,5.0999261106,5.745881698525281,Ridge,-0.6459555879252807
2020,10,8.499876851000002,6.978822734681052,Ridge,1.5210541163189495
2020,10,8.499876851000002,8.141494747680367,Ridge,0.3583821033196344
2020,10,8.499876851000002,8.205765250869694,Ridge,0.29411160013030724
2020,10,8.499876851000002,8.201620186019214,Ridge,0.2982566649807872
2020,10,8.499876851000002,8.396659543793682,Ridge,0.10321730720631983
2020,10,8.499876851000002,7.776996452444,Ridge,0.7228803985560015
2020,10,8.499876851000002,8.940711545963277,Ridge,-0.4408346949632751
2020,10,8.499876851000002,9.234063436173738,Ridge,-0.7341865851737364
2020,11,10.1998522212,8.968038132914383,Ridge,1.231814088285617
2020,11,10.1998522212,9.433729479645407,Ridge,0.766122741554593
2020,11,10.1998522212,9.387631265958827,Ridge,0.8122209552411732
2020,11,10.1998522212,9.775340116414085,Ridge,0.42451210478591506
2020,11,10.1998522212,9.233280193073698,Ridge,0.9665720281263024
2020,11,10.1998522212,8.67301284921885,Ridge,1.5268393719811506
2020,11,10.1998522212,9.17531485928971,Ridge,1.0245373619102907
2020,11,10.1998522212,9.317300358613089,Ridge,0.8825518625869115
2020,12,5.0999261106,8.419119741924447,Ridge,-3.3191936313244472
2020,12,5.0999261106,6.6862410832443775,Ridge,-1.5863149726443773
2020,12,5.0999261106,6.654821651687747,Ridge,-1.5548955410877472
2020,12,5.0999261106,7.401101713007224,Ridge,-2.3011756024072234
2020,12,5.0999261106,7.590441858346433,Ridge,-2.490515747746433
2020,12,5.0999261106,7.397113909715872,Ridge,-2.2971877991158713
2020,12,5.0999261106,6.116251396311039,Ridge,-1.016325285711039
2020,12,5.0999261106,5.791072513340357,Ridge,-0.6911464027403564
2021,1,5.3212221576,3.987590279618586,Ridge,1.3336318779814142
2021,1,5.3212221576,4.248423141516737,Ridge,1.0727990160832634
2021,1,5.3212221576,4.249738387990771,Ridge,1.0714837696092294
2021,1,5.3212221576,4.319439932611008,Ridge,1.0017822249889923
2021,1,5.3212221576,4.360890888159012,Ridge,0.9603312694409887
2021,1,5.3212221576,4.043330771445233,Ridge,1.2778913861547672
2021,1,5.3212221576,4.501642467982439,Ridge,0.8195796896175613
2021,1,5.3212221576,4.3670752860583715,Ridge,0.9541468715416288
2021,2,4.434351798000001,4.459329504033375,Ridge,-0.02497770603337468
2021,2,4.434351798000001,4.399782058046481,Ridge,0.034569739953520084
2021,2,4.434351798000001,4.551318074415091,Ridge,-0.1169662764150905
2021,2,4.434351798000001,4.636523732406076,Ridge,-0.20217193440607506
2021,2,4.434351798000001,4.741111076652601,Ridge,-0.3067592786526001
2021,2,4.434351798000001,4.531381288898849,Ridge,-0.09702949089884871
2021,2,4.434351798000001,4.728717861072968,Ridge,-0.2943660630729674
2021,2,4.434351798000001,4.465216133927196,Ridge,-0.03086433592719562
2021,3,7.0949628768,6.494185898138039,Ridge,0.600776978661961
2021,3,7.0949628768,7.561665518611831,Ridge,-0.46670264181183096
2021,3,7.0949628768,7.366423586158373,Ridge,-0.2714607093583723
2021,3,7.0949628768,7.362320847044033,Ridge,-0.2673579702440323
2021,3,7.0949628768,7.425229463130799,Ridge,-0.330266586330799
2021,3,7.0949628768,7.248539562487441,Ridge,-0.15357668568744032
2021,3,7.0949628768,8.496421301779815,Ridge,-1.4014584249798148
2021,3,7.0949628768,8.73356633430892,Ridge,-1.6386034575089194
2021,4,10.6424443152,9.296641250142134,Ridge,1.3458030650578667
2021,4,10.6424443152,10.567318594273036,Ridge,0.07512572092696423
2021,4,10.6424443152,10.209469565529673,Ridge,0.43297474967032734
2021,4,10.6424443152,10.189742222127695,Ridge,0.4527020930723058
2021,4,10.6424443152,9.52769771130962,Ridge,1.1147466038903797
2021,4,10.6424443152,9.918859870130625,Ridge,0.7235844450693758
2021,4,10.6424443152,10.381604345139614,Ridge,0.2608399700603865
2021,4,10.6424443152,10.928933456196855,Ridge,-0.28648914099685463
2021,5,12.416185034400002,11.545503642965397,Ridge,0.870681391434605
2021,5,12.416185034400002,11.890533720090215,Ridge,0.525651314309787
2021,5,12.416185034400002,11.981289938418719,Ridge,0.4348950959812825
2021,5,12.416185034400002,11.797652034313838,Ridge,0.6185330000861633
2021,5,12.416185034400002,11.515613928127514,Ridge,0.900571106272487
2021,5,12.416185034400002,11.330284735202088,Ridge,1.0859002991979132
2021,5,12.416185034400002,11.58933562231422,Ridge,0.8268494120857817
2021,5,12.416185034400002,12.430211796714946,Ridge,-0.014026762314944818
2021,6,8.868703596000001,9.695226116765701,Ridge,-0.8265225207656997
2021,6,8.868703596000001,8.51230665979346,Ridge,0.3563969362065418
2021,6,8.868703596000001,8.071423783447166,Ridge,0.7972798125528353
2021,6,8.868703596000001,8.980956290675692,Ridge,-0.11225269467569099
2021,6,8.868703596000001,8.294972280311152,Ridge,0.5737313156888497
2021,6,8.868703596000001,8.592084498963736,Ridge,0.2766190970362654
2021,6,8.868703596000001,7.577046009592026,Ridge,1.2916575864079753
2021,6,8.868703596000001,7.817253857667019,Ridge,1.0514497383329822
2021,7,5.3212221576,7.049845454021938,Ridge,-1.7286232964219375
2021,7,5.3212221576,5.999174561955051,Ridge,-0.6779524043550511
2021,7,5.3212221576,6.380237924308405,Ridge,-1.0590157667084048
2021,7,5.3212221576,6.884838972547066,Ridge,-1.563616814947066
2021,7,5.3212221576,5.860861085772469,Ridge,-0.5396389281724687
2021,7,5.3212221576,6.40013543303873,Ridge,-1.0789132754387296
2021,7,5.3212221576,4.855620797786064,Ridge,0.46560135981393636
2021,7,5.3212221576,5.053100907339942,Ridge,0.26812125026005784
2021,8,4.434351798000001,5.245026933392894,Ridge,-0.8106751353928932
2021,8,4.434351798000001,5.0123879217404745,Ridge,-0.5780361237404739
2021,8,4.434351798000001,5.222474605210262,Ridge,-0.7881228072102617
2021,8,4.434351798000001,5.294409786974508,Ridge,-0.860057988974507
2021,8,4.434351798000001,5.119900987498008,Ridge,-0.6855491894980075
2021,8,4.434351798000001,4.961899485390342,Ridge,-0.5275476873903413
2021,8,4.434351798000001,4.760451810356397,Ridge,-0.3261000123563962
2021,8,4.434351798000001,4.937610302289908,Ridge,-0.5032585042899074
2021,9,5.3212221576,5.084174921259509,Ridge,0.23704723634049163
2021,9,5.3212221576,5.059592968699936,Ridge,0.2616291889000646
2021,9,5.3212221576,5.665973833561844,Ridge,-0.3447516759618434
2021,9,5.3212221576,5.501429963344378,Ridge,-0.1802078057443781
2021,9,5.3212221576,5.162248122566291,Ridge,0.158974035033709
2021,9,5.3212221576,5.01869532772816,Ridge,0.30252682987184
2021,9,5.3212221576,5.175481694866312,Ridge,0.14574046273368868
2021,9,5.3212221576,5.534119924606323,Ridge,-0.21289776700632235
2021,10,8.868703596000001,6.974409337116714,Ridge,1.8942942588832876
2021,10,8.868703596000001,8.109239486883553,Ridge,0.7594641091164487
2021,10,8.868703596000001,8.562682864328623,Ridge,0.3060207316713779
2021,10,8.868703596000001,8.147604502383064,Ridge,0.721099093616937
2021,10,8.868703596000001,8.179570745358307,Ridge,0.6891328506416947
2021,10,8.868703596000001,7.743425509096033,Ridge,1.1252780869039682
2021,10,8.868703596000001,9.210046124775443,Ridge,-0.34134252877544213
2021,10,8.868703596000001,9.388736089428123,Ridge,-0.520032493428122
2021,11,10.6424443152,8.726215565221091,Ridge,1.9162287499789095
2021,11,10.6424443152,9.576622243781674,Ridge,1.0658220714183262
2021,11,10.6424443152,9.519002005752663,Ridge,1.1234423094473378
2021,11,10.6424443152,9.683339576648802,Ridge,0.9591047385511988
2021,11,10.6424443152,9.19263836740675,Ridge,1.4498059477932497
2021,11,10.6424443152,8.993420612513777,Ridge,1.6490237026862236
2021,11,10.6424443152,9.735125330157,Ridge,0.9073189850430001
2021,11,10.6424443152,9.680503375563294,Ridge,0.9619409396367065
2021,12,5.3212221576,9.167954329160871,Ridge,-3.8467321715608707
2021,12,5.3212221576,7.231704512222447,Ridge,-1.910482354622447
2021,12,5.3212221576,6.569842551923205,Ridge,-1.248620394323205
2021,12,5.3212221576,7.857589355998184,Ridge,-2.5363671983981835
2021,12,5.3212221576,7.3383180043172995,Ridge,-2.0170958467172992
2021,12,5.3212221576,7.8284882708942,Ridge,-2.5072661132941994
2021,12,5.3212221576,5.8229056991021295,Ridge,-0.5016835415021292
2021,12,5.3212221576,5.552431324203648,Ridge,-0.231209166603648
2022,1,4.925635077,3.779871900075205,Ridge,1.145763176924795
2022,1,4.925635077,3.867926650181324,Ridge,1.0577084268186758
2022,1,4.925635077,3.662810519605904,Ridge,1.262824557394096
2022,1,4.925635077,3.7900730548397434,Ridge,1.1355620221602565
2022,1,4.925635077,4.0572428579661715,Ridge,0.8683922190338285
2022,1,4.925635077,3.5328231235317085,Ridge,1.3928119534682915
2022,1,4.925635077,3.7474803173994946,Ridge,1.1781547596005053
2022,1,4.925635077,3.435534753705709,Ridge,1.4901003232942909
2022,2,4.1046958975,3.9443647220806426,Ridge,0.16033117541935749
2022,2,4.1046958975,4.045953858552316,Ridge,0.05874203894768382
2022,2,4.1046958975,3.714283075666857,Ridge,0.3904128218331433
2022,2,4.1046958975,4.1316103562966475,Ridge,-0.026914458796647445
2022,2,4.1046958975,4.222106997926716,Ridge,-0.11741110042671554
2022,2,4.1046958975,4.376121466491245,Ridge,-0.27142556899124504
2022,2,4.1046958975,4.401891996560228,Ridge,-0.29719609906022804
2022,2,4.1046958975,3.914651844712238,Ridge,0.19004405278776204
2022,3,6.5675134360000005,6.108208933934504,Ridge,0.4593045020654962
2022,3,6.5675134360000005,6.861753311891318,Ridge,-0.29423987589131784
2022,3,6.5675134360000005,6.897057299597406,Ridge,-0.3295438635974053
2022,3,6.5675134360000005,6.777894728238012,Ridge,-0.2103812922380115
2022,3,6.5675134360000005,7.030500150481406,Ridge,-0.4629867144814055
2022,3,6.5675134360000005,6.929777459181679,Ridge,-0.3622640231816785
2022,3,6.5675134360000005,8.040004320290892,Ridge,-1.4724908842908917
2022,3,6.5675134360000005,8.115456227360397,Ridge,-1.5479427913603967
2022,4,9.851270154,8.6040078409142,Ridge,1.2472623130858
2022,4,9.851270154,9.798520531829189,Ridge,0.05274962217081125
2022,4,9.851270154,9.533932668708243,Ridge,0.3173374852917572
2022,4,9.851270154,9.562417417330112,Ridge,0.2888527366698881
2022,4,9.851270154,8.923579167315511,Ridge,0.9276909866844889
2022,4,9.851270154,9.156487758296976,Ridge,0.6947823957030241
2022,4,9.851270154,9.879228013213439,Ridge,-0.02795785921343885
2022,4,9.851270154,10.077469455447886,Ridge,-0.22619930144788647
2022,5,11.493148513000001,10.62638565582343,Ridge,0.8667628571765711
2022,5,11.493148513000001,11.085441721382493,Ridge,0.40770679161750856
2022,5,11.493148513000001,10.631211033355434,Ridge,0.8619374796445669
2022,5,11.493148513000001,10.919856875159017,Ridge,0.5732916378409847
2022,5,11.493148513000001,10.337655790924849,Ridge,1.1554927220751523
2022,5,11.493148513000001,10.825258717765626,Ridge,0.667889795234375
2022,5,11.493148513000001,10.68539027608734,Ridge,0.8077582369126617
2022,5,11.493148513000001,11.279401489397976,Ridge,0.2137470236020249
2022,6,8.209391795,9.199691835526158,Ridge,-0.9903000405261579
2022,6,8.209391795,7.7512610817391225,Ridge,0.4581307132608776
2022,6,8.209391795,7.727900547086845,Ridge,0.481491247913155
2022,6,8.209391795,8.293669165007117,Ridge,-0.08427737000711666
2022,6,8.209391795,7.692280133817066,Ridge,0.5171116611829341
2022,6,8.209391795,8.220763643651745,Ridge,-0.011371848651744898
2022,6,8.209391795,6.805242269144246,Ridge,1.404149525855754
2022,6,8.209391795,7.352242588709865,Ridge,0.8571492062901349
2022,7,4.925635077,6.958833125177158,Ridge,-2.033198048177158
2022,7,4.925635077,5.63869332947548,Ridge,-0.7130582524754798
2022,7,4.925635077,5.700202496744518,Ridge,-0.7745674197445185
2022,7,4.925635077,6.2905351802795035,Ridge,-1.3649001032795036
2022,7,4.925635077,5.6122068155444875,Ridge,-0.6865717385444876
2022,7,4.925635077,6.125130390902404,Ridge,-1.1994953139024043
2022,7,4.925635077,4.483830483182036,Ridge,0.441804593817964
2022,7,4.925635077,4.886407666198344,Ridge,0.03922741080165615
2022,8,4.1046958975,5.214690734446533,Ridge,-1.109994836946533
2022,8,4.1046958975,4.52535006981843,Ridge,-0.4206541723184296
2022,8,4.1046958975,5.412464131547176,Ridge,-1.3077682340471757
2022,8,4.1046958975,5.091455930934198,Ridge,-0.9867600334341979
2022,8,4.1046958975,4.71198906601946,Ridge,-0.60729316851946
2022,8,4.1046958975,4.77836315357583,Ridge,-0.6736672560758299
2022,8,4.1046958975,4.058478733101772,Ridge,0.04621716439822787
2022,8,4.1046958975,4.521274855327734,Ridge,-0.4165789578277339
2022,9,4.925635077,4.834117390851701,Ridge,0.0915176861482987
2022,9,4.925635077,4.550182638447254,Ridge,0.37545243855274624
2022,9,4.925635077,5.112490405236222,Ridge,-0.18685532823622175
2022,9,4.925635077,5.066627873917579,Ridge,-0.14099279691757882
2022,9,4.925635077,5.088628952456001,Ridge,-0.1629938754560012
2022,9,4.925635077,5.496650278700505,Ridge,-0.5710152017005052
2022,9,4.925635077,5.334375252262371,Ridge,-0.4087401752623707
2022,9,4.925635077,5.557923572275163,Ridge,-0.6322884952751631
2022,10,8.209391795,6.099539895479397,Ridge,2.109851899520603
2022,10,8.209391795,7.397576548939903,Ridge,0.8118152460600969
2022,10,8.209391795,7.485450382803275,Ridge,0.7239414121967256
2022,10,8.209391795,7.177793995910243,Ridge,1.0315977990897576
2022,10,8.209391795,7.420020964490537,Ridge,0.7893708305094629
2022,10,8.209391795,7.0931344725117595,Ridge,1.1162573224882406
2022,10,8.209391795,8.534677491041384,Ridge,-0.3252856960413837
2022,10,8.209391795,8.659959227101712,Ridge,-0.45056743210171213
2022,11,9.851270154,8.183266191031365,Ridge,1.6680039629686352
2022,11,9.851270154,9.115189004913995,Ridge,0.7360811490860044
2022,11,9.851270154,8.297476574797566,Ridge,1.5537935792024342
2022,11,9.851270154,8.286090267631488,Ridge,1.5651798863685116
2022,11,9.851270154,7.870724551147086,Ridge,1.9805456028529136
2022,11,9.851270154,8.31060715876192,Ridge,1.5406629952380797
2022,11,9.851270154,8.429080639151639,Ridge,1.4221895148483608
2022,11,9.851270154,8.426245700279766,Ridge,1.4250244537202335
2022,12,4.925635077,8.105300453688233,Ridge,-3.1796653766882335
2022,12,4.925635077,6.273652291418968,Ridge,-1.3480172144189684
2022,12,4.925635077,6.0743408951557445,Ridge,-1.1487058181557446
2022,12,4.925635077,6.695513339377472,Ridge,-1.769878262377472
2022,12,4.925635077,6.897028851133381,Ridge,-1.9713937741333813
2022,12,4.925635077,7.233472393597867,Ridge,-2.307837316597867
2022,12,4.925635077,5.34275196363219,Ridge,-0.41711688663218993
2022,12,4.925635077,5.0777748183739595,Ridge,-0.15213974137395958
2023,1,4.4264350848,3.1629380811385515,Ridge,1.2634970036614481
2023,1,4.4264350848,3.495258788254863,Ridge,0.9311762965451367
2023,1,4.4264350848,3.1823968657254493,Ridge,1.2440382190745503
2023,1,4.4264350848,3.3718890317617416,Ridge,1.054546053038258
2023,1,4.4264350848,3.31588382361985,Ridge,1.1105512611801496
2023,1,4.4264350848,3.040659853637265,Ridge,1.3857752311627345
2023,1,4.4264350848,3.4852165340377352,Ridge,0.9412185507622643
2023,1,4.4264350848,3.1869391513135623,Ridge,1.2394959334864373
2023,2,3.6886959040000002,3.9350568129427206,Ridge,-0.24636090894272034
2023,2,3.6886959040000002,3.5604560117290913,Ridge,0.12823989227090893
2023,2,3.6886959040000002,3.4233061015462782,Ridge,0.265389802453722
2023,2,3.6886959040000002,3.3389272416650395,Ridge,0.34976866233496073
2023,2,3.6886959040000002,3.758822583476356,Ridge,-0.07012667947635576
2023,2,3.6886959040000002,3.8947772220375203,Ridge,-0.20608131803752006
2023,2,3.6886959040000002,4.050015305839818,Ridge,-0.36131940183981737
2023,2,3.6886959040000002,3.865694850454555,Ridge,-0.17699894645455494
2023,3,5.9019134464,6.07266720527643,Ridge,-0.17075375887642963
2023,3,5.9019134464,6.72405608602612,Ridge,-0.8221426396261196
2023,3,5.9019134464,7.2458721786072084,Ridge,-1.3439587322072084
2023,3,5.9019134464,7.306941004820803,Ridge,-1.4050275584208034
2023,3,5.9019134464,7.051741097472663,Ridge,-1.1498276510726626
2023,3,5.9019134464,6.687040860895178,Ridge,-0.7851274144951779
2023,3,5.9019134464,6.794422443941473,Ridge,-0.8925089975414728
2023,3,5.9019134464,7.2556507865658695,Ridge,-1.3537373401658694
2023,4,8.8528701696,8.454700969868863,Ridge,0.39816919973113585
2023,4,8.8528701696,9.627621219785969,Ridge,-0.7747510501859693
2023,4,8.8528701696,9.460553520268395,Ridge,-0.6076833506683954
2023,4,8.8528701696,9.612695762280719,Ridge,-0.7598255926807198
2023,4,8.8528701696,9.583627641493543,Ridge,-0.7307574718935435
2023,4,8.8528701696,9.0175770749171,Ridge,-0.1647069053171002
2023,4,8.8528701696,9.569400227581525,Ridge,-0.7165300579815259
2023,4,8.8528701696,9.996494721595914,Ridge,-1.1436245519959147
2023,5,10.328348531200001,9.26431529836945,Ridge,1.0640332328305515
2023,5,10.328348531200001,9.779216457535828,Ridge,0.5491320736641736
2023,5,10.328348531200001,9.102298149603463,Ridge,1.2260503815965382
2023,5,10.328348531200001,9.78238827867409,Ridge,0.5459602525259122
2023,5,10.328348531200001,9.397578495219959,Ridge,0.9307700359800428
2023,5,10.328348531200001,10.603188296683497,Ridge,-0.2748397654834953
2023,5,10.328348531200001,9.80737515244443,Ridge,0.5209733787555706
2023,5,10.328348531200001,10.75856389121542,Ridge,-0.4302153600154188
2023,6,7.3773918080000005,8.528526280947757,Ridge,-1.1511344729477564
2023,6,7.3773918080000005,7.664963325971526,Ridge,-0.2875715179715259
2023,6,7.3773918080000005,7.419931601183443,Ridge,-0.04253979318344214
2023,6,7.3773918080000005,7.658960069653136,Ridge,-0.28156826165313564
2023,6,7.3773918080000005,6.973894289726417,Ridge,0.4034975182735838
2023,6,7.3773918080000005,7.319107380974166,Ridge,0.058284427025834695
2023,6,7.3773918080000005,5.979107788171402,Ridge,1.3982840198285986
2023,6,7.3773918080000005,6.435339354701509,Ridge,0.9420524532984915
2023,7,4.4264350848,6.433286102052964,Ridge,-2.0068510172529646
2023,7,4.4264350848,5.625492436353833,Ridge,-1.199057351553833
2023,7,4.4264350848,5.108738074831661,Ridge,-0.6823029900316611
2023,7,4.4264350848,5.221630639094554,Ridge,-0.7951955542945548
2023,7,4.4264350848,4.958884540779912,Ridge,-0.5324494559799122
2023,7,4.4264350848,5.379114028478916,Ridge,-0.952678943678916
2023,7,4.4264350848,4.14098556424867,Ridge,0.2854495205513299
2023,7,4.4264350848,4.376440028042004,Ridge,0.04999505675799565
2023,8,3.6886959040000002,4.473287961150783,Ridge,-0.7845920571507827
2023,8,3.6886959040000002,4.205747868380575,Ridge,-0.5170519643805749
2023,8,3.6886959040000002,3.977744693323841,Ridge,-0.2890487893238407
2023,8,3.6886959040000002,3.670852679284729,Ridge,0.017843224715271333
2023,8,3.6886959040000002,3.7464788351636513,Ridge,-0.057782931163651075
2023,8,3.6886959040000002,4.454299996136175,Ridge,-0.7656040921361749
2023,8,3.6886959040000002,3.795150229369345,Ridge,-0.10645432536934463
2023,8,3.6886959040000002,3.9649723227350178,Ridge,-0.2762764187350175
2023,9,4.4264350848,4.253866879224823,Ridge,0.1725682055751765
2023,9,4.4264350848,4.335567095247221,Ridge,0.09086798955277864
2023,9,4.4264350848,4.305899740921227,Ridge,0.12053534387877285
2023,9,4.4264350848,4.021496852792215,Ridge,0.404938232007785
2023,9,4.4264350848,3.9891147297156277,Ridge,0.43732035508437184
2023,9,4.4264350848,4.389497633626238,Ridge,0.03693745117376146
2023,9,4.4264350848,4.03747885305917,Ridge,0.3889562317408295
2023,9,4.4264350848,4.718606395335128,Ridge,-0.292171310535128
2023,10,7.3773918080000005,6.350423429877688,Ridge,1.0269683781223122
2023,10,7.3773918080000005,7.427603063763968,Ridge,-0.050211255763967344
2023,10,7.3773918080000005,7.277104081922043,Ridge,0.10028772607795755
2023,10,7.3773918080000005,6.798111669626692,Ridge,0.5792801383733082
2023,10,7.3773918080000005,7.0418887841468925,Ridge,0.33550302385310804
2023,10,7.3773918080000005,7.078781166416835,Ridge,0.2986106415831653
2023,10,7.3773918080000005,7.604981397130176,Ridge,-0.2275895891301758
2023,10,7.3773918080000005,8.18238505005979,Ridge,-0.8049932420597887
2023,11,8.8528701696,7.819003019165143,Ridge,1.0338671504348564
2023,11,8.8528701696,9.011502023985832,Ridge,-0.15863185438583294
2023,11,8.8528701696,8.361261776385987,Ridge,0.49160839321401184
2023,11,8.8528701696,9.16681250287342,Ridge,-0.31394233327342036
2023,11,8.8528701696,8.412835616591073,Ridge,0.44003455300892647
2023,11,8.8528701696,8.705217139320487,Ridge,0.14765303027951227
2023,11,8.8528701696,7.907043226374072,Ridge,0.945826943225927
2023,11,8.8528701696,8.687463029898089,Ridge,0.16540713970191057
2023,12,4.4264350848,7.18172871503339,Ridge,-2.755293630233391
2023,12,4.4264350848,5.978716079737012,Ridge,-1.5522809949370124
2023,12,4.4264350848,4.064806063948515,Ridge,0.36162902085148474
2023,12,4.4264350848,5.360305554519018,Ridge,-0.9338704697190181
2023,12,4.4264350848,5.693026563212081,Ridge,-1.2665914784120815
2023,12,4.4264350848,6.84385585226015,Ridge,-2.4174207674601504
2023,12,4.4264350848,4.837280615651592,Ridge,-0.41084553085159214
2023,12,4.4264350848,5.184689515056557,Ridge,-0.7582544302565575
2024,1,4.450098509999999,3.1747899965236575,Ridge,1.2753085134763418
2024,1,4.450098509999999,3.931692831464439,Ridge,0.5184056785355602
2024,1,4.450098509999999,3.1652895437104513,Ridge,1.2848089662895479
2024,1,4.450098509999999,3.3850252373228003,Ridge,1.065073272677199
2024,1,4.450098509999999,3.2015825319060927,Ridge,1.2485159780939066
2024,1,4.450098509999999,3.2806675840110135,Ridge,1.1694309259889857
2024,1,4.450098509999999,3.1241132601702626,Ridge,1.3259852498297366
2024,1,4.450098509999999,3.0120140889788134,Ridge,1.4380844210211858
2024,2,3.708415425,3.9080933169175793,Ridge,-0.19967789191757923
2024,2,3.708415425,3.6288722747651136,Ridge,0.07954315023488645
2024,2,3.708415425,3.5814900757599126,Ridge,0.12692534924008747
2024,2,3.708415425,3.5639407716336744,Ridge,0.1444746533663257
2024,2,3.708415425,4.024859619836787,Ridge,-0.3164441948367873
2024,2,3.708415425,4.025115726113271,Ridge,-0.3167003011132712
2024,2,3.708415425,3.7614104041681795,Ridge,-0.05299497916817941
2024,2,3.708415425,3.734521332985062,Ridge,-0.02610590798506207
2024,3,5.933464679999999,5.7876519972130565,Ridge,0.14581268278694282
2024,3,5.933464679999999,6.663892676193237,Ridge,-0.7304279961932378
2024,3,5.933464679999999,6.67821165589881,Ridge,-0.7447469758988108
2024,3,5.933464679999999,6.3218676428778515,Ridge,-0.38840296287785225
2024,3,5.933464679999999,6.549282003656615,Ridge,-0.615817323656616
2024,3,5.933464679999999,6.540805868452116,Ridge,-0.6073411884521169
2024,3,5.933464679999999,7.6577361364990875,Ridge,-1.7242714564990882
2024,3,5.933464679999999,7.652511371848007,Ridge,-1.7190466918480078
2024,4,8.900197019999998,8.009278696361228,Ridge,0.8909183236387701
2024,4,8.900197019999998,9.180276505664207,Ridge,-0.28007948566420815
2024,4,8.900197019999998,9.090370587280836,Ridge,-0.19017356728083712
2024,4,8.900197019999998,9.122093181442619,Ridge,-0.22189616144262025
2024,4,8.900197019999998,8.937633328837693,Ridge,-0.037436308837694554
2024,4,8.900197019999998,8.807315992848594,Ridge,0.0928810271514049
2024,4,8.900197019999998,9.254243430630735,Ridge,-0.35404641063073683
2024,4,8.900197019999998,10.280930974458107,Ridge,-1.3807339544581083
2024,5,10.38356319,10.327268419846947,Ridge,0.05629477015305362
2024,5,10.38356319,10.695215688426511,Ridge,-0.3116524984265112
2024,5,10.38356319,10.165938008646926,Ridge,0.21762518135307474
2024,5,10.38356319,10.532056772552359,Ridge,-0.14849358255235856
2024,5,10.38356319,10.391468840934536,Ridge,-0.007905650934535657
2024,5,10.38356319,10.085449225913372,Ridge,0.29811396408662816
2024,5,10.38356319,10.040505148530796,Ridge,0.34305804146920416
2024,5,10.38356319,11.052243434948597,Ridge,-0.6686802449485967
2024,6,7.41683085,8.704799810683639,Ridge,-1.2879689606836386
2024,6,7.41683085,7.991061660896507,Ridge,-0.5742308108965064
2024,6,7.41683085,7.768382725639902,Ridge,-0.35155187563990165
2024,6,7.41683085,8.743522430291709,Ridge,-1.3266915802917083
2024,6,7.41683085,7.641484550012878,Ridge,-0.22465370001287788
2024,6,7.41683085,7.545073352390202,Ridge,-0.12824250239020163
2024,6,7.41683085,6.415327518531134,Ridge,1.0015033314688662
2024,6,7.41683085,6.8476982952692165,Ridge,0.5691325547307837
2024,7,4.450098509999999,6.297613733947051,Ridge,-1.8475152239470516
2024,7,4.450098509999999,4.815171154671939,Ridge,-0.36507264467193945
2024,7,4.450098509999999,5.821056142962576,Ridge,-1.3709576329625763
2024,7,4.450098509999999,6.034070811491914,Ridge,-1.5839723014919151
2024,7,4.450098509999999,5.540782612429761,Ridge,-1.090684102429762
2024,7,4.450098509999999,5.2731417035043116,Ridge,-0.8230431935043123
2024,7,4.450098509999999,4.2668760194396675,Ridge,0.18322249056033169
2024,7,4.450098509999999,4.492807800298415,Ridge,-0.04270929029841586
2024,8,3.708415425,4.580281881046571,Ridge,-0.871866456046571
2024,8,3.708415425,4.092545832589656,Ridge,-0.3841304075896561
2024,8,3.708415425,4.797250867482475,Ridge,-1.088835442482475
2024,8,3.708415425,4.5252623773237,Ridge,-0.8168469523236999
2024,8,3.708415425,4.496330492490004,Ridge,-0.7879150674900037
2024,8,3.708415425,4.084263862556053,Ridge,-0.3758484375560531
2024,8,3.708415425,3.959717786204493,Ridge,-0.2513023612044929
2024,8,3.708415425,4.21872319132763,Ridge,-0.5103077663276299
2024,9,4.450098509999999,4.15494493642572,Ridge,0.2951535735742796
2024,9,4.450098509999999,4.172989527146707,Ridge,0.2771089828532922
2024,9,4.450098509999999,4.643324522144343,Ridge,-0.19322601214434343
2024,9,4.450098509999999,4.4701944462747365,Ridge,-0.02009593627473727
2024,9,4.450098509999999,4.641110767735823,Ridge,-0.19101225773582353
2024,9,4.450098509999999,4.05182980144532,Ridge,0.39826870855467966
2024,9,4.450098509999999,4.486334200457236,Ridge,-0.036235690457236736
2024,9,4.450098509999999,4.913116650174659,Ridge,-0.46301814017465937
2024,10,7.41683085,6.265878344613656,Ridge,1.1509525053863445
2024,10,7.41683085,7.134312383561225,Ridge,0.2825184664387752
2024,10,7.41683085,7.460006102381888,Ridge,-0.043175252381887574
2024,10,7.41683085,6.862114155374198,Ridge,0.5547166946258022
2024,10,7.41683085,7.03133571411924,Ridge,0.38549513588076056
2024,10,7.41683085,6.5854204494894795,Ridge,0.8314104005105207
2024,10,7.41683085,7.637921982984693,Ridge,-0.22109113298469296
2024,10,7.41683085,8.131717897702906,Ridge,-0.7148870477029057
2024,11,8.900197019999998,7.502183519330654,Ridge,1.3980135006693448
2024,11,8.900197019999998,8.278664437780403,Ridge,0.6215325822195954
2024,11,8.900197019999998,8.120131110661815,Ridge,0.7800659093381839
2024,11,8.900197019999998,8.325878410415221,Ridge,0.5743186095847772
2024,11,8.900197019999998,8.167897729042528,Ridge,0.7322992909574708
2024,11,8.900197019999998,8.048545814572616,Ridge,0.8516512054273822
2024,11,8.900197019999998,8.084551341789654,Ridge,0.8156456782103447
2024,11,8.900197019999998,8.468012044476495,Ridge,0.4321849755235032
2024,12,4.450098509999999,7.472378920478007,Ridge,-3.0222804104780074
2024,12,4.450098509999999,5.788514079935701,Ridge,-1.3384155699357017
2024,12,4.450098509999999,5.240713948293501,Ridge,-0.7906154382935018
2024,12,4.450098509999999,6.333528607064535,Ridge,-1.8834300970645357
2024,12,4.450098509999999,6.528085053586468,Ridge,-2.0779865435864684
2024,12,4.450098509999999,6.679884670865758,Ridge,-2.2297861608657588
2024,12,4.450098509999999,5.0873944529205195,Ridge,-0.6372959429205203
2024,12,4.450098509999999,5.134755620759316,Ridge,-0.6846571107593169
2001,1,14.593574718,13.861903151878945,Random Forest,0.7316715661210544
2001,2,12.161312265,11.832676940290803,Random Forest,0.32863532470919665
2001,3,19.458099624,17.208990511527887,Random Forest,2.2491091124721123
2001,4,29.187149436,24.486275534012087,Random Forest,4.7008739019879116
2001,5,34.051674342,29.616506593804235,Random Forest,4.435167748195763
2001,6,24.32262453,19.98073654540954,Random Forest,4.3418879845904605
2001,7,14.593574718,16.53235930034403,Random Forest,-1.9387845823440308
2001,8,12.161312265,11.562446500085555,Random Forest,0.5988657649144447
2001,9,14.593574718,14.7136988691156,Random Forest,-0.1201241511156006
2001,10,24.32262453,24.54603140088728,Random Forest,-0.22340687088728117
2001,11,29.187149436,27.864172493983908,Random Forest,1.3229769420160906
2001,12,14.593574718,21.027016646375813,Random Forest,-6.433441928375814
2002,1,13.653268812,13.652703432742378,Random Forest,0.0005653792576225669
2002,2,11.377724010000001,11.488632023237386,Random Forest,-0.11090801323738475
2002,3,18.204358416,17.00612717651566,Random Forest,1.1982312394843433
2002,4,27.306537624,25.24247450250526,Random Forest,2.0640631214947405
2002,5,31.857627228000002,29.924773097249265,Random Forest,1.9328541307507372
2002,6,22.755448020000003,20.488984360210786,Random Forest,2.266463659789217
2002,7,13.653268812,15.394322368535104,Random Forest,-1.7410535565351033
2002,8,11.377724010000001,10.9489644493539,Random Forest,0.42875956064610143
2002,9,13.653268812,13.895089577553723,Random Forest,-0.24182076555372234
2002,10,22.755448020000003,24.170525650718208,Random Forest,-1.415077630718205
2002,11,27.306537624,26.483296432422428,Random Forest,0.8232411915775728
2002,12,13.653268812,19.149000163144855,Random Forest,-5.495731351144855
2003,1,13.208306627999999,13.272679258531896,Random Forest,-0.06437263053189746
2003,2,11.006922190000001,11.272847217319624,Random Forest,-0.2659250273196232
2003,3,17.611075504000002,16.57468066672669,Random Forest,1.0363948372733134
2003,4,26.416613255999998,24.035024994536105,Random Forest,2.381588261463893
2003,5,30.819382132000005,29.57547630368697,Random Forest,1.2439058283130358
2003,6,22.013844380000002,20.101230629489063,Random Forest,1.912613750510939
2003,7,13.208306627999999,14.169928734619504,Random Forest,-0.9616221066195045
2003,8,11.006922190000001,10.83247333736961,Random Forest,0.17444885263039112
2003,9,13.208306627999999,13.522635334930994,Random Forest,-0.31432870693099524
2003,10,22.013844380000002,23.14481213259377,Random Forest,-1.1309677525937687
2003,11,26.416613255999998,25.958535630911253,Random Forest,0.4580776250887446
2003,12,13.208306627999999,16.040155237114494,Random Forest,-2.8318486091144948
2004,1,11.065235658,12.099598943147953,Random Forest,-1.0343632851479523
2004,2,9.221029715,9.153399699550468,Random Forest,0.06763001544953262
2004,3,14.753647544000001,14.316092053482235,Random Forest,0.43755549051776654
2004,4,22.130471316,20.413979566656344,Random Forest,1.716491749343657
2004,5,25.818883202000002,26.724974587049736,Random Forest,-0.9060913850497343
2004,6,18.44205943,17.42357663800725,Random Forest,1.0184827919927493
2004,7,11.065235658,11.68827303653871,Random Forest,-0.6230373785387098
2004,8,9.221029715,8.9063667976133,Random Forest,0.31466291738670016
2004,9,11.065235658,12.566679139063389,Random Forest,-1.5014434810633883
2004,10,18.44205943,18.5608587438771,Random Forest,-0.1187993138771013
2004,11,22.130471316,22.499190842142138,Random Forest,-0.36871952614213654
2004,12,11.065235658,13.265483399260294,Random Forest,-2.200247741260293
2005,1,8.335110228,9.076910456766388,Random Forest,-0.7418002287663885
2005,2,6.9459251900000005,7.6107621903914815,Random Forest,-0.664837000391481
2005,3,11.113480304,9.064112779105175,Random Forest,2.0493675248948247
2005,4,16.670220456,17.032626681275868,Random Forest,-0.3624062252758691
2005,5,19.448590532,21.965386048393057,Random Forest,-2.5167955163930564
2005,6,13.891850380000001,11.944510769458986,Random Forest,1.9473396105410146
2005,7,8.335110228,9.919935901544328,Random Forest,-1.5848256735443282
2005,8,6.9459251900000005,7.23591000101387,Random Forest,-0.28998481101386986
2005,9,8.335110228,8.422308832517958,Random Forest,-0.08719860451795824
2005,10,13.891850380000001,13.121656830447186,Random Forest,0.7701935495528147
2005,11,16.670220456,14.731770211773194,Random Forest,1.9384502442268055
2005,12,8.335110228,12.089201605616115,Random Forest,-3.754091377616115
2006,1,7.531516901999999,7.758599376641979,Random Forest,-0.22708247464198017
2006,2,6.276264085,6.997547023648678,Random Forest,-0.7212829386486774
2006,3,10.042022536,8.48336514009041,Random Forest,1.5586573959095897
2006,4,15.063033803999998,16.43331141424411,Random Forest,-1.370277610244111
2006,5,17.573539438,16.130351117140126,Random Forest,1.4431883208598748
2006,6,12.55252817,10.764280365370057,Random Forest,1.7882478046299433
2006,7,7.531516901999999,9.412204855006253,Random Forest,-1.8806879530062544
2006,8,6.276264085,6.4665021936363125,Random Forest,-0.1902381086363123
2006,9,7.531516901999999,7.736562912609489,Random Forest,-0.20504601060948957
2006,10,12.55252817,11.299905993670372,Random Forest,1.2526221763296288
2006,11,15.063033803999998,14.27928111516756,Random Forest,0.783752688832438
2006,12,7.531516901999999,7.118154177817162,Random Forest,0.4133627241828366
2007,1,5.6901060612,6.5508887111693985,Random Forest,-0.8607826499693987
2007,2,4.741755051,5.092208528138971,Random Forest,-0.3504534771389709
2007,3,7.5868080816,6.927855659926639,Random Forest,0.6589524216733613
2007,4,11.3802121224,9.773842404873806,Random Forest,1.606369717526194
2007,5,13.2769141428,15.416298167418793,Random Forest,-2.139384024618792
2007,6,9.483510102,9.775310148280582,Random Forest,-0.2918000462805814
2007,7,5.6901060612,7.703729024932568,Random Forest,-2.013622963732568
2007,8,4.741755051,5.260994314558822,Random Forest,-0.5192392635588217
2007,9,5.6901060612,5.226904058541881,Random Forest,0.46320200265811895
2007,10,9.483510102,8.602974081582452,Random Forest,0.8805360204175479
2007,11,11.3802121224,12.427064877301492,Random Forest,-1.0468527549014919
2007,12,5.6901060612,6.729527404853536,Random Forest,-1.0394213436535358
2008,1,4.7865969468,4.919671440861568,Random Forest,-0.13307449406156824
2008,2,3.988830789,4.210020065630053,Random Forest,-0.2211892766300525
2008,3,6.3821292624,6.52083432007456,Random Forest,-0.1387050576745601
2008,4,9.5731938936,9.10753680923497,Random Forest,0.46565708436502895
2008,5,11.1687262092,10.543970236064395,Random Forest,0.6247559731356063
2008,6,7.977661578,8.551788412851888,Random Forest,-0.5741268348518878
2008,7,4.7865969468,6.486977969400203,Random Forest,-1.7003810226002036
2008,8,3.988830789,4.427826793776253,Random Forest,-0.4389960047762531
2008,9,4.7865969468,4.629191183430255,Random Forest,0.157405763369745
2008,10,7.977661578,7.62533999162317,Random Forest,0.35232158637683053
2008,11,9.5731938936,9.091817138829983,Random Forest,0.4813767547700163
2008,12,4.7865969468,5.459785291759123,Random Forest,-0.6731883449591232
2009,1,4.6557684545999996,4.6078972428069305,Random Forest,0.04787121179306908
2009,2,3.8798070455,4.060076216215369,Random Forest,-0.18026917071536852
2009,3,6.2076912728,6.341817330426134,Random Forest,-0.13412605762613428
2009,4,9.311536909199999,8.896982962219301,Random Forest,0.41455394698069803
2009,5,10.863459727400002,10.217967609413897,Random Forest,0.6454921179861053
2009,6,7.759614091,8.241496035608403,Random Forest,-0.4818819446084026
2009,7,4.6557684545999996,6.178499090925222,Random Forest,-1.5227306363252229
2009,8,3.8798070455,4.231378696172386,Random Forest,-0.3515716506723856
2009,9,4.6557684545999996,4.404027951794225,Random Forest,0.25174050280577465
2009,10,7.759614091,7.395629435980971,Random Forest,0.36398465501902955
2009,11,9.311536909199999,8.841004462294729,Random Forest,0.4705324469052705
2009,12,4.6557684545999996,5.462777195514432,Random Forest,-0.8070087409144326
2010,1,4.8163530444,4.762561349630648,Random Forest,0.05379169476935175
2010,1,4.8163530444,4.797482556527844,Random Forest,0.018870487872155728
2010,1,4.8163530444,4.835607851201483,Random Forest,-0.019254806801483504
2010,1,4.8163530444,4.812897823071262,Random Forest,0.0034552213287373235
2010,1,4.8163530444,4.814713743182777,Random Forest,0.0016393012172226662
2010,1,4.8163530444,4.816381640106777,Random Forest,-2.8595706777601038e-05
2010,1,4.8163530444,4.817102229238586,Random Forest,-0.0007491848385861033
2010,1,4.8163530444,4.815024654505666,Random Forest,0.0013283898943337036
2010,2,4.0136275370000005,4.097612059795148,Random Forest,-0.08398452279514768
2010,2,4.0136275370000005,4.015843728524687,Random Forest,-0.0022161915246865505
2010,2,4.0136275370000005,4.015843728524687,Random Forest,-0.0022161915246865505
2010,2,4.0136275370000005,4.014353278691932,Random Forest,-0.00072574169193107
2010,2,4.0136275370000005,4.014353278691932,Random Forest,-0.00072574169193107
2010,2,4.0136275370000005,4.014353278691932,Random Forest,-0.00072574169193107
2010,2,4.0136275370000005,4.014142917152409,Random Forest,-0.0005153801524082624
2010,2,4.0136275370000005,4.013349502138598,Random Forest,0.00027803486140243194
2010,3,6.4218040592,6.483919770786066,Random Forest,-0.06211571158606599
2010,3,6.4218040592,6.498038351182187,Random Forest,-0.07623429198218634
2010,3,6.4218040592,6.446007543815949,Random Forest,-0.024203484615949122
2010,3,6.4218040592,6.398826165886175,Random Forest,0.022977893313825604
2010,3,6.4218040592,6.544991257831699,Random Forest,-0.12318719863169836
2010,3,6.4218040592,6.395863595901035,Random Forest,0.02594046329896571
2010,3,6.4218040592,6.571415694431327,Random Forest,-0.14961163523132637
2010,3,6.4218040592,6.586654709408587,Random Forest,-0.1648506502085869
2010,4,9.6327060888,9.563251303329851,Random Forest,0.06945478547014794
2010,4,9.6327060888,9.637908771922985,Random Forest,-0.005202683122986329
2010,4,9.6327060888,9.637984434582556,Random Forest,-0.005278345782556926
2010,4,9.6327060888,9.63048268252771,Random Forest,0.002223406272289452
2010,4,9.6327060888,9.624979811233722,Random Forest,0.0077262775662774175
2010,4,9.6327060888,9.649370820922243,Random Forest,-0.016664732122244175
2010,4,9.6327060888,9.654035047641758,Random Forest,-0.02132895884175845
2010,4,9.6327060888,9.663091092671259,Random Forest,-0.03038500387125964
2010,5,11.2381571036,11.094058530032166,Random Forest,0.14409857356783462
2010,5,11.2381571036,11.066643606423419,Random Forest,0.1715134971765817
2010,5,11.2381571036,11.048689843826748,Random Forest,0.1894672597732523
2010,5,11.2381571036,11.111701807187803,Random Forest,0.12645529641219788
2010,5,11.2381571036,11.11128516231214,Random Forest,0.1268719412878614
2010,5,11.2381571036,11.105665707324693,Random Forest,0.1324913962753076
2010,5,11.2381571036,11.215232919149821,Random Forest,0.022924184450179297
2010,5,11.2381571036,11.223497767892,Random Forest,0.014659335708000043
2010,6,8.027255074000001,8.205707456720237,Random Forest,-0.178452382720236
2010,6,8.027255074000001,8.083195243112621,Random Forest,-0.05594016911262045
2010,6,8.027255074000001,8.06601057354049,Random Forest,-0.03875549954048907
2010,6,8.027255074000001,8.066242334229496,Random Forest,-0.03898726022949539
2010,6,8.027255074000001,8.10083235227623,Random Forest,-0.07357727827622895
2010,6,8.027255074000001,8.081649715858036,Random Forest,-0.05439464185803544
2010,6,8.027255074000001,8.052356095722347,Random Forest,-0.025101021722345962
2010,6,8.027255074000001,8.04218543165673,Random Forest,-0.014930357656728788
2010,7,4.8163530444,5.278059719397318,Random Forest,-0.4617066749973189
2010,7,4.8163530444,4.803307395012686,Random Forest,0.013045649387313674
2010,7,4.8163530444,4.798280600721676,Random Forest,0.018072443678323502
2010,7,4.8163530444,4.807336387443428,Random Forest,0.009016656956571723
2010,7,4.8163530444,4.803113685221766,Random Forest,0.013239359178233379
2010,7,4.8163530444,4.840081643415655,Random Forest,-0.02372859901565505
2010,7,4.8163530444,4.82903156829532,Random Forest,-0.012678523895320204
2010,7,4.8163530444,4.81450348104802,Random Forest,0.0018495633519792776
2010,8,4.0136275370000005,4.247476404347608,Random Forest,-0.23384886734760713
2010,8,4.0136275370000005,4.016837167855953,Random Forest,-0.0032096308559523834
2010,8,4.0136275370000005,4.018010882722426,Random Forest,-0.004383345722425602
2010,8,4.0136275370000005,4.016153592318916,Random Forest,-0.0025260553189152546
2010,8,4.0136275370000005,4.015709143995697,Random Forest,-0.0020816069956968164
2010,8,4.0136275370000005,4.019086366881569,Random Forest,-0.005458829881568761
2010,8,4.0136275370000005,4.0180711042030905,Random Forest,-0.004443567203090026
2010,8,4.0136275370000005,4.014569284377063,Random Forest,-0.0009417473770625406
2010,9,4.8163530444,4.783940768565809,Random Forest,0.03241227583419093
2010,9,4.8163530444,4.822207253879451,Random Forest,-0.005854209479451811
2010,9,4.8163530444,4.823752056234044,Random Forest,-0.0073990118340443445
2010,9,4.8163530444,4.842519663470718,Random Forest,-0.026166619070718156
2010,9,4.8163530444,4.812285034579947,Random Forest,0.0040680098200525094
2010,9,4.8163530444,4.810200727671059,Random Forest,0.0061523167289401215
2010,9,4.8163530444,4.831162750270389,Random Forest,-0.014809705870389323
2010,9,4.8163530444,4.815679616039091,Random Forest,0.0006734283609084457
2010,10,8.027255074000001,7.811569309690041,Random Forest,0.2156857643099599
2010,10,8.027255074000001,8.04343572020905,Random Forest,-0.016180646209049243
2010,10,8.027255074000001,8.05951519187197,Random Forest,-0.03226011787196903
2010,10,8.027255074000001,8.042584894132576,Random Forest,-0.015329820132574667
2010,10,8.027255074000001,8.050071470897846,Random Forest,-0.02281639689784498
2010,10,8.027255074000001,8.04636826238227,Random Forest,-0.01911318838226883
2010,10,8.027255074000001,8.065879418728546,Random Forest,-0.03862434472854481
2010,10,8.027255074000001,8.07320711919568,Random Forest,-0.04595204519567808
2010,11,9.6327060888,9.176220721460423,Random Forest,0.45648536733957634
2010,11,9.6327060888,9.625792923858695,Random Forest,0.006913164941304117
2010,11,9.6327060888,9.605794614557697,Random Forest,0.026911474242302447
2010,11,9.6327060888,9.625294951398438,Random Forest,0.007411137401561518
2010,11,9.6327060888,9.641168651464659,Random Forest,-0.008462562664659501
2010,11,9.6327060888,9.646606600662421,Random Forest,-0.013900511862422249
2010,11,9.6327060888,9.649518568009213,Random Forest,-0.01681247920921436
2010,11,9.6327060888,9.63260465112427,Random Forest,0.00010143767572934337
2010,12,4.8163530444,5.102558288951174,Random Forest,-0.2862052445511747
2010,12,4.8163530444,4.84413986447177,Random Forest,-0.027786820071770357
2010,12,4.8163530444,4.827792514100258,Random Forest,-0.011439469700258442
2010,12,4.8163530444,4.818954362528868,Random Forest,-0.002601318128868435
2010,12,4.8163530444,4.819338964375725,Random Forest,-0.002985919975725615
2010,12,4.8163530444,4.822816548158258,Random Forest,-0.006463503758258327
2010,12,4.8163530444,4.822138660544258,Random Forest,-0.005785616144258654
2010,12,4.8163530444,4.822346804275725,Random Forest,-0.0059937598757251465
2011,1,4.9549168757999995,4.856719884445603,Random Forest,0.09819699135439652
2011,1,4.9549168757999995,4.954637696295122,Random Forest,0.00027917950487754695
2011,1,4.9549168757999995,4.954637696295122,Random Forest,0.00027917950487754695
2011,1,4.9549168757999995,4.9537736608331775,Random Forest,0.0011432149668220148
2011,1,4.9549168757999995,4.948754426254289,Random Forest,0.006162449545710658
2011,1,4.9549168757999995,4.954017980240288,Random Forest,0.0008988955597111215
2011,1,4.9549168757999995,4.954017980240288,Random Forest,0.0008988955597111215
2011,1,4.9549168757999995,4.949234459099844,Random Forest,0.005682416700155457
2011,2,4.1290973965,4.245567058773353,Random Forest,-0.11646966227335298
2011,2,4.1290973965,4.124677054035709,Random Forest,0.00442034246429035
2011,2,4.1290973965,4.124677054035709,Random Forest,0.00442034246429035
2011,2,4.1290973965,4.123085103348637,Random Forest,0.006012293151362869
2011,2,4.1290973965,4.1142485586481925,Random Forest,0.01484883785180724
2011,2,4.1290973965,4.123794354679938,Random Forest,0.0053030418200616936
2011,2,4.1290973965,4.113132992289859,Random Forest,0.015964404210140337
2011,2,4.1290973965,4.122547902924938,Random Forest,0.006549493575061405
2011,3,6.6065558344,6.637433582098303,Random Forest,-0.03087774769830265
2011,3,6.6065558344,6.58925032165063,Random Forest,0.017305512749369534
2011,3,6.6065558344,6.603274629259162,Random Forest,0.0032812051408379617
2011,3,6.6065558344,6.592306986145334,Random Forest,0.01424884825466588
2011,3,6.6065558344,6.628362731634477,Random Forest,-0.021806897234476708
2011,3,6.6065558344,6.594941763751556,Random Forest,0.011614070648444219
2011,3,6.6065558344,6.660706332785382,Random Forest,-0.05415049838538177
2011,3,6.6065558344,6.6250654990869515,Random Forest,-0.018509664686951588
2011,4,9.909833751599999,9.654533652967553,Random Forest,0.2553000986324463
2011,4,9.909833751599999,9.883759165595785,Random Forest,0.02607458600421353
2011,4,9.909833751599999,9.874887414205995,Random Forest,0.03494633739400399
2011,4,9.909833751599999,9.891704337885676,Random Forest,0.018129413714323306
2011,4,9.909833751599999,9.886105890683465,Random Forest,0.023727860916533672
2011,4,9.909833751599999,9.880888342858553,Random Forest,0.028945408741446244
2011,4,9.909833751599999,9.898126292518697,Random Forest,0.011707459081302218
2011,4,9.909833751599999,9.890194140360036,Random Forest,0.019639611239963273
2011,5,11.5614727102,11.439014890847094,Random Forest,0.12245781935290623
2011,5,11.5614727102,11.558355560612913,Random Forest,0.003117149587087198
2011,5,11.5614727102,11.55062219387601,Random Forest,0.010850516323991144
2011,5,11.5614727102,11.551898322910525,Random Forest,0.009574387289475794
2011,5,11.5614727102,11.529573722291238,Random Forest,0.03189898790876278
2011,5,11.5614727102,11.563275741384341,Random Forest,-0.0018030311843411084
2011,5,11.5614727102,11.536497413753366,Random Forest,0.024975296446633877
2011,5,11.5614727102,11.53597691540973,Random Forest,0.02549579479027031
2011,6,8.258194793,8.60833328853567,Random Forest,-0.35013849553567056
2011,6,8.258194793,8.169063404246184,Random Forest,0.08913138875381499
2011,6,8.258194793,8.1886051994603,Random Forest,0.06958959353969973
2011,6,8.258194793,8.228766825288307,Random Forest,0.029427967711692204
2011,6,8.258194793,8.206495004195128,Random Forest,0.05169978880487136
2011,6,8.258194793,8.209187947607463,Random Forest,0.049006845392536746
2011,6,8.258194793,8.15534664517324,Random Forest,0.10284814782675866
2011,6,8.258194793,8.200736603150045,Random Forest,0.05745818984995488
2011,7,4.9549168757999995,5.6241746057774415,Random Forest,-0.669257729977442
2011,7,4.9549168757999995,4.954637696295122,Random Forest,0.00027917950487754695
2011,7,4.9549168757999995,4.949498469094422,Random Forest,0.005418406705577361
2011,7,4.9549168757999995,4.953317559612011,Random Forest,0.0015993161879883644
2011,7,4.9549168757999995,4.950572210941789,Random Forest,0.004344664858210834
2011,7,4.9549168757999995,4.961087987591483,Random Forest,-0.006171111791483774
2011,7,4.9549168757999995,4.954637696295122,Random Forest,0.00027917950487754695
2011,7,4.9549168757999995,4.9534752412017715,Random Forest,0.0014416345982279921
2011,8,4.1290973965,4.402559724417032,Random Forest,-0.2734623279170325
2011,8,4.1290973965,4.119818068182877,Random Forest,0.009279328317123081
2011,8,4.1290973965,4.1165483386860044,Random Forest,0.01254905781399529
2011,8,4.1290973965,4.125673392160007,Random Forest,0.0034240043399931253
2011,8,4.1290973965,4.128536539896784,Random Forest,0.0005608566032160311
2011,8,4.1290973965,4.131162630212116,Random Forest,-0.00206523371211631
2011,8,4.1290973965,4.130846418503973,Random Forest,-0.0017490220039730886
2011,8,4.1290973965,4.125160215634769,Random Forest,0.0039371808652308715
2011,9,4.9549168757999995,4.948013019237656,Random Forest,0.006903856562343158
2011,9,4.9549168757999995,4.955230562527817,Random Forest,-0.0003136867278170641
2011,9,4.9549168757999995,4.952417191195887,Random Forest,0.0024996846041123177
2011,9,4.9549168757999995,4.953317559612011,Random Forest,0.0015993161879883644
2011,9,4.9549168757999995,4.952697833579344,Random Forest,0.0022190422206556093
2011,9,4.9549168757999995,4.958587995848055,Random Forest,-0.0036711200480556982
2011,9,4.9549168757999995,4.954637696295122,Random Forest,0.00027917950487754695
2011,9,4.9549168757999995,4.95403810718001,Random Forest,0.0008787686199891453
2011,10,8.258194793,8.089161185946773,Random Forest,0.16903360705322612
2011,10,8.258194793,8.21419354769637,Random Forest,0.04400124530362959
2011,10,8.258194793,8.223611545893663,Random Forest,0.034583247106336756
2011,10,8.258194793,8.213857907887412,Random Forest,0.044336885112587154
2011,10,8.258194793,8.198357192117166,Random Forest,0.059837600882833186
2011,10,8.258194793,8.216316456926315,Random Forest,0.04187833607368496
2011,10,8.258194793,8.207417835593533,Random Forest,0.05077695740646604
2011,10,8.258194793,8.224217144553595,Random Forest,0.033977648446404274
2011,11,9.909833751599999,8.417049999619799,Random Forest,1.4927837519802
2011,11,9.909833751599999,9.889866775374967,Random Forest,0.01996697622503163
2011,11,9.909833751599999,9.893481628481934,Random Forest,0.016352123118064554
2011,11,9.909833751599999,9.879762512283268,Random Forest,0.03007123931673128
2011,11,9.909833751599999,9.894446418022932,Random Forest,0.015387333577066897
2011,11,9.909833751599999,9.888944974893178,Random Forest,0.020888776706820877
2011,11,9.909833751599999,9.888452181223897,Random Forest,0.021381570376101777
2011,11,9.909833751599999,9.91142823380254,Random Forest,-0.0015944822025417693
2011,12,4.9549168757999995,5.366029005540556,Random Forest,-0.4111121297405562
2011,12,4.9549168757999995,4.9474826815716755,Random Forest,0.007434194228324031
2011,12,4.9549168757999995,4.950972670046945,Random Forest,0.0039442057530543195
2011,12,4.9549168757999995,4.950628101716411,Random Forest,0.004288774083588187
2011,12,4.9549168757999995,4.95086369543041,Random Forest,0.004053180369589349
2011,12,4.9549168757999995,4.951854445957141,Random Forest,0.0030624298428580943
2011,12,4.9549168757999995,4.949563959288906,Random Forest,0.00535291651109393
2011,12,4.9549168757999995,4.946389555639173,Random Forest,0.00852732016082669
2012,1,5.053509131999999,4.859817925294984,Random Forest,0.19369120670501516
2012,1,5.053509131999999,5.053356586070099,Random Forest,0.00015254592990032734
2012,1,5.053509131999999,5.051797815665099,Random Forest,0.0017113163349007365
2012,1,5.053509131999999,5.050827286580876,Random Forest,0.0026818454191230856
2012,1,5.053509131999999,5.041805503719842,Random Forest,0.011703628280157474
2012,1,5.053509131999999,5.043535705007508,Random Forest,0.009973426992491596
2012,1,5.053509131999999,5.040958655258836,Random Forest,0.012550476741163052
2012,1,5.053509131999999,5.040547641054336,Random Forest,0.012961490945663456
2012,2,4.21125761,4.299953167585833,Random Forest,-0.08869555758583303
2012,2,4.21125761,4.2184056213769034,Random Forest,-0.007148011376903796
2012,2,4.21125761,4.220695845399268,Random Forest,-0.009438235399268358
2012,2,4.21125761,4.22145428941021,Random Forest,-0.010196679410210407
2012,2,4.21125761,4.206074092010894,Random Forest,0.005183517989105546
2012,2,4.21125761,4.2184056213769034,Random Forest,-0.007148011376903796
2012,2,4.21125761,4.189094422827454,Random Forest,0.02216318717254584
2012,2,4.21125761,4.211297953907472,Random Forest,-4.03439074725398e-05
2012,3,6.738012176,6.712648482167261,Random Forest,0.0253636938327384
2012,3,6.738012176,6.759598873525836,Random Forest,-0.021586697525836307
2012,3,6.738012176,6.773963114830881,Random Forest,-0.035950938830881185
2012,3,6.738012176,6.757686449555425,Random Forest,-0.019674273555425614
2012,3,6.738012176,6.774568032079448,Random Forest,-0.03655585607944811
2012,3,6.738012176,6.748280593585472,Random Forest,-0.010268417585471923
2012,3,6.738012176,6.779866362900558,Random Forest,-0.04185418690055798
2012,3,6.738012176,6.761126135072306,Random Forest,-0.0231139590723064
2012,4,10.107018263999999,9.62272829926783,Random Forest,0.48428996473216834
2012,4,10.107018263999999,10.103943249569951,Random Forest,0.003075014430047318
2012,4,10.107018263999999,10.101928737554323,Random Forest,0.0050895264456762845
2012,4,10.107018263999999,10.128481332095877,Random Forest,-0.021463068095878057
2012,4,10.107018263999999,10.118457364705188,Random Forest,-0.011439100705189276
2012,4,10.107018263999999,10.115103053369227,Random Forest,-0.008084789369227963
2012,4,10.107018263999999,10.113174639238673,Random Forest,-0.006156375238674627
2012,4,10.107018263999999,10.161231434414953,Random Forest,-0.05421317041495399
2012,5,11.791521308,10.983971830420458,Random Forest,0.807549477579542
2012,5,11.791521308,11.809427438237003,Random Forest,-0.01790613023700338
2012,5,11.791521308,11.828102683254691,Random Forest,-0.036581375254691295
2012,5,11.791521308,11.791667426733603,Random Forest,-0.00014611873360337313
2012,5,11.791521308,11.70753955008266,Random Forest,0.08398175791734097
2012,5,11.791521308,11.809116824445198,Random Forest,-0.017595516445197745
2012,5,11.791521308,11.717130407932588,Random Forest,0.07439090006741189
2012,5,11.791521308,11.736820814032855,Random Forest,0.054700493967144936
2012,6,8.42251522,8.305031049277341,Random Forest,0.11748417072265838
2012,6,8.42251522,8.457305933409879,Random Forest,-0.034790713409879714
2012,6,8.42251522,8.329140340874256,Random Forest,0.0933748791257436
2012,6,8.42251522,8.460842940725472,Random Forest,-0.03832772072547286
2012,6,8.42251522,8.38098648741632,Random Forest,0.04152873258367862
2012,6,8.42251522,8.360142170362339,Random Forest,0.062373049637660216
2012,6,8.42251522,8.346038293343492,Random Forest,0.07647692665650752
2012,6,8.42251522,8.251058036358973,Random Forest,0.17145718364102613
2012,7,5.053509131999999,5.853466626971235,Random Forest,-0.7999574949712356
2012,7,5.053509131999999,5.04908889865281,Random Forest,0.0044202333471892175
2012,7,5.053509131999999,5.0455506655064575,Random Forest,0.007958466493541927
2012,7,5.053509131999999,5.053049522840577,Random Forest,0.0004596091594226692
2012,7,5.053509131999999,5.056094177628787,Random Forest,-0.0025850456287876966
2012,7,5.053509131999999,5.058154077378891,Random Forest,-0.004644945378891485
2012,7,5.053509131999999,5.054045079078597,Random Forest,-0.0005359470785979426
2012,7,5.053509131999999,5.032877990166056,Random Forest,0.020631141833943545
2012,8,4.21125761,4.389214562766499,Random Forest,-0.17795695276649948
2012,8,4.21125761,4.216053745605008,Random Forest,-0.004796135605007912
2012,8,4.21125761,4.2363208795303615,Random Forest,-0.025063269530361865
2012,8,4.21125761,4.21733700072252,Random Forest,-0.006079390722520728
2012,8,4.21125761,4.216850552652162,Random Forest,-0.005592942652162591
2012,8,4.21125761,4.223152727168199,Random Forest,-0.011895117168199576
2012,8,4.21125761,4.224698637436422,Random Forest,-0.013441027436422281
2012,8,4.21125761,4.2205497439159965,Random Forest,-0.009292133915996814
2012,9,5.053509131999999,4.940016137306372,Random Forest,0.11349299469362784
2012,9,5.053509131999999,5.077722369977511,Random Forest,-0.02421323797751196
2012,9,5.053509131999999,5.117916037431347,Random Forest,-0.06440690543134764
2012,9,5.053509131999999,5.0485567863011545,Random Forest,0.004952345698844951
2012,9,5.053509131999999,5.0499412191392,Random Forest,0.0035679128607997157
2012,9,5.053509131999999,5.053277370048376,Random Forest,0.00023176195162299962
2012,9,5.053509131999999,5.051716143139246,Random Forest,0.0017929888607532973
2012,9,5.053509131999999,5.051070489815346,Random Forest,0.0024386421846536166
2012,10,8.42251522,8.171697876072551,Random Forest,0.2508173439274479
2012,10,8.42251522,8.400746768685512,Random Forest,0.02176845131448779
2012,10,8.42251522,8.407113663667479,Random Forest,0.015401556332520272
2012,10,8.42251522,8.425002524502975,Random Forest,-0.002487304502976073
2012,10,8.42251522,8.422321584702969,Random Forest,0.0001936352970304256
2012,10,8.42251522,8.4322393478067,Random Forest,-0.009724127806700622
2012,10,8.42251522,8.443940441871867,Random Forest,-0.02142522187186735
2012,10,8.42251522,8.447390690921036,Random Forest,-0.024875470921037035
2012,11,10.107018263999999,9.730436371121264,Random Forest,0.37658189287873434
2012,11,10.107018263999999,10.11286785510311,Random Forest,-0.005849591103110896
2012,11,10.107018263999999,10.106929805722343,Random Forest,8.84582776556897e-05
2012,11,10.107018263999999,10.115352380341925,Random Forest,-0.008334116341925935
2012,11,10.107018263999999,10.097015705685703,Random Forest,0.010002558314296195
2012,11,10.107018263999999,10.10044219111272,Random Forest,0.0065760728872792384
2012,11,10.107018263999999,10.133279902618323,Random Forest,-0.026261638618324312
2012,11,10.107018263999999,10.11702677639792,Random Forest,-0.010008512397920555
2012,12,5.053509131999999,5.526593331123716,Random Forest,-0.4730841991237167
2012,12,5.053509131999999,5.053933026986404,Random Forest,-0.0004238949864046049
2012,12,5.053509131999999,5.056111522498103,Random Forest,-0.002602390498103624
2012,12,5.053509131999999,5.074058532748104,Random Forest,-0.02054940074810485
2012,12,5.053509131999999,5.054677346320505,Random Forest,-0.0011682143205051787
2012,12,5.053509131999999,5.053355020284505,Random Forest,0.00015411171549484237
2012,12,5.053509131999999,5.05360791563279,Random Forest,-9.878363279103297e-05
2012,12,5.053509131999999,5.05493972691439,Random Forest,-0.0014305949143906815
2013,1,5.126418222,4.990427037702392,Random Forest,0.13599118429760804
2013,1,5.126418222,5.113431904731315,Random Forest,0.012986317268684822
2013,1,5.126418222,5.122151247654348,Random Forest,0.004266974345651597
2013,1,5.126418222,5.123572368500426,Random Forest,0.0028458534995738916
2013,1,5.126418222,5.114057687135495,Random Forest,0.012360534864504835
2013,1,5.126418222,5.1216934781415695,Random Forest,0.004724743858430358
2013,1,5.126418222,5.1251127483980135,Random Forest,0.0013054736019864066
2013,1,5.126418222,5.115029717042204,Random Forest,0.011388504957795753
2013,2,4.272015185,4.38041462757649,Random Forest,-0.10839944257649048
2013,2,4.272015185,4.272594361117784,Random Forest,-0.0005791761177844634
2013,2,4.272015185,4.272594361117784,Random Forest,-0.0005791761177844634
2013,2,4.272015185,4.272404280691933,Random Forest,-0.0003890956919327948
2013,2,4.272015185,4.27016980400887,Random Forest,0.0018453809911296304
2013,2,4.272015185,4.270348881415193,Random Forest,0.0016663035848072383
2013,2,4.272015185,4.264242399614243,Random Forest,0.007772785385756542
2013,2,4.272015185,4.264990433772554,Random Forest,0.007024751227445947
2013,3,6.835224296,6.749428478247533,Random Forest,0.0857958177524667
2013,3,6.835224296,6.837740035567963,Random Forest,-0.002515739567963138
2013,3,6.835224296,6.835206665249004,Random Forest,1.763075099603384e-05
2013,3,6.835224296,6.8939840939906265,Random Forest,-0.058759797990626694
2013,3,6.835224296,6.867189323721138,Random Forest,-0.03196502772113785
2013,3,6.835224296,6.838058893655813,Random Forest,-0.0028345976558128427
2013,3,6.835224296,7.194068216974402,Random Forest,-0.3588439209744019
2013,3,6.835224296,7.122812484818075,Random Forest,-0.28758818881807535
2013,4,10.252836444,9.853365220034435,Random Forest,0.39947122396556445
2013,4,10.252836444,10.197279247799022,Random Forest,0.05555719620097754
2013,4,10.252836444,10.22286506126488,Random Forest,0.02997138273511979
2013,4,10.252836444,10.210648138597714,Random Forest,0.04218830540228602
2013,4,10.252836444,10.218272781859557,Random Forest,0.034563662140442375
2013,4,10.252836444,10.222262804549738,Random Forest,0.030573639450262036
2013,4,10.252836444,10.25300087341608,Random Forest,-0.00016442941607941464
2013,4,10.252836444,10.266715415090522,Random Forest,-0.01387897109052183
2013,5,11.961642518000001,10.63802598951793,Random Forest,1.3236165284820718
2013,5,11.961642518000001,11.914066013582381,Random Forest,0.04757650441761996
2013,5,11.961642518000001,11.907235786279102,Random Forest,0.05440673172089916
2013,5,11.961642518000001,11.910119414792133,Random Forest,0.05152310320786846
2013,5,11.961642518000001,11.876142956483964,Random Forest,0.08549956151603766
2013,5,11.961642518000001,11.902279756942036,Random Forest,0.05936276105796523
2013,5,11.961642518000001,11.894953636934176,Random Forest,0.06668888106582571
2013,5,11.961642518000001,11.853203469747305,Random Forest,0.10843904825269668
2013,6,8.54403037,8.382001100212149,Random Forest,0.16202926978785115
2013,6,8.54403037,8.472250588029112,Random Forest,0.07177978197088741
2013,6,8.54403037,8.415607196357314,Random Forest,0.12842317364268574
2013,6,8.54403037,8.52859100803696,Random Forest,0.015439361963039744
2013,6,8.54403037,8.528345619508775,Random Forest,0.015684750491224975
2013,6,8.54403037,8.471494434492596,Random Forest,0.07253593550740334
2013,6,8.54403037,8.46656115633977,Random Forest,0.07746921366022974
2013,6,8.54403037,8.345186000784725,Random Forest,0.1988443692152746
2013,7,5.126418222,5.834813721187739,Random Forest,-0.7083954991877395
2013,7,5.126418222,5.164640492889647,Random Forest,-0.038222270889646914
2013,7,5.126418222,5.170679228713628,Random Forest,-0.044261006713628426
2013,7,5.126418222,5.1358729523812,Random Forest,-0.009454730381199816
2013,7,5.126418222,5.146467717155935,Random Forest,-0.020049495155935126
2013,7,5.126418222,5.154156078868669,Random Forest,-0.027737856868669475
2013,7,5.126418222,5.1209640476158444,Random Forest,0.005454174384155408
2013,7,5.126418222,5.113666512653245,Random Forest,0.012751709346755291
2013,8,4.272015185,4.410499871136986,Random Forest,-0.1384846861369864
2013,8,4.272015185,4.264399143828338,Random Forest,0.007616041171662147
2013,8,4.272015185,4.2830350449714505,Random Forest,-0.011019859971450607
2013,8,4.272015185,4.265279116518925,Random Forest,0.006736068481075108
2013,8,4.272015185,4.272742288088227,Random Forest,-0.00072710308822721
2013,8,4.272015185,4.271520026129755,Random Forest,0.0004951588702448717
2013,8,4.272015185,4.270973383784548,Random Forest,0.001041801215452054
2013,8,4.272015185,4.267833785231316,Random Forest,0.004181399768683924
2013,9,5.126418222,4.926376950994082,Random Forest,0.20004127100591784
2013,9,5.126418222,5.137221882681149,Random Forest,-0.010803660681149019
2013,9,5.126418222,5.138285507568945,Random Forest,-0.011867285568945007
2013,9,5.126418222,5.138738371671952,Random Forest,-0.012320149671952052
2013,9,5.126418222,5.131063960054726,Random Forest,-0.00464573805472579
2013,9,5.126418222,5.137262232238595,Random Forest,-0.01084401023859538
2013,9,5.126418222,5.147968286297862,Random Forest,-0.021550064297862548
2013,9,5.126418222,5.134616304737029,Random Forest,-0.008198082737028933
2013,10,8.54403037,8.125427692105605,Random Forest,0.41860267789439476
2013,10,8.54403037,8.468853736388454,Random Forest,0.07517663361154625
2013,10,8.54403037,8.503417392109581,Random Forest,0.04061297789041873
2013,10,8.54403037,8.498377257961728,Random Forest,0.045653112038271715
2013,10,8.54403037,8.495724000168654,Random Forest,0.048306369831346174
2013,10,8.54403037,8.510585490973163,Random Forest,0.03344487902683646
2013,10,8.54403037,8.511012493822461,Random Forest,0.033017876177538596
2013,10,8.54403037,8.506458482343362,Random Forest,0.03757188765663777
2013,11,10.252836444,9.834487720938323,Random Forest,0.41834872306167625
2013,11,10.252836444,10.221052524177132,Random Forest,0.031783919822867546
2013,11,10.252836444,10.217234334341518,Random Forest,0.035602109658482206
2013,11,10.252836444,10.24511029968793,Random Forest,0.007726144312069749
2013,11,10.252836444,10.229715642469117,Random Forest,0.02312080153088303
2013,11,10.252836444,10.238120971029282,Random Forest,0.014715472970717514
2013,11,10.252836444,10.243814638149086,Random Forest,0.009021805850913722
2013,11,10.252836444,10.234657052083717,Random Forest,0.018179391916282484
2013,12,5.126418222,5.7366380696245285,Random Forest,-0.6102198476245286
2013,12,5.126418222,5.137029376972482,Random Forest,-0.010611154972481884
2013,12,5.126418222,5.154664440165478,Random Forest,-0.0282462181654779
2013,12,5.126418222,5.1330482504261745,Random Forest,-0.006630028426174661
2013,12,5.126418222,5.13265707836749,Random Forest,-0.006238856367490442
2013,12,5.126418222,5.13030459220189,Random Forest,-0.003886370201890088
2013,12,5.126418222,5.117769475122404,Random Forest,0.008648746877596203
2013,12,5.126418222,5.118954016614689,Random Forest,0.007464205385311118
2014,1,5.0658494064,5.015086150877821,Random Forest,0.05076325552217931
2014,1,5.0658494064,5.062199195364776,Random Forest,0.0036502110352243378
2014,1,5.0658494064,5.063882450920775,Random Forest,0.0019669554792249855
2014,1,5.0658494064,5.063882450920775,Random Forest,0.0019669554792249855
2014,1,5.0658494064,5.057422757730998,Random Forest,0.008426648669002113
2014,1,5.0658494064,5.066953368187551,Random Forest,-0.0011039617875514551
2014,1,5.0658494064,5.066953368187551,Random Forest,-0.0011039617875514551
2014,1,5.0658494064,5.0536655029751865,Random Forest,0.012183903424813458
2014,2,4.221541172,4.347642629490216,Random Forest,-0.12610145749021573
2014,2,4.221541172,4.223591818922126,Random Forest,-0.002050646922126198
2014,2,4.221541172,4.22253567452546,Random Forest,-0.0009945025254598505
2014,2,4.221541172,4.226344715376349,Random Forest,-0.00480354337634914
2014,2,4.221541172,4.222056959483047,Random Forest,-0.0005157874830468145
2014,2,4.221541172,4.222556406804942,Random Forest,-0.0010152348049414783
2014,2,4.221541172,4.222382160812714,Random Forest,-0.0008409888127136611
2014,2,4.221541172,4.218791976739503,Random Forest,0.002749195260497217
2014,3,6.7544658752,6.731004633626053,Random Forest,0.0234612415739468
2014,3,6.7544658752,6.745760466491124,Random Forest,0.008705408708876483
2014,3,6.7544658752,6.767657421829821,Random Forest,-0.013191546629820472
2014,3,6.7544658752,6.748182549971773,Random Forest,0.006283325228227277
2014,3,6.7544658752,6.852087038879352,Random Forest,-0.09762116367935203
2014,3,6.7544658752,6.750387116750402,Random Forest,0.004078758449598041
2014,3,6.7544658752,6.91247174605263,Random Forest,-0.15800587085263018
2014,3,6.7544658752,6.910916613881421,Random Forest,-0.15645073868142045
2014,4,10.1316988128,9.778167755126974,Random Forest,0.35353105767302573
2014,4,10.1316988128,10.124395447441948,Random Forest,0.00730336535805165
2014,4,10.1316988128,10.12087350043421,Random Forest,0.010825312365790651
2014,4,10.1316988128,10.133385960799705,Random Forest,-0.001687147999705374
2014,4,10.1316988128,10.132103842967474,Random Forest,-0.00040503016747450715
2014,4,10.1316988128,10.12550599995987,Random Forest,0.0061928128401298466
2014,4,10.1316988128,10.123415110937291,Random Forest,0.008283701862708881
2014,4,10.1316988128,10.139123517620842,Random Forest,-0.00742470482084201
2014,5,11.820315281600001,11.57726329810779,Random Forest,0.24305198349221158
2014,5,11.820315281600001,11.867378006853592,Random Forest,-0.0470627252535909
2014,5,11.820315281600001,11.85962634801878,Random Forest,-0.03931106641877946
2014,5,11.820315281600001,11.832518092710286,Random Forest,-0.012202811110284983
2014,5,11.820315281600001,11.79464133654236,Random Forest,0.025673945057640424
2014,5,11.820315281600001,11.804436820610402,Random Forest,0.01587846098959922
2014,5,11.820315281600001,11.782412765424477,Random Forest,0.037902516175524426
2014,5,11.820315281600001,11.797641422084432,Random Forest,0.022673859515569106
2014,6,8.443082344,8.783270097008053,Random Forest,-0.3401877530080526
2014,6,8.443082344,8.415209854576734,Random Forest,0.0278724894232667
2014,6,8.443082344,8.3890733230175,Random Forest,0.05400902098249993
2014,6,8.443082344,8.432199855157565,Random Forest,0.010882488842435478
2014,6,8.443082344,8.434116630019535,Random Forest,0.00896571398046575
2014,6,8.443082344,8.41162169399048,Random Forest,0.03146065000952092
2014,6,8.443082344,8.427555322120162,Random Forest,0.015527021879838898
2014,6,8.443082344,8.409973754233858,Random Forest,0.03310858976614206
2014,7,5.0658494064,6.0764925170989725,Random Forest,-1.0106431106989726
2014,7,5.0658494064,5.080872047244696,Random Forest,-0.015022640844696511
2014,7,5.0658494064,5.071162404442007,Random Forest,-0.005312998042007244
2014,7,5.0658494064,5.069906361246734,Random Forest,-0.004056954846734406
2014,7,5.0658494064,5.070339643889496,Random Forest,-0.004490237489496174
2014,7,5.0658494064,5.070159370278468,Random Forest,-0.004309963878467826
2014,7,5.0658494064,5.0721918636449,Random Forest,-0.006342457244899791
2014,7,5.0658494064,5.069213700954146,Random Forest,-0.0033642945541458857
2014,8,4.221541172,4.414502514808773,Random Forest,-0.19296134280877286
2014,8,4.221541172,4.224680091976927,Random Forest,-0.003138919976926502
2014,8,4.221541172,4.2457868744838425,Random Forest,-0.02424570248384228
2014,8,4.221541172,4.223196352442083,Random Forest,-0.0016551804420830152
2014,8,4.221541172,4.218986616771981,Random Forest,0.002554555228019062
2014,8,4.221541172,4.22485677421511,Random Forest,-0.0033156022151095144
2014,8,4.221541172,4.225353176195351,Random Forest,-0.00381200419535066
2014,8,4.221541172,4.222009641387829,Random Forest,-0.0004684693878287405
2014,9,5.0658494064,4.922222668292462,Random Forest,0.143626738107538
2014,9,5.0658494064,5.065859512404854,Random Forest,-1.010600485429336e-05
2014,9,5.0658494064,5.059182809176372,Random Forest,0.006666597223627946
2014,9,5.0658494064,5.063888134566492,Random Forest,0.001961271833508249
2014,9,5.0658494064,5.066108062533467,Random Forest,-0.0002586561334672055
2014,9,5.0658494064,5.065900679659088,Random Forest,-5.1273259088269185e-05
2014,9,5.0658494064,5.063672926260714,Random Forest,0.0021764801392860633
2014,9,5.0658494064,5.072187768886049,Random Forest,-0.006338362486048688
2014,10,8.443082344,8.207343176751998,Random Forest,0.2357391672480027
2014,10,8.443082344,8.436806898357675,Random Forest,0.006275445642325295
2014,10,8.443082344,8.477457633720089,Random Forest,-0.03437528972008863
2014,10,8.443082344,8.434829378049601,Random Forest,0.008252965950399371
2014,10,8.443082344,8.431642530834521,Random Forest,0.011439813165479151
2014,10,8.443082344,8.443933173974303,Random Forest,-0.0008508299743024139
2014,10,8.443082344,8.447578950172549,Random Forest,-0.004496606172548212
2014,10,8.443082344,8.440489235597116,Random Forest,0.00259310840288407
2014,11,10.1316988128,9.804307305955373,Random Forest,0.32739150684462714
2014,11,10.1316988128,10.127241344048281,Random Forest,0.004457468751718707
2014,11,10.1316988128,10.122862384540241,Random Forest,0.008836428259758833
2014,11,10.1316988128,10.124512707134485,Random Forest,0.007186105665514475
2014,11,10.1316988128,10.123023778974408,Random Forest,0.008675033825591427
2014,11,10.1316988128,10.124512707134485,Random Forest,0.007186105665514475
2014,11,10.1316988128,10.133553693220147,Random Forest,-0.0018548804201472535
2014,11,10.1316988128,10.145252125050108,Random Forest,-0.013553312250108362
2014,12,5.0658494064,6.02535889915516,Random Forest,-0.95950949275516
2014,12,5.0658494064,5.063699582031481,Random Forest,0.002149824368518516
2014,12,5.0658494064,5.064643566927768,Random Forest,0.001205839472231851
2014,12,5.0658494064,5.064791504840567,Random Forest,0.00105790155943275
2014,12,5.0658494064,5.061799554367748,Random Forest,0.004049852032252055
2014,12,5.0658494064,5.067574018725881,Random Forest,-0.0017246123258809476
2014,12,5.0658494064,5.067330935618944,Random Forest,-0.0014815292189442886
2014,12,5.0658494064,5.064525503370167,Random Forest,0.0013239030298333176
2015,1,4.907798133,4.87273480990066,Random Forest,0.03506332309934024
2015,1,4.907798133,4.908991955991251,Random Forest,-0.0011938229912509257
2015,1,4.907798133,4.908991955991251,Random Forest,-0.0011938229912509257
2015,1,4.907798133,4.9061129929919165,Random Forest,0.0016851400080835077
2015,1,4.907798133,4.907366218227472,Random Forest,0.0004319147725277972
2015,1,4.907798133,4.906182798536806,Random Forest,0.0016153344631941735
2015,1,4.907798133,4.9061129929919165,Random Forest,0.0016851400080835077
2015,1,4.907798133,4.906243878388584,Random Forest,0.001554254611416006
2015,2,4.089831777500001,4.346949806028992,Random Forest,-0.2571180285289918
2015,2,4.089831777500001,4.094642962404179,Random Forest,-0.004811184904178312
2015,2,4.089831777500001,4.094642962404179,Random Forest,-0.004811184904178312
2015,2,4.089831777500001,4.102130242512674,Random Forest,-0.012298465012673176
2015,2,4.089831777500001,4.089409752076224,Random Forest,0.0004220254237763399
2015,2,4.089831777500001,4.093891148445074,Random Forest,-0.0040593709450735815
2015,2,4.089831777500001,4.091314712019558,Random Forest,-0.0014829345195570554
2015,2,4.089831777500001,4.093891148445074,Random Forest,-0.0040593709450735815
2015,3,6.543730844000001,6.558377966824666,Random Forest,-0.014647122824665182
2015,3,6.543730844000001,6.557288546941257,Random Forest,-0.0135577029412568
2015,3,6.543730844000001,6.5583402814815255,Random Forest,-0.014609437481524878
2015,3,6.543730844000001,6.54798783250472,Random Forest,-0.004256988504719672
2015,3,6.543730844000001,6.568819673039843,Random Forest,-0.02508882903984233
2015,3,6.543730844000001,6.559417757244156,Random Forest,-0.015686913244155498
2015,3,6.543730844000001,6.6158607904049385,Random Forest,-0.07212994640493786
2015,3,6.543730844000001,6.623206245129426,Random Forest,-0.0794754011294252
2015,4,9.815596266,9.739923777605627,Random Forest,0.0756724883943729
2015,4,9.815596266,9.827094023219368,Random Forest,-0.01149775721936841
2015,4,9.815596266,9.825753288463805,Random Forest,-0.010157022463804566
2015,4,9.815596266,9.831041699404539,Random Forest,-0.015445433404538633
2015,4,9.815596266,9.830221990791776,Random Forest,-0.014625724791775596
2015,4,9.815596266,9.831013894360309,Random Forest,-0.01541762836030891
2015,4,9.815596266,9.84108052656042,Random Forest,-0.02548426056041997
2015,4,9.815596266,9.87118117076193,Random Forest,-0.05558490476193079
2015,5,11.451528977000002,11.328964246314301,Random Forest,0.12256473068570095
2015,5,11.451528977000002,11.436025895853753,Random Forest,0.015503081146249542
2015,5,11.451528977000002,11.428483451774945,Random Forest,0.023045525225057872
2015,5,11.451528977000002,11.449435709804732,Random Forest,0.0020932671952706983
2015,5,11.451528977000002,11.44405028288254,Random Forest,0.007478694117462936
2015,5,11.451528977000002,11.455641735454444,Random Forest,-0.00411275845444159
2015,5,11.451528977000002,11.449557100432244,Random Forest,0.001971876567758102
2015,5,11.451528977000002,11.446344969419314,Random Forest,0.005184007580687933
2015,6,8.179663555000001,8.313106334501615,Random Forest,-0.13344277950161398
2015,6,8.179663555000001,8.182464276472599,Random Forest,-0.0028007214725978002
2015,6,8.179663555000001,8.22004431408138,Random Forest,-0.04038075908137806
2015,6,8.179663555000001,8.187633968327805,Random Forest,-0.007970413327804238
2015,6,8.179663555000001,8.21180132531099,Random Forest,-0.032137770310988856
2015,6,8.179663555000001,8.185781221269137,Random Forest,-0.006117666269135569
2015,6,8.179663555000001,8.154438161240765,Random Forest,0.025225393759235715
2015,6,8.179663555000001,8.171122525773432,Random Forest,0.008541029226568853
2015,7,4.907798133,5.260594735759028,Random Forest,-0.35279660275902813
2015,7,4.907798133,4.904983995902139,Random Forest,0.002814137097860936
2015,7,4.907798133,4.90428322878956,Random Forest,0.003514904210439873
2015,7,4.907798133,4.904378042861695,Random Forest,0.003420090138305021
2015,7,4.907798133,4.9049712596205834,Random Forest,0.0028268733794165612
2015,7,4.907798133,4.932483446072785,Random Forest,-0.02468531307278532
2015,7,4.907798133,4.915634157696701,Random Forest,-0.00783602469670086
2015,7,4.907798133,4.918695663243233,Random Forest,-0.010897530243233255
2015,8,4.089831777500001,4.3027196465122275,Random Forest,-0.2128878690122269
2015,8,4.089831777500001,4.097263248868326,Random Forest,-0.0074314713683252265
2015,8,4.089831777500001,4.0961189943170915,Random Forest,-0.006287216817090879
2015,8,4.089831777500001,4.097313992765887,Random Forest,-0.007482215265886438
2015,8,4.089831777500001,4.094384842326706,Random Forest,-0.004553064826705366
2015,8,4.089831777500001,4.090562370022272,Random Forest,-0.0007305925222711451
2015,8,4.089831777500001,4.09375392621516,Random Forest,-0.003922148715159501
2015,8,4.089831777500001,4.090562370022272,Random Forest,-0.0007305925222711451
2015,9,4.907798133,4.791578976367364,Random Forest,0.11621915663263582
2015,9,4.907798133,4.912740443634525,Random Forest,-0.004942310634524993
2015,9,4.907798133,4.895702107836896,Random Forest,0.012096025163104152
2015,9,4.907798133,4.904552564758895,Random Forest,0.0032455682411054454
2015,9,4.907798133,4.907366218227472,Random Forest,0.0004319147725277972
2015,9,4.907798133,4.915756372239612,Random Forest,-0.007958239239611586
2015,9,4.907798133,4.919032280314345,Random Forest,-0.011234147314344689
2015,9,4.907798133,4.919102085859233,Random Forest,-0.011303952859233135
2015,10,8.179663555000001,7.980274876350149,Random Forest,0.19938867864985177
2015,10,8.179663555000001,8.183930905618224,Random Forest,-0.00426735061822292
2015,10,8.179663555000001,8.217102433030155,Random Forest,-0.03743887803015333
2015,10,8.179663555000001,8.187694046179535,Random Forest,-0.008030491179534138
2015,10,8.179663555000001,8.155272359641698,Random Forest,0.024391195358303364
2015,10,8.179663555000001,8.165607726379353,Random Forest,0.01405582862064847
2015,10,8.179663555000001,8.142219884249414,Random Forest,0.03744367075058719
2015,10,8.179663555000001,8.175325588443108,Random Forest,0.0043379665568927805
2015,11,9.815596266,9.655655016451473,Random Forest,0.1599412495485275
2015,11,9.815596266,9.83438048710139,Random Forest,-0.018784221101389775
2015,11,9.815596266,9.82868786720153,Random Forest,-0.013091601201530523
2015,11,9.815596266,9.807872952437831,Random Forest,0.007723313562168599
2015,11,9.815596266,9.814318456919722,Random Forest,0.0012778090802783026
2015,11,9.815596266,9.821490522007863,Random Forest,-0.005894256007863419
2015,11,9.815596266,9.820576247546542,Random Forest,-0.004979981546542334
2015,11,9.815596266,9.838702002039664,Random Forest,-0.023105736039664038
2015,12,4.907798133,5.310067416799184,Random Forest,-0.4022692837991837
2015,12,4.907798133,4.923442755206827,Random Forest,-0.015644622206827385
2015,12,4.907798133,4.9132073429184,Random Forest,-0.005409209918400215
2015,12,4.907798133,4.961248375580458,Random Forest,-0.05345024258045772
2015,12,4.907798133,4.9108627033416035,Random Forest,-0.0030645703416034564
2015,12,4.907798133,4.9125255269208665,Random Forest,-0.004727393920866518
2015,12,4.907798133,4.913042962025602,Random Forest,-0.0052448290256021934
2015,12,4.907798133,4.910432392846004,Random Forest,-0.00263425984600385
2016,1,4.635673264799999,4.643534414490061,Random Forest,-0.007861149690061353
2016,1,4.635673264799999,4.637108198298168,Random Forest,-0.001434933498168256
2016,1,4.635673264799999,4.6361847669339005,Random Forest,-0.0005115021339010539
2016,1,4.635673264799999,4.636937824355978,Random Forest,-0.0012645595559783729
2016,1,4.635673264799999,4.635377952601035,Random Forest,0.0002953121989648366
2016,1,4.635673264799999,4.64071889166423,Random Forest,-0.005045626864230712
2016,1,4.635673264799999,4.634032623703719,Random Forest,0.0016406410962801488
2016,1,4.635673264799999,4.62241200344861,Random Forest,0.013261261351389386
2016,2,3.863061054,4.087725616324496,Random Forest,-0.22466456232449605
2016,2,3.863061054,3.8636255993391533,Random Forest,-0.0005645453391531774
2016,2,3.863061054,3.8636255993391533,Random Forest,-0.0005645453391531774
2016,2,3.863061054,3.866166638485153,Random Forest,-0.003105584485152857
2016,2,3.863061054,3.866166638485153,Random Forest,-0.003105584485152857
2016,2,3.863061054,3.8636255993391533,Random Forest,-0.0005645453391531774
2016,2,3.863061054,3.8636255993391533,Random Forest,-0.0005645453391531774
2016,2,3.863061054,3.8636255993391533,Random Forest,-0.0005645453391531774
2016,3,6.1808976864,6.183788784335602,Random Forest,-0.0028910979356018274
2016,3,6.1808976864,6.177935290294331,Random Forest,0.0029623961056683967
2016,3,6.1808976864,6.16679960069032,Random Forest,0.014098085709679964
2016,3,6.1808976864,6.189895926765089,Random Forest,-0.008998240365088783
2016,3,6.1808976864,6.199211303613279,Random Forest,-0.01831361721327962
2016,3,6.1808976864,6.164215211811134,Random Forest,0.016682474588865404
2016,3,6.1808976864,6.254155651855381,Random Forest,-0.07325796545538132
2016,3,6.1808976864,6.253411702043166,Random Forest,-0.07251401564316584
2016,4,9.271346529599999,9.089252389054513,Random Forest,0.18209414054548567
2016,4,9.271346529599999,9.270769749998468,Random Forest,0.0005767796015305748
2016,4,9.271346529599999,9.281627848573574,Random Forest,-0.010281318973575537
2016,4,9.271346529599999,9.269516791564815,Random Forest,0.0018297380351839365
2016,4,9.271346529599999,9.26130594049527,Random Forest,0.010040589104729492
2016,4,9.271346529599999,9.263431832786274,Random Forest,0.007914696813724476
2016,4,9.271346529599999,9.342128903550433,Random Forest,-0.07078237395043452
2016,4,9.271346529599999,9.371655442934184,Random Forest,-0.10030891333418523
2016,5,10.816570951200001,10.408403478438695,Random Forest,0.40816747276130627
2016,5,10.816570951200001,10.7976439042762,Random Forest,0.018927046923801427
2016,5,10.816570951200001,10.803210294907132,Random Forest,0.013360656292869422
2016,5,10.816570951200001,10.805178998782605,Random Forest,0.011391952417396212
2016,5,10.816570951200001,10.798716452577265,Random Forest,0.017854498622735804
2016,5,10.816570951200001,10.789075084683837,Random Forest,0.02749586651616376
2016,5,10.816570951200001,10.813533683182728,Random Forest,0.0030372680172732203
2016,5,10.816570951200001,10.789689171498887,Random Forest,0.026881779701113828
2016,6,7.726122108,7.745596325345179,Random Forest,-0.019474217345178957
2016,6,7.726122108,7.746063539014958,Random Forest,-0.019941431014958155
2016,6,7.726122108,7.752318850578668,Random Forest,-0.026196742578667553
2016,6,7.726122108,7.769650490158987,Random Forest,-0.04352838215898647
2016,6,7.726122108,7.795164198921293,Random Forest,-0.06904209092129321
2016,6,7.726122108,7.771286942235135,Random Forest,-0.045164834235134954
2016,6,7.726122108,7.728677860290813,Random Forest,-0.0025557522908128405
2016,6,7.726122108,7.724662700250878,Random Forest,0.0014594077491221213
2016,7,4.635673264799999,5.304677564984906,Random Forest,-0.6690043001849064
2016,7,4.635673264799999,4.614889801538393,Random Forest,0.020783463261606627
2016,7,4.635673264799999,4.632131626682877,Random Forest,0.003541638117122048
2016,7,4.635673264799999,4.645454479303683,Random Forest,-0.009781214503683522
2016,7,4.635673264799999,4.616628027586106,Random Forest,0.019045237213893174
2016,7,4.635673264799999,4.6321173979629,Random Forest,0.0035558668370994084
2016,7,4.635673264799999,4.622945988534746,Random Forest,0.012727276265253273
2016,7,4.635673264799999,4.6277115137237494,Random Forest,0.007961751076249968
2016,8,3.863061054,4.0699612271235415,Random Forest,-0.20690017312354136
2016,8,3.863061054,3.8727428714596854,Random Forest,-0.009681817459685327
2016,8,3.863061054,3.8776873884376415,Random Forest,-0.014626334437641386
2016,8,3.863061054,3.8738290154996857,Random Forest,-0.010767961499685619
2016,8,3.863061054,3.8749532989091526,Random Forest,-0.011892244909152527
2016,8,3.863061054,3.870915500072819,Random Forest,-0.00785444607281871
2016,8,3.863061054,3.876274592000629,Random Forest,-0.013213538000628855
2016,8,3.863061054,3.875029619516828,Random Forest,-0.011968565516828011
2016,9,4.635673264799999,4.324147903573018,Random Forest,0.31152536122698127
2016,9,4.635673264799999,4.636076785994494,Random Forest,-0.0004035211944941608
2016,9,4.635673264799999,4.627789418329246,Random Forest,0.007883846470753575
2016,9,4.635673264799999,4.635910313184438,Random Forest,-0.0002370483844389426
2016,9,4.635673264799999,4.627043842863855,Random Forest,0.008629421936144688
2016,9,4.635673264799999,4.632212498715837,Random Forest,0.003460766084162792
2016,9,4.635673264799999,4.643819253764416,Random Forest,-0.008145988964416873
2016,9,4.635673264799999,4.634697960448149,Random Forest,0.0009753043518507809
2016,10,7.726122108,7.430539003428478,Random Forest,0.2955831045715218
2016,10,7.726122108,7.712707269645764,Random Forest,0.013414838354235847
2016,10,7.726122108,7.703919627172422,Random Forest,0.02220248082757781
2016,10,7.726122108,7.679431789857296,Random Forest,0.04669031814270408
2016,10,7.726122108,7.691877852701735,Random Forest,0.03424425529826536
2016,10,7.726122108,7.693726451426728,Random Forest,0.03239565657327237
2016,10,7.726122108,7.7927532752096385,Random Forest,-0.06663116720963824
2016,10,7.726122108,7.768631744063924,Random Forest,-0.042509636063924106
2016,11,9.271346529599999,9.034016880024943,Random Forest,0.23732964957505587
2016,11,9.271346529599999,9.253472200409208,Random Forest,0.017874329190791016
2016,11,9.271346529599999,9.256600939181208,Random Forest,0.014745590418790755
2016,11,9.271346529599999,9.219676537960252,Random Forest,0.051669991639746726
2016,11,9.271346529599999,9.2299392846552,Random Forest,0.041407244944798194
2016,11,9.271346529599999,9.251931231523356,Random Forest,0.019415298076642884
2016,11,9.271346529599999,9.283162653980822,Random Forest,-0.011816124380823467
2016,11,9.271346529599999,9.299649268894994,Random Forest,-0.02830273929499505
2016,12,4.635673264799999,4.868201372949399,Random Forest,-0.23252810814939995
2016,12,4.635673264799999,4.63591389832539,Random Forest,-0.00024063352539016591
2016,12,4.635673264799999,4.629228059745505,Random Forest,0.006445205054494529
2016,12,4.635673264799999,4.633934421321418,Random Forest,0.0017388434785816642
2016,12,4.635673264799999,4.634277690855475,Random Forest,0.0013955739445243864
2016,12,4.635673264799999,4.6400810910627515,Random Forest,-0.004407826262752046
2016,12,4.635673264799999,4.632874753116618,Random Forest,0.0027985116833812995
2016,12,4.635673264799999,4.639138852468795,Random Forest,-0.0034655876687956777
2017,1,4.610952144,4.49938841377778,Random Forest,0.11156373022221988
2017,1,4.610952144,4.610505949868314,Random Forest,0.0004461941316860063
2017,1,4.610952144,4.611013120643171,Random Forest,-6.097664317117335e-05
2017,1,4.610952144,4.605027475050651,Random Forest,0.0059246689493486215
2017,1,4.610952144,4.598660858251676,Random Forest,0.012291285748323943
2017,1,4.610952144,4.600950607210139,Random Forest,0.010001536789860488
2017,1,4.610952144,4.5915502002889115,Random Forest,0.019401943711088165
2017,1,4.610952144,4.589298550856646,Random Forest,0.02165359314335369
2017,2,3.84246012,4.103378437865951,Random Forest,-0.26091831786595066
2017,2,3.84246012,3.842460120000005,Random Forest,-4.884981308350689e-15
2017,2,3.84246012,3.8437728891106704,Random Forest,-0.0013127691106702422
2017,2,3.84246012,3.8539608659284803,Random Forest,-0.01150074592848016
2017,2,3.84246012,3.845138498706005,Random Forest,-0.002678378706004736
2017,2,3.84246012,3.845138498706005,Random Forest,-0.002678378706004736
2017,2,3.84246012,3.845138498706005,Random Forest,-0.002678378706004736
2017,2,3.84246012,3.842460120000005,Random Forest,-4.884981308350689e-15
2017,3,6.1479361919999995,6.143795679961281,Random Forest,0.004140512038718569
2017,3,6.1479361919999995,6.14443741374172,Random Forest,0.0034987782582796
2017,3,6.1479361919999995,6.146413380548949,Random Forest,0.0015228114510508206
2017,3,6.1479361919999995,6.140558643731895,Random Forest,0.007377548268104661
2017,3,6.1479361919999995,6.187766131642798,Random Forest,-0.03982993964279835
2017,3,6.1479361919999995,6.150777925454858,Random Forest,-0.002841733454858719
2017,3,6.1479361919999995,6.163933786188459,Random Forest,-0.015997594188459807
2017,3,6.1479361919999995,6.173428788644341,Random Forest,-0.02549259664434178
2017,4,9.221904288,8.714111365496633,Random Forest,0.5077929225033664
2017,4,9.221904288,9.196452152498916,Random Forest,0.025452135501083717
2017,4,9.221904288,9.18997938605093,Random Forest,0.03192490194907016
2017,4,9.221904288,9.197394408653679,Random Forest,0.024509879346320318
2017,4,9.221904288,9.182572645191456,Random Forest,0.039331642808543066
2017,4,9.221904288,9.186779667243723,Random Forest,0.035124620756276315
2017,4,9.221904288,9.23488857740235,Random Forest,-0.012984289402350413
2017,4,9.221904288,9.264071345084725,Random Forest,-0.04216705708472546
2017,5,10.758888336,10.319882950691136,Random Forest,0.4390053853088638
2017,5,10.758888336,10.783650814791242,Random Forest,-0.02476247879124216
2017,5,10.758888336,10.777470855283743,Random Forest,-0.018582519283743437
2017,5,10.758888336,10.802494152794694,Random Forest,-0.04360581679469355
2017,5,10.758888336,10.784169029394922,Random Forest,-0.025280693394922338
2017,5,10.758888336,10.783487604625765,Random Forest,-0.024599268625765447
2017,5,10.758888336,10.762151145545731,Random Forest,-0.0032628095457312156
2017,5,10.758888336,10.758030346351113,Random Forest,0.0008579896488871697
2017,6,7.68492024,7.921409382275207,Random Forest,-0.23648914227520645
2017,6,7.68492024,7.680071765797643,Random Forest,0.004848474202357345
2017,6,7.68492024,7.64305982869664,Random Forest,0.041860411303360046
2017,6,7.68492024,7.701881670749943,Random Forest,-0.016961430749942608
2017,6,7.68492024,7.700196466867857,Random Forest,-0.015276226867857012
2017,6,7.68492024,7.690522589466641,Random Forest,-0.005602349466641066
2017,6,7.68492024,7.680894700055831,Random Forest,0.004025539944168877
2017,6,7.68492024,7.672611878677346,Random Forest,0.012308361322654449
2017,7,4.610952144,5.180181144024923,Random Forest,-0.5692290000249232
2017,7,4.610952144,4.604123261402546,Random Forest,0.006828882597453401
2017,7,4.610952144,4.620148236631518,Random Forest,-0.00919609263151866
2017,7,4.610952144,4.606706397934278,Random Forest,0.0042457460657212565
2017,7,4.610952144,4.603618498665779,Random Forest,0.007333645334220762
2017,7,4.610952144,4.608607341857379,Random Forest,0.002344802142620672
2017,7,4.610952144,4.5919599599082925,Random Forest,0.01899218409170711
2017,7,4.610952144,4.600307432564753,Random Forest,0.010644711435246812
2017,8,3.84246012,4.079701017652167,Random Forest,-0.23724089765216672
2017,8,3.84246012,3.844167880053338,Random Forest,-0.0017077600533377257
2017,8,3.84246012,3.8656312738132685,Random Forest,-0.023171153813268397
2017,8,3.84246012,3.846846258759338,Random Forest,-0.004386138759338021
2017,8,3.84246012,3.845138498706005,Random Forest,-0.002678378706004736
2017,8,3.84246012,3.842460120000005,Random Forest,-4.884981308350689e-15
2017,8,3.84246012,3.8549614960192593,Random Forest,-0.012501376019259158
2017,8,3.84246012,3.883203567907815,Random Forest,-0.04074344790781481
2017,9,4.610952144,4.37509246571675,Random Forest,0.2358596782832496
2017,9,4.610952144,4.620319606283574,Random Forest,-0.009367462283574213
2017,9,4.610952144,4.61065072727983,Random Forest,0.00030141672016981147
2017,9,4.610952144,4.615403999933163,Random Forest,-0.004451855933162996
2017,9,4.610952144,4.614740623535979,Random Forest,-0.00378847953597905
2017,9,4.610952144,4.610852338551543,Random Forest,9.98054484568911e-05
2017,9,4.610952144,4.6208476014616116,Random Forest,-0.009895457461611912
2017,9,4.610952144,4.605277038499967,Random Forest,0.0056751055000328066
2017,10,7.68492024,7.285137442623458,Random Forest,0.39978279737654265
2017,10,7.68492024,7.699941992924829,Random Forest,-0.015021752924829102
2017,10,7.68492024,7.688774289907859,Random Forest,-0.0038540499078587587
2017,10,7.68492024,7.66766142705935,Random Forest,0.017258812940649904
2017,10,7.68492024,7.673566057673808,Random Forest,0.01135418232619223
2017,10,7.68492024,7.687375840542172,Random Forest,-0.002455600542171865
2017,10,7.68492024,7.7573667354784375,Random Forest,-0.07244649547843718
2017,10,7.68492024,7.746428776979939,Random Forest,-0.06150853697993863
2017,11,9.221904288,9.030051884229794,Random Forest,0.19185240377020563
2017,11,9.221904288,9.207940879633197,Random Forest,0.0139634083668021
2017,11,9.221904288,9.184284586212298,Random Forest,0.03761970178770113
2017,11,9.221904288,9.18095554925352,Random Forest,0.04094873874647931
2017,11,9.221904288,9.170310402453149,Random Forest,0.051593885546850515
2017,11,9.221904288,9.18184283458139,Random Forest,0.040061453418609005
2017,11,9.221904288,9.186400404209087,Random Forest,0.03550388379091274
2017,11,9.221904288,9.17582649096501,Random Forest,0.04607779703498949
2017,12,4.610952144,4.716708249440204,Random Forest,-0.10575610544020453
2017,12,4.610952144,4.592130818828066,Random Forest,0.0188213251719338
2017,12,4.610952144,4.60850768824359,Random Forest,0.0024444557564100577
2017,12,4.610952144,4.611497151353451,Random Forest,-0.000545007353450977
2017,12,4.610952144,4.610412338409593,Random Forest,0.0005398055904066723
2017,12,4.610952144,4.607492565319725,Random Forest,0.0034595786802746886
2017,12,4.610952144,4.604057552322352,Random Forest,0.006894591677647277
2017,12,4.610952144,4.612829048854735,Random Forest,-0.0018769048547353506
2018,1,4.448978508,4.411245748216013,Random Forest,0.037732759783986936
2018,1,4.448978508,4.4376716600845985,Random Forest,0.011306847915401264
2018,1,4.448978508,4.445946657253043,Random Forest,0.0030318507469564437
2018,1,4.448978508,4.434702810225424,Random Forest,0.014275697774575491
2018,1,4.448978508,4.4254128343894426,Random Forest,0.02356567361055717
2018,1,4.448978508,4.448490364151479,Random Forest,0.00048814384852047255
2018,1,4.448978508,4.434965146321836,Random Forest,0.014013361678164138
2018,1,4.448978508,4.428868304372728,Random Forest,0.02011020362727134
2018,2,3.70748209,4.026488453572994,Random Forest,-0.31900636357299383
2018,2,3.70748209,3.7087179173633285,Random Forest,-0.00123582736332839
2018,2,3.70748209,3.7079320167666614,Random Forest,-0.0004499267666613349
2018,2,3.70748209,3.7133197040506616,Random Forest,-0.0058376140506615215
2018,2,3.70748209,3.7074820899999947,Random Forest,5.329070518200751e-15
2018,2,3.70748209,3.7074820899999947,Random Forest,5.329070518200751e-15
2018,2,3.70748209,3.7074820899999947,Random Forest,5.329070518200751e-15
2018,2,3.70748209,3.7074820899999947,Random Forest,5.329070518200751e-15
2018,3,5.931971344,6.013310517755448,Random Forest,-0.08133917375544808
2018,3,5.931971344,5.9298368499247,Random Forest,0.002134494075299642
2018,3,5.931971344,5.961621029682812,Random Forest,-0.0296496856828119
2018,3,5.931971344,5.967233206447033,Random Forest,-0.03526186244703311
2018,3,5.931971344,5.975636780010297,Random Forest,-0.04366543601029704
2018,3,5.931971344,5.916648462611017,Random Forest,0.015322881388982523
2018,3,5.931971344,5.9270781711224165,Random Forest,0.004893172877583396
2018,3,5.931971344,6.037482147690768,Random Forest,-0.10551080369076793
2018,4,8.897957016,8.50453053564353,Random Forest,0.3934264803564691
2018,4,8.897957016,8.855978583616997,Random Forest,0.041978432383002584
2018,4,8.897957016,8.896534614790783,Random Forest,0.0014224012092167726
2018,4,8.897957016,8.874432447648354,Random Forest,0.02352456835164496
2018,4,8.897957016,8.86596233590323,Random Forest,0.0319946800967692
2018,4,8.897957016,8.856997230007575,Random Forest,0.040959785992424
2018,4,8.897957016,8.90455758940192,Random Forest,-0.006600573401920329
2018,4,8.897957016,8.887341312655606,Random Forest,0.010615703344393879
2018,5,10.380949852,8.666890170111522,Random Forest,1.7140596818884788
2018,5,10.380949852,10.363274507999035,Random Forest,0.017675344000965154
2018,5,10.380949852,10.4067548718325,Random Forest,-0.025805019832500165
2018,5,10.380949852,10.367866677334318,Random Forest,0.013083174665682762
2018,5,10.380949852,10.373427038965806,Random Forest,0.007522813034194442
2018,5,10.380949852,10.370066435571225,Random Forest,0.01088341642877566
2018,5,10.380949852,10.38744810389941,Random Forest,-0.006498251899410334
2018,5,10.380949852,10.386418525171678,Random Forest,-0.0054686731716770964
2018,6,7.41496418,7.611588288398787,Random Forest,-0.19662410839878675
2018,6,7.41496418,7.5942424043166605,Random Forest,-0.1792782243166604
2018,6,7.41496418,7.4059414913909585,Random Forest,0.009022688609041651
2018,6,7.41496418,7.643726082050635,Random Forest,-0.22876190205063462
2018,6,7.41496418,7.434022270007014,Random Forest,-0.01905809000701364
2018,6,7.41496418,7.452705025274443,Random Forest,-0.03774084527444277
2018,6,7.41496418,7.3646848066814785,Random Forest,0.050279373318521614
2018,6,7.41496418,7.313620340283345,Random Forest,0.10134383971665528
2018,7,4.448978508,5.114052939838692,Random Forest,-0.6650744318386925
2018,7,4.448978508,4.440170431325814,Random Forest,0.008808076674185372
2018,7,4.448978508,4.467655383056492,Random Forest,-0.018676875056492293
2018,7,4.448978508,4.440217132811356,Random Forest,0.008761375188643505
2018,7,4.448978508,4.447649838675599,Random Forest,0.0013286693244003445
2018,7,4.448978508,4.444687237093561,Random Forest,0.004291270906438882
2018,7,4.448978508,4.447772042300926,Random Forest,0.0012064656990737888
2018,7,4.448978508,4.452593191103999,Random Forest,-0.003614683103998928
2018,8,3.70748209,3.975728019801269,Random Forest,-0.26824592980126916
2018,8,3.70748209,3.738845544710982,Random Forest,-0.03136345471098201
2018,8,3.70748209,3.733566414848147,Random Forest,-0.026084324848147045
2018,8,3.70748209,3.7333926169543155,Random Forest,-0.025910526954315394
2018,8,3.70748209,3.7569752294958842,Random Forest,-0.049493139495884186
2018,8,3.70748209,3.7165017257181057,Random Forest,-0.0090196357181056
2018,8,3.70748209,3.722567573377694,Random Forest,-0.015085483377693887
2018,8,3.70748209,3.7454841724052486,Random Forest,-0.038002082405248494
2018,9,4.448978508,4.313793463827879,Random Forest,0.13518504417212096
2018,9,4.448978508,4.457538682347249,Random Forest,-0.00856017434724965
2018,9,4.448978508,4.466517719166505,Random Forest,-0.01753921116650492
2018,9,4.448978508,4.44392820696478,Random Forest,0.00505030103521964
2018,9,4.448978508,4.439848423127996,Random Forest,0.009130084872003508
2018,9,4.448978508,4.462448234075631,Random Forest,-0.01346972607563135
2018,9,4.448978508,4.451162601123753,Random Forest,-0.002184093123752895
2018,9,4.448978508,4.452848708365388,Random Forest,-0.003870200365388321
2018,10,7.41496418,7.098914037251155,Random Forest,0.31605014274884535
2018,10,7.41496418,7.404388562161817,Random Forest,0.010575617838183504
2018,10,7.41496418,7.411208054802055,Random Forest,0.003756125197945437
2018,10,7.41496418,7.395453768520248,Random Forest,0.019510411479751966
2018,10,7.41496418,7.396135366725277,Random Forest,0.01882881327472319
2018,10,7.41496418,7.415225456099026,Random Forest,-0.000261276099025487
2018,10,7.41496418,7.416134437942774,Random Forest,-0.0011702579427739224
2018,10,7.41496418,7.456885530601841,Random Forest,-0.04192135060184121
2018,11,8.897957016,8.558438639350543,Random Forest,0.3395183766494565
2018,11,8.897957016,8.858958366999357,Random Forest,0.03899864900064287
2018,11,8.897957016,8.880168708633187,Random Forest,0.01778830736681236
2018,11,8.897957016,8.861524070198826,Random Forest,0.036432945801173844
2018,11,8.897957016,8.84630606467876,Random Forest,0.05165095132123909
2018,11,8.897957016,8.837774681974553,Random Forest,0.06018233402544659
2018,11,8.897957016,8.864827564069127,Random Forest,0.03312945193087202
2018,11,8.897957016,8.85780057011524,Random Forest,0.04015644588475986
2018,12,4.448978508,5.696663663429162,Random Forest,-1.2476851554291626
2018,12,4.448978508,4.453635844911135,Random Forest,-0.004657336911135346
2018,12,4.448978508,4.449276532031477,Random Forest,-0.00029802403147716205
2018,12,4.448978508,4.430078709912816,Random Forest,0.018899798087184116
2018,12,4.448978508,4.4331765453773695,Random Forest,0.015801962622630228
2018,12,4.448978508,4.443446798686584,Random Forest,0.0055317093134155115
2018,12,4.448978508,4.446690895344503,Random Forest,0.002287612655496929
2018,12,4.448978508,4.428374680247149,Random Forest,0.020603827752850634
2019,1,4.300280139,4.171725014017151,Random Forest,0.1285551249828485
2019,1,4.300280139,4.291200834322456,Random Forest,0.009079304677543476
2019,1,4.300280139,4.290209511862457,Random Forest,0.010070627137542587
2019,1,4.300280139,4.288516231938272,Random Forest,0.01176390706172814
2019,1,4.300280139,4.283458404710068,Random Forest,0.016821734289932166
2019,1,4.300280139,4.290209511862457,Random Forest,0.010070627137542587
2019,1,4.300280139,4.2874222932538455,Random Forest,0.01285784574615434
2019,1,4.300280139,4.2870791832653605,Random Forest,0.013200955734639308
2019,2,3.5835667825,3.9224085825493624,Random Forest,-0.33884180004936226
2019,2,3.5835667825,3.583566782499992,Random Forest,7.993605777301127e-15
2019,2,3.5835667825,3.583566782499992,Random Forest,7.993605777301127e-15
2019,2,3.5835667825,3.583566782499992,Random Forest,7.993605777301127e-15
2019,2,3.5835667825,3.58515947884777,Random Forest,-0.0015926963477697065
2019,2,3.5835667825,3.583566782499992,Random Forest,7.993605777301127e-15
2019,2,3.5835667825,3.583566782499992,Random Forest,7.993605777301127e-15
2019,2,3.5835667825,3.583566782499992,Random Forest,7.993605777301127e-15
2019,3,5.733706852,5.915732824172736,Random Forest,-0.18202597217273553
2019,3,5.733706852,5.740577478528601,Random Forest,-0.0068706265286007095
2019,3,5.733706852,5.757115112172531,Random Forest,-0.023408260172530504
2019,3,5.733706852,5.775669405296118,Random Forest,-0.04196255329611809
2019,3,5.733706852,5.776931468369105,Random Forest,-0.043224616369104574
2019,3,5.733706852,5.744371231191025,Random Forest,-0.010664379191024587
2019,3,5.733706852,5.7529002035731525,Random Forest,-0.019193351573152384
2019,3,5.733706852,5.746307253836919,Random Forest,-0.01260040183691924
2019,4,8.600560278,8.480032537079971,Random Forest,0.12052774092002849
2019,4,8.600560278,8.549887612317967,Random Forest,0.05067266568203266
2019,4,8.600560278,8.598027169052882,Random Forest,0.002533108947117668
2019,4,8.600560278,8.5670927900534,Random Forest,0.03346748794660037
2019,4,8.600560278,8.551390467976029,Random Forest,0.049169810023970584
2019,4,8.600560278,8.552767013363184,Random Forest,0.04779326463681599
2019,4,8.600560278,8.56199268133124,Random Forest,0.03856759666875931
2019,4,8.600560278,8.566081992123753,Random Forest,0.03447828587624713
2019,5,10.033986991,9.531531623041415,Random Forest,0.5024553679585857
2019,5,10.033986991,10.03402518331921,Random Forest,-3.8192319209429115e-05
2019,5,10.033986991,10.057454414076737,Random Forest,-0.023467423076736438
2019,5,10.033986991,10.049870441739737,Random Forest,-0.01588345073973585
2019,5,10.033986991,10.047713724104765,Random Forest,-0.013726733104764577
2019,5,10.033986991,10.065326650240822,Random Forest,-0.03133965924082105
2019,5,10.033986991,10.118997960196124,Random Forest,-0.08501096919612294
2019,5,10.033986991,10.156399270377626,Random Forest,-0.12241227937762567
2019,6,7.167133565,7.762395583719493,Random Forest,-0.5952620187194926
2019,6,7.167133565,7.252233667820851,Random Forest,-0.08510010282085112
2019,6,7.167133565,7.241612202679232,Random Forest,-0.07447863767923124
2019,6,7.167133565,7.275811961647775,Random Forest,-0.10867839664777446
2019,6,7.167133565,7.226912299833618,Random Forest,-0.05977873483361762
2019,6,7.167133565,7.2614508636340895,Random Forest,-0.09431729863408922
2019,6,7.167133565,7.237619040340922,Random Forest,-0.07048547534092187
2019,6,7.167133565,7.0967411681968455,Random Forest,0.07039239680315479
2019,7,4.300280139,4.991873857745665,Random Forest,-0.6915937187456649
2019,7,4.300280139,4.297485299191811,Random Forest,0.0027948398081889536
2019,7,4.300280139,4.294146245122415,Random Forest,0.006133893877584562
2019,7,4.300280139,4.293629608777233,Random Forest,0.006650530222766626
2019,7,4.300280139,4.294977881612964,Random Forest,0.005302257387035603
2019,7,4.300280139,4.2969010187807415,Random Forest,0.003379120219258347
2019,7,4.300280139,4.290349592142515,Random Forest,0.009930546857484401
2019,7,4.300280139,4.279857591649693,Random Forest,0.02042254735030724
2019,8,3.5835667825,3.969871248929145,Random Forest,-0.3863044664291446
2019,8,3.5835667825,3.5887394262511036,Random Forest,-0.0051726437511034895
2019,8,3.5835667825,3.6251169682350346,Random Forest,-0.04155018573503444
2019,8,3.5835667825,3.5913437151478016,Random Forest,-0.007776932647801438
2019,8,3.5835667825,3.58515947884777,Random Forest,-0.0015926963477697065
2019,8,3.5835667825,3.58515947884777,Random Forest,-0.0015926963477697065
2019,8,3.5835667825,3.600333249486548,Random Forest,-0.016766466986547712
2019,8,3.5835667825,3.5869440474526586,Random Forest,-0.003377264952658443
2019,9,4.300280139,4.289618998358248,Random Forest,0.010661140641752276
2019,9,4.300280139,4.31105600157187,Random Forest,-0.010775862571870576
2019,9,4.300280139,4.35878918470118,Random Forest,-0.05850904570118054
2019,9,4.300280139,4.313879403426946,Random Forest,-0.013599264426946256
2019,9,4.300280139,4.301891806084325,Random Forest,-0.0016116670843251413
2019,9,4.300280139,4.314692816487,Random Forest,-0.014412677486999925
2019,9,4.300280139,4.318516825129335,Random Forest,-0.01823668612933549
2019,9,4.300280139,4.309074962868622,Random Forest,-0.008794823868622181
2019,10,7.167133565,6.938985720928037,Random Forest,0.2281478440719633
2019,10,7.167133565,7.1943243483234935,Random Forest,-0.02719078332349323
2019,10,7.167133565,7.237749589130123,Random Forest,-0.07061602413012302
2019,10,7.167133565,7.259333567955623,Random Forest,-0.09220000295562247
2019,10,7.167133565,7.190836985193023,Random Forest,-0.02370342019302285
2019,10,7.167133565,7.197864978555089,Random Forest,-0.030731413555089127
2019,10,7.167133565,7.2398942595651015,Random Forest,-0.07276069456510115
2019,10,7.167133565,7.2420411473810535,Random Forest,-0.07490758238105322
2019,11,8.600560278,8.33614664098745,Random Forest,0.2644136370125505
2019,11,8.600560278,8.606948034222272,Random Forest,-0.0063877562222725
2019,11,8.600560278,8.634404492803897,Random Forest,-0.03384421480389754
2019,11,8.600560278,8.613653642542943,Random Forest,-0.013093364542942965
2019,11,8.600560278,8.61204910318671,Random Forest,-0.011488825186710017
2019,11,8.600560278,8.627494704401053,Random Forest,-0.026934426401053813
2019,11,8.600560278,8.600998163896284,Random Forest,-0.0004378858962841292
2019,11,8.600560278,8.63976015813903,Random Forest,-0.039199880139030086
2019,12,4.300280139,5.123468402704399,Random Forest,-0.8231882637043988
2019,12,4.300280139,4.31722698389166,Random Forest,-0.01694684489166054
2019,12,4.300280139,4.313166992584198,Random Forest,-0.012886853584197944
2019,12,4.300280139,4.296663420520195,Random Forest,0.0036167184798046037
2019,12,4.300280139,4.306536424757531,Random Forest,-0.0062562857575310105
2019,12,4.300280139,4.312647215001871,Random Forest,-0.012367076001870814
2019,12,4.300280139,4.317433455062871,Random Forest,-0.017153316062871404
2019,12,4.300280139,4.30001779399464,Random Forest,0.0002623450053595988
2020,1,5.0999261106,4.209657872980114,Random Forest,0.8902682376198863
2020,1,5.0999261106,5.085818358245131,Random Forest,0.014107752354869163
2020,1,5.0999261106,5.086038015257631,Random Forest,0.013888095342369233
2020,1,5.0999261106,5.135156381550839,Random Forest,-0.03523027095083897
2020,1,5.0999261106,5.0841368952257415,Random Forest,0.015789215374258703
2020,1,5.0999261106,5.077754321248451,Random Forest,0.02217178935154962
2020,1,5.0999261106,5.085406058298898,Random Forest,0.014520052301102204
2020,1,5.0999261106,5.081289983186551,Random Forest,0.018636127413449444
2020,2,4.249938425500001,4.486327466276415,Random Forest,-0.2363890407764142
2020,2,4.249938425500001,4.273185479993831,Random Forest,-0.023247054493830355
2020,2,4.249938425500001,4.273185479993831,Random Forest,-0.023247054493830355
2020,2,4.249938425500001,4.271407349979757,Random Forest,-0.021468924479756346
2020,2,4.249938425500001,4.273185479993831,Random Forest,-0.023247054493830355
2020,2,4.249938425500001,4.265106262310902,Random Forest,-0.015167836810901392
2020,2,4.249938425500001,4.269236731001711,Random Forest,-0.01929830550171019
2020,2,4.249938425500001,4.267177619923044,Random Forest,-0.017239194423043003
2020,3,6.799901480800001,6.606227244310866,Random Forest,0.19367423648913462
2020,3,6.799901480800001,7.127185407476656,Random Forest,-0.32728392667665496
2020,3,6.799901480800001,7.060241045825375,Random Forest,-0.26033956502537414
2020,3,6.799901480800001,6.992869716312444,Random Forest,-0.1929682355124429
2020,3,6.799901480800001,6.999963624063543,Random Forest,-0.20006214326354232
2020,3,6.799901480800001,6.920031616603472,Random Forest,-0.1201301358034712
2020,3,6.799901480800001,7.334416685076209,Random Forest,-0.5345152042762082
2020,3,6.799901480800001,7.366647363974554,Random Forest,-0.5667458831745531
2020,4,10.1998522212,9.465806387397963,Random Forest,0.7340458338020373
2020,4,10.1998522212,10.067928334928254,Random Forest,0.13192388627174623
2020,4,10.1998522212,10.098598486022468,Random Forest,0.10125373517753289
2020,4,10.1998522212,10.079206471372867,Random Forest,0.12064574982713339
2020,4,10.1998522212,10.082681112824684,Random Forest,0.11717110837531663
2020,4,10.1998522212,10.103770391329554,Random Forest,0.096081829870446
2020,4,10.1998522212,10.10462707619356,Random Forest,0.09522514500643986
2020,4,10.1998522212,10.119366059721337,Random Forest,0.08048616147866383
2020,5,11.899827591400001,10.263646243204908,Random Forest,1.6361813481950929
2020,5,11.899827591400001,11.75951751615849,Random Forest,0.1403100752415103
2020,5,11.899827591400001,11.70617225312339,Random Forest,0.19365533827661174
2020,5,11.899827591400001,11.702781613102664,Random Forest,0.1970459782973375
2020,5,11.899827591400001,11.703225700603031,Random Forest,0.19660189079696977
2020,5,11.899827591400001,11.737915846213227,Random Forest,0.16191174518677443
2020,5,11.899827591400001,11.738323635872122,Random Forest,0.16150395552787877
2020,5,11.899827591400001,11.723876511982754,Random Forest,0.1759510794172474
2020,6,8.499876851000002,8.346476577161843,Random Forest,0.1534002738381588
2020,6,8.499876851000002,8.51744254378543,Random Forest,-0.01756569278542841
2020,6,8.499876851000002,8.402850616179984,Random Forest,0.09702623482001727
2020,6,8.499876851000002,8.555377399156137,Random Forest,-0.05550054815613592
2020,6,8.499876851000002,8.473003258550055,Random Forest,0.026873592449947026
2020,6,8.499876851000002,8.414617820207084,Random Forest,0.0852590307929173
2020,6,8.499876851000002,8.365359194298923,Random Forest,0.13451765670107818
2020,6,8.499876851000002,8.244074388157578,Random Forest,0.25580246284242314
2020,7,5.0999261106,6.212932780747861,Random Forest,-1.1130066701478611
2020,7,5.0999261106,5.144208604376742,Random Forest,-0.04428249377674209
2020,7,5.0999261106,5.183282552584778,Random Forest,-0.08335644198477787
2020,7,5.0999261106,5.126422706507766,Random Forest,-0.026496595907765652
2020,7,5.0999261106,5.130767331666768,Random Forest,-0.03084122106676812
2020,7,5.0999261106,5.128023766379068,Random Forest,-0.028097655779068198
2020,7,5.0999261106,5.109314258383138,Random Forest,-0.009388147783138123
2020,7,5.0999261106,5.1003564565383925,Random Forest,-0.00043034593839230695
2020,8,4.249938425500001,4.492636333552044,Random Forest,-0.24269790805204305
2020,8,4.249938425500001,4.274884876885456,Random Forest,-0.02494645138545515
2020,8,4.249938425500001,4.25788040956908,Random Forest,-0.007941984069079311
2020,8,4.249938425500001,4.290803990517349,Random Forest,-0.040865565017348615
2020,8,4.249938425500001,4.274722684249068,Random Forest,-0.02478425874906698
2020,8,4.249938425500001,4.2762477330012905,Random Forest,-0.02630930750128968
2020,8,4.249938425500001,4.27472237478427,Random Forest,-0.02478394928426919
2020,8,4.249938425500001,4.275547332074266,Random Forest,-0.02560890657426551
2020,9,5.0999261106,4.713130110084179,Random Forest,0.3867960005158215
2020,9,5.0999261106,5.113235188541854,Random Forest,-0.013309077941853431
2020,9,5.0999261106,5.126553258864357,Random Forest,-0.026627148264356748
2020,9,5.0999261106,5.166654372574316,Random Forest,-0.06672826197431547
2020,9,5.0999261106,5.105552226197642,Random Forest,-0.005626115597642034
2020,9,5.0999261106,5.131750747777,Random Forest,-0.03182463717699946
2020,9,5.0999261106,5.139160495098466,Random Forest,-0.0392343844984655
2020,9,5.0999261106,5.155979210200348,Random Forest,-0.05605309960034788
2020,10,8.499876851000002,8.005115019359538,Random Forest,0.4947618316404636
2020,10,8.499876851000002,8.474678103198054,Random Forest,0.025198747801947974
2020,10,8.499876851000002,8.491416420509422,Random Forest,0.00846043049057954
2020,10,8.499876851000002,8.497944501484717,Random Forest,0.001932349515284315
2020,10,8.499876851000002,8.467187947216058,Random Forest,0.03268890378394396
2020,10,8.499876851000002,8.468735892730669,Random Forest,0.03114095826933294
2020,10,8.499876851000002,8.470782283065272,Random Forest,0.0290945679347292
2020,10,8.499876851000002,8.482322628946706,Random Forest,0.017554222053295376
2020,11,10.1998522212,9.198407684250126,Random Forest,1.0014445369498741
2020,11,10.1998522212,10.1178209311567,Random Forest,0.08203129004330023
2020,11,10.1998522212,10.093575893414219,Random Forest,0.10627632778578189
2020,11,10.1998522212,10.130017470284827,Random Forest,0.06983475091517377
2020,11,10.1998522212,10.11081652618066,Random Forest,0.08903569501934072
2020,11,10.1998522212,10.118918994633713,Random Forest,0.08093322656628743
2020,11,10.1998522212,10.12433880257416,Random Forest,0.0755134186258406
2020,11,10.1998522212,10.130901985227322,Random Forest,0.0689502359726788
2020,12,5.0999261106,5.714007636334813,Random Forest,-0.6140815257348127
2020,12,5.0999261106,4.82227328096776,Random Forest,0.27765282963224003
2020,12,5.0999261106,4.841369606190145,Random Forest,0.25855650440985567
2020,12,5.0999261106,4.826427522008233,Random Forest,0.27349858859176734
2020,12,5.0999261106,4.816231500991045,Random Forest,0.283694609608955
2020,12,5.0999261106,4.841954500830988,Random Forest,0.25797160976901257
2020,12,5.0999261106,4.834065936186287,Random Forest,0.2658601744137128
2020,12,5.0999261106,4.81108381141869,Random Forest,0.28884229918131066
2021,1,5.3212221576,4.616879190950775,Random Forest,0.7043429666492251
2021,1,5.3212221576,5.104757692885484,Random Forest,0.21646446471451597
2021,1,5.3212221576,5.104534927697349,Random Forest,0.216687229902651
2021,1,5.3212221576,5.106502817727762,Random Forest,0.21471933987223846
2021,1,5.3212221576,5.098065708597632,Random Forest,0.22315644900236808
2021,1,5.3212221576,5.102798387722372,Random Forest,0.2184237698776279
2021,1,5.3212221576,5.10444885996104,Random Forest,0.21677329763896047
2021,1,5.3212221576,5.106333541462239,Random Forest,0.21488861613776145
2021,2,4.434351798000001,4.374401579858937,Random Forest,0.05995021814106405
2021,2,4.434351798000001,4.305821550030847,Random Forest,0.12853024796915324
2021,2,4.434351798000001,4.303870938245214,Random Forest,0.13048085975478685
2021,2,4.434351798000001,4.3027199205690785,Random Forest,0.1316318774309222
2021,2,4.434351798000001,4.300987341064102,Random Forest,0.13336445693589827
2021,2,4.434351798000001,4.310163780937501,Random Forest,0.12418801706250004
2021,2,4.434351798000001,4.302514604716325,Random Forest,0.13183719328367527
2021,2,4.434351798000001,4.291982513879123,Random Forest,0.14236928412087746
2021,3,7.0949628768,6.69682558363636,Random Forest,0.3981372931636402
2021,3,7.0949628768,6.930328329860948,Random Forest,0.16463454693905266
2021,3,7.0949628768,6.876603574047788,Random Forest,0.21835930275221216
2021,3,7.0949628768,6.849103471988821,Random Forest,0.24585940481117952
2021,3,7.0949628768,6.873611643406715,Random Forest,0.22135123339328544
2021,3,7.0949628768,6.8363965263050055,Random Forest,0.2585663504949949
2021,3,7.0949628768,7.087541618576258,Random Forest,0.007421258223742733
2021,3,7.0949628768,7.0886282544668555,Random Forest,0.006334622333144857
2021,4,10.6424443152,9.249085060689607,Random Forest,1.3933592545103934
2021,4,10.6424443152,10.16019840119075,Random Forest,0.4822459140092512
2021,4,10.6424443152,10.168517862876055,Random Forest,0.4739264523239459
2021,4,10.6424443152,10.14217536054598,Random Forest,0.50026895465402
2021,4,10.6424443152,10.176640133963904,Random Forest,0.4658041812360967
2021,4,10.6424443152,10.180728690406573,Random Forest,0.46171562479342754
2021,4,10.6424443152,10.182919497517048,Random Forest,0.4595248176829525
2021,4,10.6424443152,10.263407628868162,Random Forest,0.3790366863318386
2021,5,12.416185034400002,10.477248433026787,Random Forest,1.9389366013732143
2021,5,12.416185034400002,11.710582027237733,Random Forest,0.705603007162269
2021,5,12.416185034400002,11.69750996407767,Random Forest,0.7186750703223321
2021,5,12.416185034400002,11.680579483682111,Random Forest,0.7356055507178905
2021,5,12.416185034400002,11.650757708453005,Random Forest,0.7654273259469964
2021,5,12.416185034400002,11.696053738256234,Random Forest,0.7201312961437676
2021,5,12.416185034400002,11.655603802015916,Random Forest,0.7605812323840855
2021,5,12.416185034400002,11.7702681535212,Random Forest,0.6459168808788007
2021,6,8.868703596000001,8.605592889798443,Random Forest,0.26311070620155874
2021,6,8.868703596000001,8.873167724641585,Random Forest,-0.004464128641583187
2021,6,8.868703596000001,8.879508279229444,Random Forest,-0.010804683229443057
2021,6,8.868703596000001,8.903166113210748,Random Forest,-0.03446251721074667
2021,6,8.868703596000001,8.932523081625494,Random Forest,-0.06381948562549233
2021,6,8.868703596000001,8.87578600308079,Random Forest,-0.00708240708078911
2021,6,8.868703596000001,8.586057144172708,Random Forest,0.28264645182729353
2021,6,8.868703596000001,8.484328646381297,Random Forest,0.3843749496187048
2021,7,5.3212221576,6.540665478617672,Random Forest,-1.219443321017672
2021,7,5.3212221576,5.1468745955368504,Random Forest,0.17434756206314983
2021,7,5.3212221576,5.12668287140713,Random Forest,0.1945392861928701
2021,7,5.3212221576,5.1344242059010625,Random Forest,0.18679795169893776
2021,7,5.3212221576,5.12900386764531,Random Forest,0.19221828995469004
2021,7,5.3212221576,5.131864516961977,Random Forest,0.18935764063802285
2021,7,5.3212221576,5.103026702146947,Random Forest,0.21819545545305363
2021,7,5.3212221576,5.090117093765645,Random Forest,0.23110506383435503
2021,8,4.434351798000001,4.408534867536733,Random Forest,0.02581693046326805
2021,8,4.434351798000001,4.353617784492406,Random Forest,0.08073401350759468
2021,8,4.434351798000001,4.340739450596239,Random Forest,0.09361234740376201
2021,8,4.434351798000001,4.350713117082072,Random Forest,0.08363868091792881
2021,8,4.434351798000001,4.3422636317765,Random Forest,0.09208816622350025
2021,8,4.434351798000001,4.349599701921281,Random Forest,0.08475209607872003
2021,8,4.434351798000001,4.343187909116723,Random Forest,0.09116388888327798
2021,8,4.434351798000001,4.340539242195065,Random Forest,0.09381255580493608
2021,9,5.3212221576,4.687203414711854,Random Forest,0.6340187428881459
2021,9,5.3212221576,5.117122969748687,Random Forest,0.20409918785131342
2021,9,5.3212221576,5.128164101943389,Random Forest,0.1930580556566115
2021,9,5.3212221576,5.289938408683548,Random Forest,0.03128374891645258
2021,9,5.3212221576,5.112395668428331,Random Forest,0.20882648917166957
2021,9,5.3212221576,5.119827809579598,Random Forest,0.20139434802040235
2021,9,5.3212221576,5.114634636530298,Random Forest,0.2065875210697019
2021,9,5.3212221576,5.122240540448309,Random Forest,0.19898161715169138
2021,10,8.868703596000001,8.056573389652463,Random Forest,0.812130206347538
2021,10,8.868703596000001,8.619203663603248,Random Forest,0.24949993239675372
2021,10,8.868703596000001,8.634406400271915,Random Forest,0.23429719572808594
2021,10,8.868703596000001,8.626958896439376,Random Forest,0.24174469956062516
2021,10,8.868703596000001,8.631024054939022,Random Forest,0.2376795410609791
2021,10,8.868703596000001,8.653945463584437,Random Forest,0.21475813241556452
2021,10,8.868703596000001,8.69708783796241,Random Forest,0.171615758037591
2021,10,8.868703596000001,8.697219622894652,Random Forest,0.17148397310534946
2021,11,10.6424443152,9.534861269200816,Random Forest,1.107583045999185
2021,11,10.6424443152,10.212964532481594,Random Forest,0.42947978271840626
2021,11,10.6424443152,10.205166579305443,Random Forest,0.43727773589455765
2021,11,10.6424443152,10.238114707276889,Random Forest,0.40432960792311157
2021,11,10.6424443152,10.231236151118122,Random Forest,0.411208164081879
2021,11,10.6424443152,10.2203646553959,Random Forest,0.4220796598041012
2021,11,10.6424443152,10.264612823610424,Random Forest,0.37783149158957663
2021,11,10.6424443152,10.286119198349922,Random Forest,0.35632511685007806
2021,12,5.3212221576,6.293928526478876,Random Forest,-0.9727063688788755
2021,12,5.3212221576,4.845239161550501,Random Forest,0.475982996049499
2021,12,5.3212221576,4.828165924569878,Random Forest,0.49305623303012247
2021,12,5.3212221576,4.805588649216668,Random Forest,0.5156335083833321
2021,12,5.3212221576,4.8015946287190685,Random Forest,0.5196275288809318
2021,12,5.3212221576,4.800449868999069,Random Forest,0.5207722886009316
2021,12,5.3212221576,4.7866175582415815,Random Forest,0.5346045993584188
2021,12,5.3212221576,4.773859782807011,Random Forest,0.5473623747929892
2022,1,4.925635077,4.772590760913297,Random Forest,0.153044316086703
2022,1,4.925635077,4.916280072842096,Random Forest,0.00935500415790358
2022,1,4.925635077,4.900678056757979,Random Forest,0.024957020242021066
2022,1,4.925635077,4.900678056757979,Random Forest,0.024957020242021066
2022,1,4.925635077,4.899251849418646,Random Forest,0.026383227581353808
2022,1,4.925635077,4.899260695264424,Random Forest,0.026374381735576158
2022,1,4.925635077,4.899260695264424,Random Forest,0.026374381735576158
2022,1,4.925635077,4.893823644665979,Random Forest,0.03181143233402128
2022,2,4.1046958975,4.249629967015667,Random Forest,-0.14493406951566712
2022,2,4.1046958975,4.077263203137741,Random Forest,0.02743269436225937
2022,2,4.1046958975,4.0740716469448515,Random Forest,0.030624250555148613
2022,2,4.1046958975,4.071685748090746,Random Forest,0.03301014940925384
2022,2,4.1046958975,4.073058062192413,Random Forest,0.03163783530758746
2022,2,4.1046958975,4.07318894758908,Random Forest,0.03150694991091996
2022,2,4.1046958975,4.07318894758908,Random Forest,0.03150694991091996
2022,2,4.1046958975,4.07318894758908,Random Forest,0.03150694991091996
2022,3,6.5675134360000005,6.45109523484977,Random Forest,0.11641820115023016
2022,3,6.5675134360000005,6.5609039023984534,Random Forest,0.006609533601547035
2022,3,6.5675134360000005,6.6003246018317165,Random Forest,-0.03281116583171606
2022,3,6.5675134360000005,6.57564063400502,Random Forest,-0.008127198005019487
2022,3,6.5675134360000005,6.57286612096957,Random Forest,-0.00535268496956931
2022,3,6.5675134360000005,6.553559898005078,Random Forest,0.013953537994922272
2022,3,6.5675134360000005,6.6561530075914614,Random Forest,-0.08863957159146096
2022,3,6.5675134360000005,6.659441333415526,Random Forest,-0.0919278974155251
2022,4,9.851270154,9.287860144100103,Random Forest,0.5634100098998971
2022,4,9.851270154,9.707188377678959,Random Forest,0.14408177632104113
2022,4,9.851270154,9.694487671765824,Random Forest,0.1567824822341759
2022,4,9.851270154,9.704507818070294,Random Forest,0.1467623359297061
2022,4,9.851270154,9.708000660028471,Random Forest,0.14326949397152866
2022,4,9.851270154,9.692628225238828,Random Forest,0.15864192876117222
2022,4,9.851270154,9.726020547591151,Random Forest,0.12524960640884863
2022,4,9.851270154,9.738474363510575,Random Forest,0.11279579048942523
2022,5,11.493148513000001,10.747405448925308,Random Forest,0.7457430640746932
2022,5,11.493148513000001,11.353471742036103,Random Forest,0.13967677096389863
2022,5,11.493148513000001,11.362932651069686,Random Forest,0.1302158619303153
2022,5,11.493148513000001,11.378557926530194,Random Forest,0.11459058646980758
2022,5,11.493148513000001,11.359019154003306,Random Forest,0.1341293589966952
2022,5,11.493148513000001,11.400670548591956,Random Forest,0.09247796440804557
2022,5,11.493148513000001,11.374031489217458,Random Forest,0.11911702378254319
2022,5,11.493148513000001,11.3832280289105,Random Forest,0.10992048408950161
2022,6,8.209391795,8.961045314818767,Random Forest,-0.7516535198187668
2022,6,8.209391795,8.086487217898398,Random Forest,0.12290457710160219
2022,6,8.209391795,8.063947826852875,Random Forest,0.14544396814712535
2022,6,8.209391795,8.073855360652296,Random Forest,0.13553643434770457
2022,6,8.209391795,8.074621676257443,Random Forest,0.13477011874255673
2022,6,8.209391795,8.064974764894716,Random Forest,0.14441703010528428
2022,6,8.209391795,7.984150411715705,Random Forest,0.22524138328429544
2022,6,8.209391795,7.997823099827484,Random Forest,0.21156869517251575
2022,7,4.925635077,5.5801308023533975,Random Forest,-0.6544957253533976
2022,7,4.925635077,4.894683760301884,Random Forest,0.030951316698115683
2022,7,4.925635077,4.929843602922942,Random Forest,-0.004208525922941853
2022,7,4.925635077,4.996697702450343,Random Forest,-0.07106262545034348
2022,7,4.925635077,4.897915248069583,Random Forest,0.027719828930417023
2022,7,4.925635077,4.930325357317384,Random Forest,-0.004690280317384499
2022,7,4.925635077,4.924405542579803,Random Forest,0.0012295344201973535
2022,7,4.925635077,4.913387738832782,Random Forest,0.012247338167218125
2022,8,4.1046958975,4.4361480819665156,Random Forest,-0.3314521844665155
2022,8,4.1046958975,4.092190732095067,Random Forest,0.012505165404933294
2022,8,4.1046958975,4.096674395705127,Random Forest,0.008021501794873487
2022,8,4.1046958975,4.1087697402496985,Random Forest,-0.004073842749698464
2022,8,4.1046958975,4.0922648157535,Random Forest,0.01243108174649965
2022,8,4.1046958975,4.091457097690956,Random Forest,0.013238799809044188
2022,8,4.1046958975,4.086901967658505,Random Forest,0.017793929841494638
2022,8,4.1046958975,4.083710411465617,Random Forest,0.020985486034382994
2022,9,4.925635077,4.701388767392089,Random Forest,0.2242463096079108
2022,9,4.925635077,4.8931727359712145,Random Forest,0.032462341028785424
2022,9,4.925635077,4.96505237262972,Random Forest,-0.03941729562972007
2022,9,4.925635077,4.942602937836227,Random Forest,-0.016967860836227366
2022,9,4.925635077,4.895521898337995,Random Forest,0.030113178662005247
2022,9,4.925635077,5.050896609560455,Random Forest,-0.12526153256045536
2022,9,4.925635077,4.916999459873048,Random Forest,0.008635617126952155
2022,9,4.925635077,4.9072430286998605,Random Forest,0.018392048300139408
2022,10,8.209391795,7.740245047842486,Random Forest,0.4691467471575139
2022,10,8.209391795,7.999617209094481,Random Forest,0.20977458590551912
2022,10,8.209391795,8.017099245418132,Random Forest,0.19229254958186814
2022,10,8.209391795,8.054626061783651,Random Forest,0.15476573321634923
2022,10,8.209391795,8.048331219242899,Random Forest,0.16106057575710153
2022,10,8.209391795,8.038988003205478,Random Forest,0.1704037917945218
2022,10,8.209391795,8.052652151432966,Random Forest,0.1567396435670343
2022,10,8.209391795,8.06154385217766,Random Forest,0.14784794282233982
2022,11,9.851270154,8.958505312454973,Random Forest,0.8927648415450271
2022,11,9.851270154,9.686740821420074,Random Forest,0.1645293325799262
2022,11,9.851270154,9.689464618820182,Random Forest,0.161805535179818
2022,11,9.851270154,9.695654231521866,Random Forest,0.15561592247813394
2022,11,9.851270154,9.701495189157749,Random Forest,0.14977496484225128
2022,11,9.851270154,9.717092086785451,Random Forest,0.13417806721454895
2022,11,9.851270154,9.75990445210619,Random Forest,0.09136570189381032
2022,11,9.851270154,9.775760610610938,Random Forest,0.07550954338906202
2022,12,4.925635077,5.315451576250939,Random Forest,-0.389816499250939
2022,12,4.925635077,4.698418574721524,Random Forest,0.227216502278476
2022,12,4.925635077,4.708511945170285,Random Forest,0.2171231318297151
2022,12,4.925635077,4.694336379366657,Random Forest,0.23129869763334288
2022,12,4.925635077,4.69161489599726,Random Forest,0.23402018100274002
2022,12,4.925635077,4.722067123242857,Random Forest,0.2035679537571431
2022,12,4.925635077,4.724659572594056,Random Forest,0.20097550440594425
2022,12,4.925635077,4.701141285056857,Random Forest,0.2244937919431429
2023,1,4.4264350848,4.587586459857047,Random Forest,-0.16115137505704702
2023,1,4.4264350848,4.358865371420052,Random Forest,0.06756971337994777
2023,1,4.4264350848,4.3587418718747735,Random Forest,0.06769321292522612
2023,1,4.4264350848,4.356656417985916,Random Forest,0.0697786668140834
2023,1,4.4264350848,4.355727242441996,Random Forest,0.07070784235800343
2023,1,4.4264350848,4.3535178340427185,Random Forest,0.07291725075728106
2023,1,4.4264350848,4.346784440065719,Random Forest,0.07965064473428018
2023,1,4.4264350848,4.352572442682108,Random Forest,0.0738626421178914
2023,2,3.6886959040000002,3.9398390257683733,Random Forest,-0.25114312176837306
2023,2,3.6886959040000002,3.651790627396662,Random Forest,0.03690527660333842
2023,2,3.6886959040000002,3.650554800033329,Random Forest,0.03814110396667125
2023,2,3.6886959040000002,3.6514222022644396,Random Forest,0.03727370173556066
2023,2,3.6886959040000002,3.650554800033329,Random Forest,0.03814110396667125
2023,2,3.6886959040000002,3.650554800033329,Random Forest,0.03814110396667125
2023,2,3.6886959040000002,3.650554800033329,Random Forest,0.03814110396667125
2023,2,3.6886959040000002,3.650554800033329,Random Forest,0.03814110396667125
2023,3,5.9019134464,6.004020617451194,Random Forest,-0.10210717105119382
2023,3,5.9019134464,5.907541060023007,Random Forest,-0.005627613623007122
2023,3,5.9019134464,6.026028618134837,Random Forest,-0.12411517173483677
2023,3,5.9019134464,6.017812835417521,Random Forest,-0.11589938901752106
2023,3,5.9019134464,5.942717065678452,Random Forest,-0.040803619278452
2023,3,5.9019134464,5.90371161705223,Random Forest,-0.001798170652230091
2023,3,5.9019134464,5.875214115038764,Random Forest,0.026699331361236034
2023,3,5.9019134464,5.914176236006053,Random Forest,-0.012262789606053204
2023,4,8.8528701696,8.819065663769294,Random Forest,0.03380450583070527
2023,4,8.8528701696,8.852025964354777,Random Forest,0.0008442052452224402
2023,4,8.8528701696,8.853495633457932,Random Forest,-0.0006254638579328287
2023,4,8.8528701696,8.858366959948366,Random Forest,-0.005496790348367142
2023,4,8.8528701696,8.816496740163268,Random Forest,0.03637342943673083
2023,4,8.8528701696,8.81859191262945,Random Forest,0.034278256970548426
2023,4,8.8528701696,8.86977620789296,Random Forest,-0.016906038292960446
2023,4,8.8528701696,8.84544460348546,Random Forest,0.007425566114539706
2023,5,10.328348531200001,9.790854920829743,Random Forest,0.5374936103702588
2023,5,10.328348531200001,10.246890691780463,Random Forest,0.08145783941953866
2023,5,10.328348531200001,10.304533541193784,Random Forest,0.02381499000621723
2023,5,10.328348531200001,10.31906097384545,Random Forest,0.009287557354550557
2023,5,10.328348531200001,10.285722384092178,Random Forest,0.04262614710782309
2023,5,10.328348531200001,10.30915483246851,Random Forest,0.019193698731491793
2023,5,10.328348531200001,10.297496793848602,Random Forest,0.030851737351399677
2023,5,10.328348531200001,10.313832126186165,Random Forest,0.01451640501383622
2023,6,7.3773918080000005,8.147578456063183,Random Forest,-0.7701866480631825
2023,6,7.3773918080000005,7.385625195456043,Random Forest,-0.008233387456042074
2023,6,7.3773918080000005,7.349501946488596,Random Forest,0.02788986151140449
2023,6,7.3773918080000005,7.411830764040356,Random Forest,-0.03443895604035507
2023,6,7.3773918080000005,7.388397511869812,Random Forest,-0.011005703869811256
2023,6,7.3773918080000005,7.335350059757251,Random Forest,0.042041748242749755
2023,6,7.3773918080000005,7.262096257469389,Random Forest,0.11529555053061191
2023,6,7.3773918080000005,7.260499741750186,Random Forest,0.11689206624981452
2023,7,4.4264350848,5.910335309946377,Random Forest,-1.4839002251463773
2023,7,4.4264350848,4.3649119185430925,Random Forest,0.061523166256907125
2023,7,4.4264350848,4.389461721029715,Random Forest,0.036973363770284706
2023,7,4.4264350848,4.360941089209712,Random Forest,0.06549399559028757
2023,7,4.4264350848,4.360360656676982,Random Forest,0.06607442812301745
2023,7,4.4264350848,4.342755582418503,Random Forest,0.08367950238149646
2023,7,4.4264350848,4.341839583387859,Random Forest,0.08459550141214045
2023,7,4.4264350848,4.341065284666193,Random Forest,0.08536980013380635
2023,8,3.6886959040000002,4.0143425575421885,Random Forest,-0.32564665354218825
2023,8,3.6886959040000002,3.6539340584444404,Random Forest,0.034761845555559834
2023,8,3.6886959040000002,3.6723517789991957,Random Forest,0.01634412500080451
2023,8,3.6886959040000002,3.653728224323996,Random Forest,0.03496767967600434
2023,8,3.6886959040000002,3.650554800033329,Random Forest,0.03814110396667125
2023,8,3.6886959040000002,3.7459978481599965,Random Forest,-0.05730194415999623
2023,8,3.6886959040000002,3.7459978481599965,Random Forest,-0.05730194415999623
2023,8,3.6886959040000002,3.7459978481599965,Random Forest,-0.05730194415999623
2023,9,4.4264350848,4.287499057400716,Random Forest,0.1389360273992839
2023,9,4.4264350848,4.376470461818679,Random Forest,0.04996462298132087
2023,9,4.4264350848,4.40921835659738,Random Forest,0.017216728202619436
2023,9,4.4264350848,4.396619093492055,Random Forest,0.029815991307944323
2023,9,4.4264350848,4.37622960476565,Random Forest,0.050205480034349215
2023,9,4.4264350848,4.382823896491039,Random Forest,0.04361118830896071
2023,9,4.4264350848,4.361454210954121,Random Forest,0.06498087384587858
2023,9,4.4264350848,4.368277935816977,Random Forest,0.05815714898302282
2023,10,7.3773918080000005,7.00082078893543,Random Forest,0.3765710190645706
2023,10,7.3773918080000005,7.326419608457908,Random Forest,0.050972199542092866
2023,10,7.3773918080000005,7.330544214134019,Random Forest,0.04684759386598181
2023,10,7.3773918080000005,7.3450239838767555,Random Forest,0.032367824123245015
2023,10,7.3773918080000005,7.358738558539551,Random Forest,0.018653249460449217
2023,10,7.3773918080000005,7.336088221586592,Random Forest,0.04130358641340859
2023,10,7.3773918080000005,7.460008097830279,Random Forest,-0.08261628983027869
2023,10,7.3773918080000005,7.385674541347942,Random Forest,-0.008282733347941829
2023,11,8.8528701696,8.835126910689068,Random Forest,0.017743258910931203
2023,11,8.8528701696,8.747540271570495,Random Forest,0.10532989802950432
2023,11,8.8528701696,8.821184861831393,Random Forest,0.03168530776860656
2023,11,8.8528701696,8.816021898254602,Random Forest,0.03684827134539681
2023,11,8.8528701696,8.829909301090076,Random Forest,0.02296086850992296
2023,11,8.8528701696,8.806812440240268,Random Forest,0.04605772935973107
2023,11,8.8528701696,8.757387657915903,Random Forest,0.0954825116840965
2023,11,8.8528701696,8.818626366044512,Random Forest,0.03424380355548706
2023,12,4.4264350848,5.100700238204982,Random Forest,-0.6742651534049822
2023,12,4.4264350848,4.406914169536471,Random Forest,0.01952091526352895
2023,12,4.4264350848,4.422901565323027,Random Forest,0.0035335194769725575
2023,12,4.4264350848,4.409173751770503,Random Forest,0.01726133302949684
2023,12,4.4264350848,4.402682270262256,Random Forest,0.023752814537743916
2023,12,4.4264350848,4.423962682274047,Random Forest,0.0024724025259521554
2023,12,4.4264350848,4.418221411625798,Random Forest,0.008213673174201297
2023,12,4.4264350848,4.410109789745917,Random Forest,0.016325295054082645
2024,1,4.450098509999999,4.176910891393097,Random Forest,0.27318761860690266
2024,1,4.450098509999999,4.35644694854578,Random Forest,0.09365156145421949
2024,1,4.450098509999999,4.353515249249899,Random Forest,0.09658326075010049
2024,1,4.450098509999999,4.352769865370713,Random Forest,0.09732864462928603
2024,1,4.450098509999999,4.3511694619015024,Random Forest,0.09892904809849679
2024,1,4.450098509999999,4.357829660503069,Random Forest,0.09226884949693037
2024,1,4.450098509999999,4.3544838744427325,Random Forest,0.09561463555726668
2024,1,4.450098509999999,4.339931898106939,Random Forest,0.1101666118930602
2024,2,3.708415425,4.0320712402683805,Random Forest,-0.3236558152683804
2024,2,3.708415425,3.651790627396662,Random Forest,0.05662479760333827
2024,2,3.708415425,3.650554800033329,Random Forest,0.057860624966671104
2024,2,3.708415425,3.653728224323996,Random Forest,0.05468720067600419
2024,2,3.708415425,3.650554800033329,Random Forest,0.057860624966671104
2024,2,3.708415425,3.653728224323996,Random Forest,0.05468720067600419
2024,2,3.708415425,3.650554800033329,Random Forest,0.057860624966671104
2024,2,3.708415425,3.650554800033329,Random Forest,0.057860624966671104
2024,3,5.933464679999999,6.055120887365074,Random Forest,-0.1216562073650751
2024,3,5.933464679999999,5.929153317299431,Random Forest,0.004311362700568644
2024,3,5.933464679999999,5.934041546109463,Random Forest,-0.0005768661094638361
2024,3,5.933464679999999,5.876946473199686,Random Forest,0.056518206800313386
2024,3,5.933464679999999,5.928413729487241,Random Forest,0.005050950512758057
2024,3,5.933464679999999,5.904937987203574,Random Forest,0.028526692796424946
2024,3,5.933464679999999,5.888903317145352,Random Forest,0.04456136285464751
2024,3,5.933464679999999,5.936982807746501,Random Forest,-0.0035181277465019534
2024,4,8.900197019999998,8.817112762059404,Random Forest,0.0830842579405946
2024,4,8.900197019999998,8.830339066352908,Random Forest,0.06985795364709091
2024,4,8.900197019999998,8.86444027393295,Random Forest,0.03575674606704915
2024,4,8.900197019999998,8.859214041532406,Random Forest,0.0409829784675928
2024,4,8.900197019999998,8.872339981008635,Random Forest,0.027857038991363936
2024,4,8.900197019999998,8.84767453257986,Random Forest,0.052522487420137765
2024,4,8.900197019999998,8.817193787482266,Random Forest,0.08300323251773278
2024,4,8.900197019999998,8.864906035010675,Random Forest,0.035290984989323704
2024,5,10.38356319,9.745224915565391,Random Forest,0.6383382744346093
2024,5,10.38356319,10.319843253021372,Random Forest,0.06371993697862877
2024,5,10.38356319,10.406028163779922,Random Forest,-0.02246497377992185
2024,5,10.38356319,10.365868586957976,Random Forest,0.01769460304202397
2024,5,10.38356319,10.352684886712128,Random Forest,0.030878303287872555
2024,5,10.38356319,10.307585667128317,Random Forest,0.07597752287168369
2024,5,10.38356319,10.343628661808857,Random Forest,0.03993452819114296
2024,5,10.38356319,10.313839114838485,Random Forest,0.06972407516151513
2024,6,7.41683085,8.519043987650836,Random Forest,-1.1022131376508355
2024,6,7.41683085,7.379675120782966,Random Forest,0.03715572921703458
2024,6,7.41683085,7.354393485048392,Random Forest,0.062437364951608565
2024,6,7.41683085,7.396269019650238,Random Forest,0.02056183034976211
2024,6,7.41683085,7.353113438369817,Random Forest,0.06371741163018285
2024,6,7.41683085,7.4197459320243375,Random Forest,-0.0029150820243373232
2024,6,7.41683085,7.378110365302276,Random Forest,0.03872048469772427
2024,6,7.41683085,7.30994740504421,Random Forest,0.10688344495579027
2024,7,4.450098509999999,5.649183533862035,Random Forest,-1.199085023862036
2024,7,4.450098509999999,4.370086198186836,Random Forest,0.08001231181316282
2024,7,4.450098509999999,4.357588344406341,Random Forest,0.09251016559365866
2024,7,4.450098509999999,4.37116147329746,Random Forest,0.07893703670253949
2024,7,4.450098509999999,4.360348848310891,Random Forest,0.08974966168910825
2024,7,4.450098509999999,4.3623164579541704,Random Forest,0.08778205204582878
2024,7,4.450098509999999,4.370799369920153,Random Forest,0.07929914007984618
2024,7,4.450098509999999,4.341763035327534,Random Forest,0.10833547467246518
2024,8,3.708415425,3.984228527060243,Random Forest,-0.2758131020602428
2024,8,3.708415425,3.6539340584444404,Random Forest,0.054481366555559685
2024,8,3.708415425,3.670497182215202,Random Forest,0.03791824278479794
2024,8,3.708415425,3.650554800033329,Random Forest,0.057860624966671104
2024,8,3.708415425,3.651790627396662,Random Forest,0.05662479760333827
2024,8,3.708415425,3.653728224323996,Random Forest,0.05468720067600419
2024,8,3.708415425,3.6664236888127744,Random Forest,0.04199173618722574
2024,8,3.708415425,3.650554800033329,Random Forest,0.057860624966671104
2024,9,4.450098509999999,4.214262764955645,Random Forest,0.235835745044354
2024,9,4.450098509999999,4.416863294570467,Random Forest,0.03323521542953234
2024,9,4.450098509999999,4.47171629255985,Random Forest,-0.021617782559850696
2024,9,4.450098509999999,4.4267151398292786,Random Forest,0.023383370170720674
2024,9,4.450098509999999,4.396235010531972,Random Forest,0.0538634994680276
2024,9,4.450098509999999,4.4225005318690815,Random Forest,0.02759797813091769
2024,9,4.450098509999999,4.415353750566256,Random Forest,0.03474475943374333
2024,9,4.450098509999999,4.398493564948844,Random Forest,0.05160494505115487
2024,10,7.41683085,7.0979424508932665,Random Forest,0.3188883991067337
2024,10,7.41683085,7.352985487426551,Random Forest,0.0638453625734492
2024,10,7.41683085,7.336948521736558,Random Forest,0.07988232826344177
2024,10,7.41683085,7.304693968692427,Random Forest,0.11213688130757316
2024,10,7.41683085,7.476044296061774,Random Forest,-0.05921344606177392
2024,10,7.41683085,7.388847317830229,Random Forest,0.02798353216977123
2024,10,7.41683085,7.420541527017793,Random Forest,-0.0037106770177928183
2024,10,7.41683085,7.3638038469912965,Random Forest,0.053027003008703666
2024,11,8.900197019999998,8.74928190762817,Random Forest,0.15091511237182864
2024,11,8.900197019999998,8.812156178851152,Random Forest,0.08804084114884603
2024,11,8.900197019999998,8.820139049569466,Random Forest,0.08005797043053242
2024,11,8.900197019999998,8.821461438753772,Random Forest,0.07873558124622626
2024,11,8.900197019999998,8.776764550989055,Random Forest,0.12343246901094318
2024,11,8.900197019999998,8.79087039854403,Random Forest,0.10932662145596872
2024,11,8.900197019999998,8.796194474723249,Random Forest,0.10400254527674946
2024,11,8.900197019999998,8.831514560315116,Random Forest,0.06868245968488296
2024,12,4.450098509999999,6.022058428379476,Random Forest,-1.571959918379477
2024,12,4.450098509999999,4.430566725974751,Random Forest,0.019531784025248022
2024,12,4.450098509999999,4.466824838483265,Random Forest,-0.016726328483265718
2024,12,4.450098509999999,4.402636050604881,Random Forest,0.04746245939511784
2024,12,4.450098509999999,4.401538816899737,Random Forest,0.048559693100262535
2024,12,4.450098509999999,4.4153827463096995,Random Forest,0.03471576369029972
2024,12,4.450098509999999,4.451118923898648,Random Forest,-0.0010204138986491529
2024,12,4.450098509999999,4.41965762546297,Random Forest,0.030440884537028978
2001,1,14.593574718,14.547180358710769,Gradient Boosting,0.046394359289230636
2001,2,12.161312265,12.15311118079116,Gradient Boosting,0.008201084208838694
2001,3,19.458099624,19.44332343489771,Gradient Boosting,0.01477618910228884
2001,4,29.187149436,29.184558273381413,Gradient Boosting,0.0025911626185859404
2001,5,34.051674342,34.0401681737426,Gradient Boosting,0.01150616825739803
2001,6,24.32262453,24.309901913823,Gradient Boosting,0.012722616176997548
2001,7,14.593574718,14.58036671170727,Gradient Boosting,0.013208006292728669
2001,8,12.161312265,12.138773006985158,Gradient Boosting,0.02253925801484158
2001,9,14.593574718,14.6311268717778,Gradient Boosting,-0.03755215377780097
2001,10,24.32262453,24.300031825823194,Gradient Boosting,0.022592704176805256
2001,11,29.187149436,29.179545719423814,Gradient Boosting,0.007603716576184638
2001,12,14.593574718,14.576898408456842,Gradient Boosting,0.016676309543157686
2002,1,13.653268812,13.624611847540411,Gradient Boosting,0.028656964459589318
2002,2,11.377724010000001,11.380791635992004,Gradient Boosting,-0.0030676259920028315
2002,3,18.204358416,18.252866103215133,Gradient Boosting,-0.04850768721513177
2002,4,27.306537624,27.275724748236964,Gradient Boosting,0.030812875763036374
2002,5,31.857627228000002,31.841157523236458,Gradient Boosting,0.016469704763544257
2002,6,22.755448020000003,22.747081737302167,Gradient Boosting,0.008366282697835459
2002,7,13.653268812,13.686134122401459,Gradient Boosting,-0.03286531040145846
2002,8,11.377724010000001,11.350059599803666,Gradient Boosting,0.027664410196335254
2002,9,13.653268812,13.621702730375418,Gradient Boosting,0.03156608162458241
2002,10,22.755448020000003,22.804215059026873,Gradient Boosting,-0.04876703902687041
2002,11,27.306537624,27.28662726408738,Gradient Boosting,0.0199103599126218
2002,12,13.653268812,13.650713087472964,Gradient Boosting,0.0025557245270366735
2003,1,13.208306627999999,13.214815822631213,Gradient Boosting,-0.006509194631213688
2003,2,11.006922190000001,11.03527026207506,Gradient Boosting,-0.028348072075058184
2003,3,17.611075504000002,17.55466429922307,Gradient Boosting,0.05641120477693207
2003,4,26.416613255999998,26.451432833772284,Gradient Boosting,-0.034819577772285726
2003,5,30.819382132000005,30.78625160290029,Gradient Boosting,0.033130529099715034
2003,6,22.013844380000002,21.994370129473264,Gradient Boosting,0.01947425052673779
2003,7,13.208306627999999,13.244327300201425,Gradient Boosting,-0.036020672201425796
2003,8,11.006922190000001,10.985198355471633,Gradient Boosting,0.021723834528367902
2003,9,13.208306627999999,13.222471925460281,Gradient Boosting,-0.014165297460282389
2003,10,22.013844380000002,22.048771320833975,Gradient Boosting,-0.034926940833972964
2003,11,26.416613255999998,26.479298776260688,Gradient Boosting,-0.06268552026068974
2003,12,13.208306627999999,13.210214591557683,Gradient Boosting,-0.0019079635576844112
2004,1,11.065235658,11.132850915335439,Gradient Boosting,-0.06761525733543827
2004,2,9.221029715,9.182416194638412,Gradient Boosting,0.03861352036158827
2004,3,14.753647544000001,14.673576417291928,Gradient Boosting,0.08007112670807359
2004,4,22.130471316,22.08355768859505,Gradient Boosting,0.046913627404951086
2004,5,25.818883202000002,25.78858412177904,Gradient Boosting,0.030299080220963504
2004,6,18.44205943,18.428457577449304,Gradient Boosting,0.013601852550696236
2004,7,11.065235658,11.120492257040478,Gradient Boosting,-0.05525659904047764
2004,8,9.221029715,9.160522757950966,Gradient Boosting,0.06050695704903397
2004,9,11.065235658,11.069175033297114,Gradient Boosting,-0.003939375297113301
2004,10,18.44205943,18.402396261586492,Gradient Boosting,0.03966316841350803
2004,11,22.130471316,22.177909398747314,Gradient Boosting,-0.04743808274731265
2004,12,11.065235658,11.104939195214111,Gradient Boosting,-0.039703537214110796
2005,1,8.335110228,8.434105208976922,Gradient Boosting,-0.09899498097692216
2005,2,6.9459251900000005,7.012405976956305,Gradient Boosting,-0.06648078695630488
2005,3,11.113480304,11.157286835908533,Gradient Boosting,-0.04380653190853323
2005,4,16.670220456,16.67233873853724,Gradient Boosting,-0.0021182825372392244
2005,5,19.448590532,19.55972846596902,Gradient Boosting,-0.11113793396901883
2005,6,13.891850380000001,13.774087618984947,Gradient Boosting,0.11776276101505445
2005,7,8.335110228,8.38421173046383,Gradient Boosting,-0.049101502463830826
2005,8,6.9459251900000005,6.913471389097937,Gradient Boosting,0.03245380090206318
2005,9,8.335110228,8.30815830507878,Gradient Boosting,0.02695192292121895
2005,10,13.891850380000001,13.84499699228568,Gradient Boosting,0.04685338771432157
2005,11,16.670220456,16.596971898189125,Gradient Boosting,0.07324855781087436
2005,12,8.335110228,8.37260238785079,Gradient Boosting,-0.037492159850790685
2006,1,7.531516901999999,7.542697515217991,Gradient Boosting,-0.011180613217992352
2006,2,6.276264085,6.282663068208646,Gradient Boosting,-0.006398983208645959
2006,3,10.042022536,9.860250228817353,Gradient Boosting,0.18177230718264603
2006,4,15.063033803999998,15.185467534423541,Gradient Boosting,-0.122433730423543
2006,5,17.573539438,17.454655064785843,Gradient Boosting,0.11888437321415779
2006,6,12.55252817,12.495925166829135,Gradient Boosting,0.05660300317086531
2006,7,7.531516901999999,7.5952944035177525,Gradient Boosting,-0.06377750151775352
2006,8,6.276264085,6.287217904855008,Gradient Boosting,-0.010953819855007652
2006,9,7.531516901999999,7.556323551547482,Gradient Boosting,-0.02480664954748324
2006,10,12.55252817,12.504011261041157,Gradient Boosting,0.04851690895884353
2006,11,15.063033803999998,15.08941017250347,Gradient Boosting,-0.026376368503472136
2006,12,7.531516901999999,7.526270449964414,Gradient Boosting,0.005246452035584603
2007,1,5.6901060612,5.774042407702033,Gradient Boosting,-0.08393634650203285
2007,2,4.741755051,4.663999596972725,Gradient Boosting,0.07775545402727513
2007,3,7.5868080816,7.557598286854534,Gradient Boosting,0.0292097947454657
2007,4,11.3802121224,11.35313540593963,Gradient Boosting,0.027076716460369354
2007,5,13.2769141428,13.308709537677784,Gradient Boosting,-0.03179539487778271
2007,6,9.483510102,9.479923068676934,Gradient Boosting,0.0035870333230665352
2007,7,5.6901060612,5.831105158368188,Gradient Boosting,-0.14099909716818804
2007,8,4.741755051,4.758175044785261,Gradient Boosting,-0.016419993785261155
2007,9,5.6901060612,5.621273407709549,Gradient Boosting,0.06883265349045065
2007,10,9.483510102,9.497334825764193,Gradient Boosting,-0.013824723764193081
2007,11,11.3802121224,11.45403714573617,Gradient Boosting,-0.07382502333616969
2007,12,5.6901060612,5.677128416303639,Gradient Boosting,0.012977644896360552
2008,1,4.7865969468,4.9075306205539615,Gradient Boosting,-0.12093367375396191
2008,2,3.988830789,3.9338516492827784,Gradient Boosting,0.05497913971722168
2008,3,6.3821292624,6.425694636163057,Gradient Boosting,-0.043565373763057025
2008,4,9.5731938936,9.365293957214782,Gradient Boosting,0.20789993638521764
2008,5,11.1687262092,11.201689610790936,Gradient Boosting,-0.03296340159093525
2008,6,7.977661578,7.915747232473313,Gradient Boosting,0.061914345526687065
2008,7,4.7865969468,4.83693960028348,Gradient Boosting,-0.050342653483480326
2008,8,3.988830789,4.017544338498375,Gradient Boosting,-0.028713549498375013
2008,9,4.7865969468,4.769191142582758,Gradient Boosting,0.01740580421724136
2008,10,7.977661578,7.970738904866145,Gradient Boosting,0.006922673133855639
2008,11,9.5731938936,9.510144148400036,Gradient Boosting,0.06304974519996343
2008,12,4.7865969468,4.806423436324163,Gradient Boosting,-0.01982648952416355
2009,1,4.6557684545999996,4.5748454130174645,Gradient Boosting,0.08092304158253505
2009,2,3.8798070455,3.9134964230164258,Gradient Boosting,-0.033689377516425534
2009,3,6.2076912728,6.226014934933192,Gradient Boosting,-0.018323662133192364
2009,4,9.311536909199999,9.131323962349045,Gradient Boosting,0.18021294685095413
2009,5,10.863459727400002,10.81112977628394,Gradient Boosting,0.052329951116062645
2009,6,7.759614091,7.828527826267698,Gradient Boosting,-0.06891373526769762
2009,7,4.6557684545999996,4.77426967954154,Gradient Boosting,-0.11850122494154025
2009,8,3.8798070455,3.9152427546757416,Gradient Boosting,-0.03543570917574135
2009,9,4.6557684545999996,4.651231507379947,Gradient Boosting,0.00453694722005249
2009,10,7.759614091,7.785165800591686,Gradient Boosting,-0.025551709591685956
2009,11,9.311536909199999,9.316344938577586,Gradient Boosting,-0.004808029377587175
2009,12,4.6557684545999996,4.693208056778553,Gradient Boosting,-0.037439602178553244
2010,1,4.8163530444,4.764278246534247,Gradient Boosting,0.05207479786575231
2010,1,4.8163530444,4.788513794502583,Gradient Boosting,0.027839249897416707
2010,1,4.8163530444,4.834641575004319,Gradient Boosting,-0.018288530604319675
2010,1,4.8163530444,4.836583161119139,Gradient Boosting,-0.02023011671913988
2010,1,4.8163530444,4.855737387784086,Gradient Boosting,-0.039384343384086584
2010,1,4.8163530444,4.82438536152823,Gradient Boosting,-0.008032317128230382
2010,1,4.8163530444,4.830422098272027,Gradient Boosting,-0.014069053872027837
2010,1,4.8163530444,4.82427403171932,Gradient Boosting,-0.007920987319320005
2010,2,4.0136275370000005,4.046102821328419,Gradient Boosting,-0.0324752843284184
2010,2,4.0136275370000005,4.019313839710281,Gradient Boosting,-0.0056863027102806996
2010,2,4.0136275370000005,4.028858669399574,Gradient Boosting,-0.015231132399573077
2010,2,4.0136275370000005,4.018501421641135,Gradient Boosting,-0.004873884641134474
2010,2,4.0136275370000005,4.025619841715145,Gradient Boosting,-0.011992304715144897
2010,2,4.0136275370000005,4.022192225089524,Gradient Boosting,-0.00856468808952382
2010,2,4.0136275370000005,4.014540839518921,Gradient Boosting,-0.0009133025189207444
2010,2,4.0136275370000005,4.001068375672788,Gradient Boosting,0.012559161327212465
2010,3,6.4218040592,6.408229532883338,Gradient Boosting,0.01357452631666245
2010,3,6.4218040592,6.451233828920044,Gradient Boosting,-0.02942976972004363
2010,3,6.4218040592,6.445928335622749,Gradient Boosting,-0.02412427642274828
2010,3,6.4218040592,6.432425616330823,Gradient Boosting,-0.0106215571308228
2010,3,6.4218040592,6.449647544740822,Gradient Boosting,-0.02784348554082161
2010,3,6.4218040592,6.442192637031119,Gradient Boosting,-0.02038857783111858
2010,3,6.4218040592,6.466828538027302,Gradient Boosting,-0.045024478827301984
2010,3,6.4218040592,6.462604854845405,Gradient Boosting,-0.04080079564540462
2010,4,9.6327060888,9.643296765045168,Gradient Boosting,-0.01059067624516885
2010,4,9.6327060888,9.641924064645782,Gradient Boosting,-0.009217975845782433
2010,4,9.6327060888,9.649262254675772,Gradient Boosting,-0.016556165875773132
2010,4,9.6327060888,9.629146078248422,Gradient Boosting,0.0035600105515776193
2010,4,9.6327060888,9.630549953849682,Gradient Boosting,0.002156134950316968
2010,4,9.6327060888,9.637396353900193,Gradient Boosting,-0.004690265100194324
2010,4,9.6327060888,9.670678975659918,Gradient Boosting,-0.03797288685991873
2010,4,9.6327060888,9.664424449021821,Gradient Boosting,-0.03171836022182184
2010,5,11.2381571036,11.242766071268994,Gradient Boosting,-0.0046089676689931025
2010,5,11.2381571036,11.217261490424866,Gradient Boosting,0.020895613175134997
2010,5,11.2381571036,11.262901429205163,Gradient Boosting,-0.024744325605162487
2010,5,11.2381571036,11.222997197264952,Gradient Boosting,0.01515990633504849
2010,5,11.2381571036,11.241264306916346,Gradient Boosting,-0.003107203316345064
2010,5,11.2381571036,11.222960367693886,Gradient Boosting,0.015196735906114256
2010,5,11.2381571036,11.23467174363807,Gradient Boosting,0.0034853599619300013
2010,5,11.2381571036,11.22188475550779,Gradient Boosting,0.01627234809221001
2010,6,8.027255074000001,8.017074600394002,Gradient Boosting,0.010180473605998941
2010,6,8.027255074000001,8.035701857383808,Gradient Boosting,-0.008446783383806888
2010,6,8.027255074000001,8.031316485887682,Gradient Boosting,-0.004061411887681388
2010,6,8.027255074000001,8.031863762052456,Gradient Boosting,-0.004608688052455179
2010,6,8.027255074000001,8.027183046857273,Gradient Boosting,7.20271427283592e-05
2010,6,8.027255074000001,8.041168693580135,Gradient Boosting,-0.013913619580133485
2010,6,8.027255074000001,8.015702017736468,Gradient Boosting,0.011553056263533534
2010,6,8.027255074000001,8.009513851282266,Gradient Boosting,0.017741222717734928
2010,7,4.8163530444,4.775711539360363,Gradient Boosting,0.040641505039636705
2010,7,4.8163530444,4.835834321540019,Gradient Boosting,-0.019481277140019237
2010,7,4.8163530444,4.829407156134038,Gradient Boosting,-0.013054111734038365
2010,7,4.8163530444,4.8338441239664895,Gradient Boosting,-0.017491079566489987
2010,7,4.8163530444,4.843825554407683,Gradient Boosting,-0.02747251000768358
2010,7,4.8163530444,4.836144946701039,Gradient Boosting,-0.019791902301039777
2010,7,4.8163530444,4.812800948807634,Gradient Boosting,0.0035520955923651343
2010,7,4.8163530444,4.804648140260869,Gradient Boosting,0.011704904139130612
2010,8,4.0136275370000005,3.995660142570397,Gradient Boosting,0.01796739442960371
2010,8,4.0136275370000005,4.027379826243239,Gradient Boosting,-0.013752289243238458
2010,8,4.0136275370000005,4.028069249630518,Gradient Boosting,-0.014441712630517856
2010,8,4.0136275370000005,4.0302664093268055,Gradient Boosting,-0.016638872326804943
2010,8,4.0136275370000005,4.015755033384708,Gradient Boosting,-0.002127496384707328
2010,8,4.0136275370000005,4.033052794984846,Gradient Boosting,-0.019425257984845068
2010,8,4.0136275370000005,4.031158160761135,Gradient Boosting,-0.017530623761134123
2010,8,4.0136275370000005,4.01739416225969,Gradient Boosting,-0.0037666252596890715
2010,9,4.8163530444,4.809441317657181,Gradient Boosting,0.00691172674281848
2010,9,4.8163530444,4.806266940939371,Gradient Boosting,0.01008610346062877
2010,9,4.8163530444,4.827946324256197,Gradient Boosting,-0.011593279856197292
2010,9,4.8163530444,4.8127701918916905,Gradient Boosting,0.0035828525083090312
2010,9,4.8163530444,4.799356457016375,Gradient Boosting,0.016996587383624195
2010,9,4.8163530444,4.80533241540325,Gradient Boosting,0.01102062899674916
2010,9,4.8163530444,4.819713300588669,Gradient Boosting,-0.0033602561886691973
2010,9,4.8163530444,4.8080367155095445,Gradient Boosting,0.008316328890455083
2010,10,8.027255074000001,7.997236035206335,Gradient Boosting,0.030019038793666297
2010,10,8.027255074000001,8.010514830713028,Gradient Boosting,0.01674024328697321
2010,10,8.027255074000001,8.019225865850567,Gradient Boosting,0.008029208149434197
2010,10,8.027255074000001,8.033640266196977,Gradient Boosting,-0.006385192196976419
2010,10,8.027255074000001,8.019432601084505,Gradient Boosting,0.007822472915496093
2010,10,8.027255074000001,8.022963156320829,Gradient Boosting,0.00429191767917203
2010,10,8.027255074000001,8.025848592307698,Gradient Boosting,0.0014064816923031742
2010,10,8.027255074000001,8.062255679091624,Gradient Boosting,-0.03500060509162317
2010,11,9.6327060888,9.648406844670442,Gradient Boosting,-0.015700755870442507
2010,11,9.6327060888,9.62721464676014,Gradient Boosting,0.005491442039859962
2010,11,9.6327060888,9.632140524070376,Gradient Boosting,0.0005655647296229915
2010,11,9.6327060888,9.64000772092182,Gradient Boosting,-0.007301632121821555
2010,11,9.6327060888,9.647755188000458,Gradient Boosting,-0.015049099200458826
2010,11,9.6327060888,9.643456376081593,Gradient Boosting,-0.010750287281593884
2010,11,9.6327060888,9.638739594422228,Gradient Boosting,-0.00603350562222893
2010,11,9.6327060888,9.65437201466525,Gradient Boosting,-0.021665925865251623
2010,12,4.8163530444,4.805068701432278,Gradient Boosting,0.011284342967721628
2010,12,4.8163530444,4.815341896078569,Gradient Boosting,0.0010111483214307881
2010,12,4.8163530444,4.811700023814079,Gradient Boosting,0.004653020585920764
2010,12,4.8163530444,4.808045701809877,Gradient Boosting,0.00830734259012278
2010,12,4.8163530444,4.8103068234739474,Gradient Boosting,0.006046220926052115
2010,12,4.8163530444,4.812249685714447,Gradient Boosting,0.004103358685553005
2010,12,4.8163530444,4.804708611053587,Gradient Boosting,0.01164443334641252
2010,12,4.8163530444,4.8020329179601,Gradient Boosting,0.014320126439899994
2011,1,4.9549168757999995,4.892810136646557,Gradient Boosting,0.06210673915344245
2011,1,4.9549168757999995,4.972702216385205,Gradient Boosting,-0.01778534058520531
2011,1,4.9549168757999995,4.971468836821361,Gradient Boosting,-0.016551961021361805
2011,1,4.9549168757999995,4.9597676291174935,Gradient Boosting,-0.004850753317493961
2011,1,4.9549168757999995,4.963377868685502,Gradient Boosting,-0.008460992885502172
2011,1,4.9549168757999995,4.965050662025893,Gradient Boosting,-0.010133786225893893
2011,1,4.9549168757999995,4.954182261722099,Gradient Boosting,0.0007346140779000976
2011,1,4.9549168757999995,4.969086777376894,Gradient Boosting,-0.014169901576894794
2011,2,4.1290973965,4.178850325685954,Gradient Boosting,-0.04975292918595464
2011,2,4.1290973965,4.11969022902624,Gradient Boosting,0.009407167473759692
2011,2,4.1290973965,4.117590194601085,Gradient Boosting,0.01150720189891441
2011,2,4.1290973965,4.121214545965928,Gradient Boosting,0.007882850534072006
2011,2,4.1290973965,4.126982396652162,Gradient Boosting,0.0021149998478380283
2011,2,4.1290973965,4.127675456897773,Gradient Boosting,0.0014219396022268072
2011,2,4.1290973965,4.118963750007331,Gradient Boosting,0.010133646492668902
2011,2,4.1290973965,4.111667566420676,Gradient Boosting,0.017429830079323416
2011,3,6.6065558344,6.619075881703356,Gradient Boosting,-0.012520047303356208
2011,3,6.6065558344,6.6282556185552775,Gradient Boosting,-0.021699784155277513
2011,3,6.6065558344,6.617579077098553,Gradient Boosting,-0.011023242698553481
2011,3,6.6065558344,6.614364579165469,Gradient Boosting,-0.007808744765468667
2011,3,6.6065558344,6.607046191880691,Gradient Boosting,-0.0004903574806913724
2011,3,6.6065558344,6.6257675333601345,Gradient Boosting,-0.019211698960134527
2011,3,6.6065558344,6.655038181403533,Gradient Boosting,-0.04848234700353338
2011,3,6.6065558344,6.63792980876717,Gradient Boosting,-0.031373974367170376
2011,4,9.909833751599999,9.8244185925269,Gradient Boosting,0.08541515907309893
2011,4,9.909833751599999,9.885268234985364,Gradient Boosting,0.024565516614634575
2011,4,9.909833751599999,9.901695093230309,Gradient Boosting,0.008138658369690077
2011,4,9.909833751599999,9.890326753373651,Gradient Boosting,0.019506998226347605
2011,4,9.909833751599999,9.884424924847703,Gradient Boosting,0.02540882675229561
2011,4,9.909833751599999,9.877218101162018,Gradient Boosting,0.03261565043798065
2011,4,9.909833751599999,9.898767630916216,Gradient Boosting,0.011066120683782543
2011,4,9.909833751599999,9.884167190848158,Gradient Boosting,0.025666560751840706
2011,5,11.5614727102,11.541208557637129,Gradient Boosting,0.02026415256287173
2011,5,11.5614727102,11.556527874191842,Gradient Boosting,0.0049448360081587595
2011,5,11.5614727102,11.593644467372092,Gradient Boosting,-0.032171757172092086
2011,5,11.5614727102,11.596120700806757,Gradient Boosting,-0.03464799060675716
2011,5,11.5614727102,11.575814072789038,Gradient Boosting,-0.014341362589037843
2011,5,11.5614727102,11.55511551365499,Gradient Boosting,0.006357196545010879
2011,5,11.5614727102,11.551729221339025,Gradient Boosting,0.009743488860975091
2011,5,11.5614727102,11.554359598591617,Gradient Boosting,0.007113111608383349
2011,6,8.258194793,8.314625353484749,Gradient Boosting,-0.05643056048474904
2011,6,8.258194793,8.221802367275227,Gradient Boosting,0.03639242572477208
2011,6,8.258194793,8.217679163397303,Gradient Boosting,0.04051562960269628
2011,6,8.258194793,8.216275911597904,Gradient Boosting,0.04191888140209521
2011,6,8.258194793,8.240124556779639,Gradient Boosting,0.018070236220360414
2011,6,8.258194793,8.221069018406547,Gradient Boosting,0.03712577459345212
2011,6,8.258194793,8.17602494482724,Gradient Boosting,0.08216984817275907
2011,6,8.258194793,8.187386390323475,Gradient Boosting,0.07080840267652455
2011,7,4.9549168757999995,4.972265301581025,Gradient Boosting,-0.01734842578102569
2011,7,4.9549168757999995,4.978713310603188,Gradient Boosting,-0.02379643480318805
2011,7,4.9549168757999995,4.981987637001525,Gradient Boosting,-0.027070761201525073
2011,7,4.9549168757999995,4.968763602909626,Gradient Boosting,-0.013846727109626755
2011,7,4.9549168757999995,4.980042408171207,Gradient Boosting,-0.025125532371207626
2011,7,4.9549168757999995,4.97445379427655,Gradient Boosting,-0.01953691847655037
2011,7,4.9549168757999995,4.971270880540551,Gradient Boosting,-0.01635400474055171
2011,7,4.9549168757999995,4.965996038058913,Gradient Boosting,-0.011079162258913478
2011,8,4.1290973965,4.137473708332876,Gradient Boosting,-0.008376311832876127
2011,8,4.1290973965,4.144845745362419,Gradient Boosting,-0.01574834886241927
2011,8,4.1290973965,4.133540791521987,Gradient Boosting,-0.004443395021986873
2011,8,4.1290973965,4.169710775551243,Gradient Boosting,-0.04061337905124329
2011,8,4.1290973965,4.144481394225066,Gradient Boosting,-0.015383997725066045
2011,8,4.1290973965,4.144443394283952,Gradient Boosting,-0.015345997783952292
2011,8,4.1290973965,4.1580966009338365,Gradient Boosting,-0.028999204433836745
2011,8,4.1290973965,4.125654694253279,Gradient Boosting,0.003442702246720941
2011,9,4.9549168757999995,4.965128007804801,Gradient Boosting,-0.010211132004801726
2011,9,4.9549168757999995,4.962855269663817,Gradient Boosting,-0.007938393863817339
2011,9,4.9549168757999995,4.972799919546348,Gradient Boosting,-0.017883043746348193
2011,9,4.9549168757999995,4.963305271963943,Gradient Boosting,-0.00838839616394349
2011,9,4.9549168757999995,4.958474734538599,Gradient Boosting,-0.003557858738599151
2011,9,4.9549168757999995,4.9702499123591295,Gradient Boosting,-0.015333036559129987
2011,9,4.9549168757999995,4.95298119838201,Gradient Boosting,0.001935677417989723
2011,9,4.9549168757999995,4.943444625698972,Gradient Boosting,0.01147225010102737
2011,10,8.258194793,8.224430192879055,Gradient Boosting,0.03376460012094462
2011,10,8.258194793,8.195701320728276,Gradient Boosting,0.06249347227172386
2011,10,8.258194793,8.190979161935797,Gradient Boosting,0.0672156310642027
2011,10,8.258194793,8.197805654516737,Gradient Boosting,0.06038913848326288
2011,10,8.258194793,8.23201215402821,Gradient Boosting,0.02618263897178963
2011,10,8.258194793,8.197654024726251,Gradient Boosting,0.06054076827374821
2011,10,8.258194793,8.269925487720196,Gradient Boosting,-0.011730694720196055
2011,10,8.258194793,8.26112924113959,Gradient Boosting,-0.002934448139590984
2011,11,9.909833751599999,9.959638079276578,Gradient Boosting,-0.04980432767657916
2011,11,9.909833751599999,9.879016365697726,Gradient Boosting,0.030817385902272676
2011,11,9.909833751599999,9.875976573817683,Gradient Boosting,0.03385717778231623
2011,11,9.909833751599999,9.878941653824244,Gradient Boosting,0.03089209777575519
2011,11,9.909833751599999,9.896852202529999,Gradient Boosting,0.012981549070000042
2011,11,9.909833751599999,9.866178390303046,Gradient Boosting,0.04365536129695258
2011,11,9.909833751599999,9.860225749205402,Gradient Boosting,0.049608002394597506
2011,11,9.909833751599999,9.865731945826207,Gradient Boosting,0.04410180577379208
2011,12,4.9549168757999995,4.934101387464714,Gradient Boosting,0.020815488335285792
2011,12,4.9549168757999995,4.960956642682523,Gradient Boosting,-0.006039766882523168
2011,12,4.9549168757999995,4.956010219808321,Gradient Boosting,-0.0010933440083213952
2011,12,4.9549168757999995,4.961296119512323,Gradient Boosting,-0.006379243712323124
2011,12,4.9549168757999995,4.94898050815002,Gradient Boosting,0.0059363676499790685
2011,12,4.9549168757999995,4.953705870640785,Gradient Boosting,0.0012110051592149063
2011,12,4.9549168757999995,4.960833817777356,Gradient Boosting,-0.0059169419773565934
2011,12,4.9549168757999995,4.958498165479522,Gradient Boosting,-0.003581289679522648
2012,1,5.053509131999999,5.003285702114649,Gradient Boosting,0.050223429885350335
2012,1,5.053509131999999,5.070738673523386,Gradient Boosting,-0.017229541523386516
2012,1,5.053509131999999,5.078117841165791,Gradient Boosting,-0.02460870916579161
2012,1,5.053509131999999,5.054466127079369,Gradient Boosting,-0.000956995079369527
2012,1,5.053509131999999,5.05909590914805,Gradient Boosting,-0.005586777148050892
2012,1,5.053509131999999,5.056160739370982,Gradient Boosting,-0.0026516073709830223
2012,1,5.053509131999999,5.048324059188704,Gradient Boosting,0.0051850728112956546
2012,1,5.053509131999999,5.060355162445476,Gradient Boosting,-0.006846030445476714
2012,2,4.21125761,4.235941156624371,Gradient Boosting,-0.02468354662437111
2012,2,4.21125761,4.214275028732962,Gradient Boosting,-0.0030174187329619073
2012,2,4.21125761,4.200191506345643,Gradient Boosting,0.011066103654356674
2012,2,4.21125761,4.204381034160054,Gradient Boosting,0.006876575839945609
2012,2,4.21125761,4.220115506741179,Gradient Boosting,-0.008857896741178983
2012,2,4.21125761,4.211320216501976,Gradient Boosting,-6.260650197642548e-05
2012,2,4.21125761,4.212289982883668,Gradient Boosting,-0.0010323728836683088
2012,2,4.21125761,4.211613630270191,Gradient Boosting,-0.0003560202701917703
2012,3,6.738012176,6.677403337146066,Gradient Boosting,0.06060883885393409
2012,3,6.738012176,6.736676270046439,Gradient Boosting,0.001335905953561145
2012,3,6.738012176,6.712887984580053,Gradient Boosting,0.025124191419946484
2012,3,6.738012176,6.7193937063537845,Gradient Boosting,0.018618469646215274
2012,3,6.738012176,6.696952399967719,Gradient Boosting,0.04105977603228084
2012,3,6.738012176,6.724932165890324,Gradient Boosting,0.013080010109676188
2012,3,6.738012176,6.749143090920547,Gradient Boosting,-0.011130914920546964
2012,3,6.738012176,6.754849479157049,Gradient Boosting,-0.016837303157049455
2012,4,10.107018263999999,10.07954533607104,Gradient Boosting,0.027472927928958057
2012,4,10.107018263999999,10.125059275097918,Gradient Boosting,-0.018041011097919224
2012,4,10.107018263999999,10.124815613576601,Gradient Boosting,-0.017797349576602173
2012,4,10.107018263999999,10.104572365269625,Gradient Boosting,0.002445898730373486
2012,4,10.107018263999999,10.121560771086076,Gradient Boosting,-0.01454250708607674
2012,4,10.107018263999999,10.115342079332004,Gradient Boosting,-0.008323815332005324
2012,4,10.107018263999999,10.141473282896033,Gradient Boosting,-0.03445501889603442
2012,4,10.107018263999999,10.141521963222283,Gradient Boosting,-0.03450369922228447
2012,5,11.791521308,11.758873345027952,Gradient Boosting,0.03264796297204775
2012,5,11.791521308,11.824549731046377,Gradient Boosting,-0.03302842304637643
2012,5,11.791521308,11.810364465692963,Gradient Boosting,-0.018843157692963075
2012,5,11.791521308,11.791474111307975,Gradient Boosting,4.7196692024797926e-05
2012,5,11.791521308,11.803045961895975,Gradient Boosting,-0.011524653895975234
2012,5,11.791521308,11.790981252790633,Gradient Boosting,0.0005400552093668409
2012,5,11.791521308,11.78534066701265,Gradient Boosting,0.006180640987350827
2012,5,11.791521308,11.78853149016215,Gradient Boosting,0.0029898178378502394
2012,6,8.42251522,8.4347502423181,Gradient Boosting,-0.012235022318101585
2012,6,8.42251522,8.413350740256302,Gradient Boosting,0.009164479743697385
2012,6,8.42251522,8.439111547984242,Gradient Boosting,-0.016596327984242265
2012,6,8.42251522,8.41460269952951,Gradient Boosting,0.00791252047048907
2012,6,8.42251522,8.43508110482166,Gradient Boosting,-0.012565884821659878
2012,6,8.42251522,8.446809245807794,Gradient Boosting,-0.024294025807794384
2012,6,8.42251522,8.424068505348565,Gradient Boosting,-0.0015532853485655806
2012,6,8.42251522,8.468619222822559,Gradient Boosting,-0.046104002822559664
2012,7,5.053509131999999,5.095944508945283,Gradient Boosting,-0.04243537694528321
2012,7,5.053509131999999,5.057408849563351,Gradient Boosting,-0.0038997175633515013
2012,7,5.053509131999999,5.046991037204105,Gradient Boosting,0.006518094795894491
2012,7,5.053509131999999,5.048795585798956,Gradient Boosting,0.0047135462010432505
2012,7,5.053509131999999,5.0581612371110785,Gradient Boosting,-0.004652105111079052
2012,7,5.053509131999999,5.075922956050052,Gradient Boosting,-0.022413824050052433
2012,7,5.053509131999999,5.049913527969412,Gradient Boosting,0.0035956040305871184
2012,7,5.053509131999999,5.0497956235421695,Gradient Boosting,0.003713508457829917
2012,8,4.21125761,4.217811244111092,Gradient Boosting,-0.0065536341110927765
2012,8,4.21125761,4.229191606006088,Gradient Boosting,-0.01793399600608847
2012,8,4.21125761,4.222080239634545,Gradient Boosting,-0.0108226296345455
2012,8,4.21125761,4.22669691440828,Gradient Boosting,-0.015439304408280563
2012,8,4.21125761,4.225106104211907,Gradient Boosting,-0.013848494211907258
2012,8,4.21125761,4.225077962250811,Gradient Boosting,-0.013820352250811574
2012,8,4.21125761,4.240718507415392,Gradient Boosting,-0.02946089741539204
2012,8,4.21125761,4.216688717390938,Gradient Boosting,-0.00543110739093855
2012,9,5.053509131999999,5.0091105165523375,Gradient Boosting,0.04439861544766188
2012,9,5.053509131999999,5.063241651952163,Gradient Boosting,-0.00973251995216362
2012,9,5.053509131999999,5.058557541581506,Gradient Boosting,-0.005048409581506874
2012,9,5.053509131999999,5.041207194006398,Gradient Boosting,0.012301937993601797
2012,9,5.053509131999999,5.032034595584773,Gradient Boosting,0.021474536415226453
2012,9,5.053509131999999,5.041494917629807,Gradient Boosting,0.012014214370192455
2012,9,5.053509131999999,5.024565252072071,Gradient Boosting,0.028943879927928684
2012,9,5.053509131999999,5.021902074655819,Gradient Boosting,0.031607057344180234
2012,10,8.42251522,8.357324594610336,Gradient Boosting,0.06519062538966303
2012,10,8.42251522,8.462141191377547,Gradient Boosting,-0.0396259713775482
2012,10,8.42251522,8.462783839478572,Gradient Boosting,-0.04026861947857263
2012,10,8.42251522,8.463166447780862,Gradient Boosting,-0.04065122778086305
2012,10,8.42251522,8.45737618664791,Gradient Boosting,-0.034860966647910274
2012,10,8.42251522,8.453202724035064,Gradient Boosting,-0.030687504035064705
2012,10,8.42251522,8.43300410643821,Gradient Boosting,-0.010488886438210443
2012,10,8.42251522,8.478162948557033,Gradient Boosting,-0.055647728557033815
2012,11,10.107018263999999,10.065461138277053,Gradient Boosting,0.0415571257229459
2012,11,10.107018263999999,10.11757301302265,Gradient Boosting,-0.010554749022650967
2012,11,10.107018263999999,10.109266718467056,Gradient Boosting,-0.00224845446705757
2012,11,10.107018263999999,10.109532799393973,Gradient Boosting,-0.002514535393974171
2012,11,10.107018263999999,10.12761790804478,Gradient Boosting,-0.020599644044780874
2012,11,10.107018263999999,10.116048039966511,Gradient Boosting,-0.009029775966512332
2012,11,10.107018263999999,10.082832327126935,Gradient Boosting,0.024185936873063696
2012,11,10.107018263999999,10.069085012885635,Gradient Boosting,0.03793325111436374
2012,12,5.053509131999999,5.053926067409795,Gradient Boosting,-0.00041693540979537147
2012,12,5.053509131999999,5.064526402586645,Gradient Boosting,-0.011017270586645367
2012,12,5.053509131999999,5.068651781733878,Gradient Boosting,-0.015142649733878244
2012,12,5.053509131999999,5.065127149065035,Gradient Boosting,-0.011618017065035957
2012,12,5.053509131999999,5.056851114444759,Gradient Boosting,-0.0033419824447600277
2012,12,5.053509131999999,5.072058730012892,Gradient Boosting,-0.018549598012892687
2012,12,5.053509131999999,5.062201964963453,Gradient Boosting,-0.00869283296345369
2012,12,5.053509131999999,5.06400603994654,Gradient Boosting,-0.010496907946540901
2013,1,5.126418222,5.091314899906488,Gradient Boosting,0.03510332209351219
2013,1,5.126418222,5.12762029166269,Gradient Boosting,-0.0012020696626899863
2013,1,5.126418222,5.119241874927947,Gradient Boosting,0.007176347072053169
2013,1,5.126418222,5.123283418611029,Gradient Boosting,0.003134803388970653
2013,1,5.126418222,5.122907608863126,Gradient Boosting,0.0035106131368740634
2013,1,5.126418222,5.107761323547273,Gradient Boosting,0.018656898452726445
2013,1,5.126418222,5.0966302228677955,Gradient Boosting,0.029787999132204313
2013,1,5.126418222,5.1069530161582195,Gradient Boosting,0.019465205841780353
2013,2,4.272015185,4.3043519187130235,Gradient Boosting,-0.03233673371302359
2013,2,4.272015185,4.271051434390156,Gradient Boosting,0.0009637506098441051
2013,2,4.272015185,4.271719807195357,Gradient Boosting,0.00029537780464305996
2013,2,4.272015185,4.26108260892358,Gradient Boosting,0.010932576076419842
2013,2,4.272015185,4.267164055644943,Gradient Boosting,0.004851129355056827
2013,2,4.272015185,4.268600113209202,Gradient Boosting,0.003415071790797697
2013,2,4.272015185,4.256741539824586,Gradient Boosting,0.015273645175414075
2013,2,4.272015185,4.2673192413278835,Gradient Boosting,0.004695943672116343
2013,3,6.835224296,6.834294072605917,Gradient Boosting,0.0009302233940831073
2013,3,6.835224296,6.815018532468725,Gradient Boosting,0.020205763531274457
2013,3,6.835224296,6.817213799241233,Gradient Boosting,0.01801049675876687
2013,3,6.835224296,6.832606137975756,Gradient Boosting,0.0026181580242434777
2013,3,6.835224296,6.8284448765613135,Gradient Boosting,0.006779419438686318
2013,3,6.835224296,6.812991824014471,Gradient Boosting,0.02223247198552869
2013,3,6.835224296,6.873417291898025,Gradient Boosting,-0.03819299589802494
2013,3,6.835224296,6.882009582057589,Gradient Boosting,-0.046785286057589026
2013,4,10.252836444,10.255705611993358,Gradient Boosting,-0.002869167993358346
2013,4,10.252836444,10.248610143491522,Gradient Boosting,0.0042263005084777205
2013,4,10.252836444,10.238657193593172,Gradient Boosting,0.014179250406828103
2013,4,10.252836444,10.256554917613617,Gradient Boosting,-0.0037184736136168794
2013,4,10.252836444,10.274900752070735,Gradient Boosting,-0.02206430807073545
2013,4,10.252836444,10.259213988247902,Gradient Boosting,-0.006377544247902378
2013,4,10.252836444,10.286771341495927,Gradient Boosting,-0.03393489749592682
2013,4,10.252836444,10.29640159650777,Gradient Boosting,-0.04356515250777093
2013,5,11.961642518000001,11.934755162119089,Gradient Boosting,0.026887355880912622
2013,5,11.961642518000001,11.939007653491984,Gradient Boosting,0.022634864508017216
2013,5,11.961642518000001,11.938123104354684,Gradient Boosting,0.0235194136453174
2013,5,11.961642518000001,11.921268824493517,Gradient Boosting,0.0403736935064849
2013,5,11.961642518000001,11.948840710944891,Gradient Boosting,0.012801807055110359
2013,5,11.961642518000001,11.936031002879671,Gradient Boosting,0.025611515120329997
2013,5,11.961642518000001,11.93456110694441,Gradient Boosting,0.02708141105559214
2013,5,11.961642518000001,11.93961183691876,Gradient Boosting,0.022030681081242065
2013,6,8.54403037,8.558414862009505,Gradient Boosting,-0.014384492009504868
2013,6,8.54403037,8.522869012105485,Gradient Boosting,0.02116135789451512
2013,6,8.54403037,8.517122248581941,Gradient Boosting,0.02690812141805843
2013,6,8.54403037,8.5152291905666,Gradient Boosting,0.028801179433399327
2013,6,8.54403037,8.524567030057293,Gradient Boosting,0.01946333994270688
2013,6,8.54403037,8.513991343023182,Gradient Boosting,0.030039026976817595
2013,6,8.54403037,8.500801550650348,Gradient Boosting,0.04322881934965217
2013,6,8.54403037,8.503829386522543,Gradient Boosting,0.040200983477456376
2013,7,5.126418222,5.164991190681498,Gradient Boosting,-0.038572968681497954
2013,7,5.126418222,5.120449424227641,Gradient Boosting,0.005968797772358592
2013,7,5.126418222,5.122496646957841,Gradient Boosting,0.0039215750421588425
2013,7,5.126418222,5.132899968836531,Gradient Boosting,-0.006481746836531244
2013,7,5.126418222,5.1285748567425244,Gradient Boosting,-0.002156634742524588
2013,7,5.126418222,5.13753600276169,Gradient Boosting,-0.011117780761690454
2013,7,5.126418222,5.090390643560838,Gradient Boosting,0.036027578439162156
2013,7,5.126418222,5.099271273109828,Gradient Boosting,0.027146948890171885
2013,8,4.272015185,4.286927855976776,Gradient Boosting,-0.014912670976776177
2013,8,4.272015185,4.287520988810042,Gradient Boosting,-0.01550580381004174
2013,8,4.272015185,4.267706588096343,Gradient Boosting,0.004308596903657147
2013,8,4.272015185,4.278769993729118,Gradient Boosting,-0.006754808729118267
2013,8,4.272015185,4.287028942237041,Gradient Boosting,-0.015013757237040792
2013,8,4.272015185,4.28885874413519,Gradient Boosting,-0.01684355913519031
2013,8,4.272015185,4.2880640685009705,Gradient Boosting,-0.016048883500970668
2013,8,4.272015185,4.2930800742980635,Gradient Boosting,-0.021064889298063605
2013,9,5.126418222,5.100255597272301,Gradient Boosting,0.026162624727699146
2013,9,5.126418222,5.118803182285375,Gradient Boosting,0.007615039714624849
2013,9,5.126418222,5.135341278682833,Gradient Boosting,-0.008923056682832886
2013,9,5.126418222,5.131450085995482,Gradient Boosting,-0.005031863995482055
2013,9,5.126418222,5.124248214700883,Gradient Boosting,0.0021700072991164276
2013,9,5.126418222,5.127296086548404,Gradient Boosting,-0.000877864548404439
2013,9,5.126418222,5.112427767420118,Gradient Boosting,0.013990454579881906
2013,9,5.126418222,5.115390095239979,Gradient Boosting,0.01102812676002074
2013,10,8.54403037,8.47921626110804,Gradient Boosting,0.06481410889196049
2013,10,8.54403037,8.585245724933294,Gradient Boosting,-0.041215354933294535
2013,10,8.54403037,8.59447067970867,Gradient Boosting,-0.05044030970866942
2013,10,8.54403037,8.59351913442711,Gradient Boosting,-0.049488764427110254
2013,10,8.54403037,8.57371973723882,Gradient Boosting,-0.029689367238820097
2013,10,8.54403037,8.568879612923553,Gradient Boosting,-0.02484924292355295
2013,10,8.54403037,8.558154924921622,Gradient Boosting,-0.014124554921622234
2013,10,8.54403037,8.600017243673891,Gradient Boosting,-0.055986873673891324
2013,11,10.252836444,10.167923927518416,Gradient Boosting,0.08491251648158382
2013,11,10.252836444,10.230067201284994,Gradient Boosting,0.02276924271500569
2013,11,10.252836444,10.215842989750556,Gradient Boosting,0.03699345424944411
2013,11,10.252836444,10.217423349055048,Gradient Boosting,0.035413094944951595
2013,11,10.252836444,10.22947772086295,Gradient Boosting,0.023358723137048898
2013,11,10.252836444,10.217663926007969,Gradient Boosting,0.035172517992030805
2013,11,10.252836444,10.199909175871815,Gradient Boosting,0.052927268128184934
2013,11,10.252836444,10.21884276831307,Gradient Boosting,0.03399367568692924
2013,12,5.126418222,5.13185086726783,Gradient Boosting,-0.005432645267830161
2013,12,5.126418222,5.132921037266096,Gradient Boosting,-0.006502815266095752
2013,12,5.126418222,5.119213860508539,Gradient Boosting,0.007204361491460531
2013,12,5.126418222,5.131802395940292,Gradient Boosting,-0.005384173940291781
2013,12,5.126418222,5.129426693771224,Gradient Boosting,-0.003008471771224208
2013,12,5.126418222,5.138353231664014,Gradient Boosting,-0.01193500966401384
2013,12,5.126418222,5.1285031690943095,Gradient Boosting,-0.0020849470943096193
2013,12,5.126418222,5.128782798208314,Gradient Boosting,-0.0023645762083139843
2014,1,5.0658494064,5.041825252844636,Gradient Boosting,0.024024153555363803
2014,1,5.0658494064,5.065673814907964,Gradient Boosting,0.00017559149203627555
2014,1,5.0658494064,5.071087704968148,Gradient Boosting,-0.005238298568148281
2014,1,5.0658494064,5.063054399494159,Gradient Boosting,0.002795006905841113
2014,1,5.0658494064,5.0635357368134715,Gradient Boosting,0.002313669586528455
2014,1,5.0658494064,5.062657844983809,Gradient Boosting,0.0031915614161910355
2014,1,5.0658494064,5.055643554871984,Gradient Boosting,0.010205851528016119
2014,1,5.0658494064,5.066189471268532,Gradient Boosting,-0.0003400648685323304
2014,2,4.221541172,4.276903322851269,Gradient Boosting,-0.05536215085126894
2014,2,4.221541172,4.223898547180666,Gradient Boosting,-0.0023573751806660326
2014,2,4.221541172,4.21819022634553,Gradient Boosting,0.003350945654470472
2014,2,4.221541172,4.228346782452132,Gradient Boosting,-0.006805610452131461
2014,2,4.221541172,4.218919513308608,Gradient Boosting,0.0026216586913925255
2014,2,4.221541172,4.223922608197146,Gradient Boosting,-0.002381436197145703
2014,2,4.221541172,4.215836408073047,Gradient Boosting,0.0057047639269534045
2014,2,4.221541172,4.216720851936287,Gradient Boosting,0.004820320063712913
2014,3,6.7544658752,6.740583470050136,Gradient Boosting,0.013882405149864496
2014,3,6.7544658752,6.755869124121174,Gradient Boosting,-0.0014032489211741606
2014,3,6.7544658752,6.726133728557371,Gradient Boosting,0.028332146642629397
2014,3,6.7544658752,6.7789993343814965,Gradient Boosting,-0.024533459181496298
2014,3,6.7544658752,6.748292642974658,Gradient Boosting,0.006173232225342495
2014,3,6.7544658752,6.745244219840554,Gradient Boosting,0.009221655359445968
2014,3,6.7544658752,6.786646154483229,Gradient Boosting,-0.03218027928322886
2014,3,6.7544658752,6.78051471765861,Gradient Boosting,-0.026048842458609833
2014,4,10.1316988128,10.00366260025551,Gradient Boosting,0.12803621254449027
2014,4,10.1316988128,10.153379881776486,Gradient Boosting,-0.021681068976485918
2014,4,10.1316988128,10.159186284883043,Gradient Boosting,-0.027487472083043585
2014,4,10.1316988128,10.146657375669102,Gradient Boosting,-0.014958562869102465
2014,4,10.1316988128,10.163590299472002,Gradient Boosting,-0.031891486672002145
2014,4,10.1316988128,10.14975431782784,Gradient Boosting,-0.01805550502784037
2014,4,10.1316988128,10.175369343951855,Gradient Boosting,-0.043670531151855485
2014,4,10.1316988128,10.14713824413155,Gradient Boosting,-0.01543943133155068
2014,5,11.820315281600001,11.75808764202214,Gradient Boosting,0.06222763957786093
2014,5,11.820315281600001,11.834286217459786,Gradient Boosting,-0.013970935859784817
2014,5,11.820315281600001,11.838892873511769,Gradient Boosting,-0.01857759191176811
2014,5,11.820315281600001,11.79763277223181,Gradient Boosting,0.022682509368191717
2014,5,11.820315281600001,11.817938848754103,Gradient Boosting,0.0023764328458977246
2014,5,11.820315281600001,11.81157660229643,Gradient Boosting,0.008738679303570862
2014,5,11.820315281600001,11.79659446934803,Gradient Boosting,0.023720812251971424
2014,5,11.820315281600001,11.795949110517512,Gradient Boosting,0.024366171082489174
2014,6,8.443082344,8.492329817201442,Gradient Boosting,-0.04924747320144185
2014,6,8.443082344,8.452603927253609,Gradient Boosting,-0.009521583253608412
2014,6,8.443082344,8.44887976776326,Gradient Boosting,-0.005797423763260312
2014,6,8.443082344,8.450949637659772,Gradient Boosting,-0.007867293659771235
2014,6,8.443082344,8.442360481962925,Gradient Boosting,0.0007218620370750273
2014,6,8.443082344,8.456905496669076,Gradient Boosting,-0.013823152669075967
2014,6,8.443082344,8.42037231935657,Gradient Boosting,0.022710024643430415
2014,6,8.443082344,8.417430847310452,Gradient Boosting,0.025651496689548026
2014,7,5.0658494064,5.157757490585544,Gradient Boosting,-0.09190808418554397
2014,7,5.0658494064,5.0758362454956725,Gradient Boosting,-0.00998683909567255
2014,7,5.0658494064,5.048997139854183,Gradient Boosting,0.01685226654581662
2014,7,5.0658494064,5.061904492813342,Gradient Boosting,0.003944913586657606
2014,7,5.0658494064,5.065699069046814,Gradient Boosting,0.00015033735318592534
2014,7,5.0658494064,5.075779228670069,Gradient Boosting,-0.009929822270069444
2014,7,5.0658494064,5.056554598658099,Gradient Boosting,0.009294807741900613
2014,7,5.0658494064,5.055383728868141,Gradient Boosting,0.010465677531859008
2014,8,4.221541172,4.251550309115298,Gradient Boosting,-0.030009137115297513
2014,8,4.221541172,4.231524303114661,Gradient Boosting,-0.009983131114660537
2014,8,4.221541172,4.238734411440645,Gradient Boosting,-0.01719323944064488
2014,8,4.221541172,4.232307405297784,Gradient Boosting,-0.010766233297784034
2014,8,4.221541172,4.229064013330398,Gradient Boosting,-0.007522841330398045
2014,8,4.221541172,4.237080539778535,Gradient Boosting,-0.015539367778535151
2014,8,4.221541172,4.2307593024971695,Gradient Boosting,-0.009218130497169241
2014,8,4.221541172,4.234174189174749,Gradient Boosting,-0.01263301717474885
2014,9,5.0658494064,5.016050219376605,Gradient Boosting,0.04979918702339514
2014,9,5.0658494064,5.047678269425335,Gradient Boosting,0.018171136974665103
2014,9,5.0658494064,5.056460389872064,Gradient Boosting,0.009389016527936
2014,9,5.0658494064,5.039122447059899,Gradient Boosting,0.02672695934010072
2014,9,5.0658494064,5.037215789785469,Gradient Boosting,0.02863361661453112
2014,9,5.0658494064,5.05146969448854,Gradient Boosting,0.01437971191145948
2014,9,5.0658494064,5.038568215099901,Gradient Boosting,0.02728119130009876
2014,9,5.0658494064,5.045378098241386,Gradient Boosting,0.020471308158613866
2014,10,8.443082344,8.445980789534602,Gradient Boosting,-0.0028984455346012794
2014,10,8.443082344,8.520846902809678,Gradient Boosting,-0.07776455880967781
2014,10,8.443082344,8.48459977143962,Gradient Boosting,-0.04151742743962039
2014,10,8.443082344,8.458368871914866,Gradient Boosting,-0.015286527914865289
2014,10,8.443082344,8.46734078530922,Gradient Boosting,-0.024258441309219947
2014,10,8.443082344,8.464675260154728,Gradient Boosting,-0.02159291615472725
2014,10,8.443082344,8.441202444037902,Gradient Boosting,0.0018798999620983636
2014,10,8.443082344,8.437993511699668,Gradient Boosting,0.005088832300332413
2014,11,10.1316988128,10.006996369981621,Gradient Boosting,0.1247024428183785
2014,11,10.1316988128,10.138640830052877,Gradient Boosting,-0.006942017252876909
2014,11,10.1316988128,10.115188767582286,Gradient Boosting,0.016510045217714264
2014,11,10.1316988128,10.120437620343674,Gradient Boosting,0.01126119245632573
2014,11,10.1316988128,10.138296872387672,Gradient Boosting,-0.006598059587672012
2014,11,10.1316988128,10.125759658572743,Gradient Boosting,0.005939154227256438
2014,11,10.1316988128,10.102131668391754,Gradient Boosting,0.029567144408245483
2014,11,10.1316988128,10.102070218195534,Gradient Boosting,0.029628594604465874
2014,12,5.0658494064,5.104250261603316,Gradient Boosting,-0.038400855203316375
2014,12,5.0658494064,5.079651577883835,Gradient Boosting,-0.013802171483835224
2014,12,5.0658494064,5.058549996309584,Gradient Boosting,0.00729941009041557
2014,12,5.0658494064,5.070864464555874,Gradient Boosting,-0.005015058155874108
2014,12,5.0658494064,5.077577525398656,Gradient Boosting,-0.011728118998656
2014,12,5.0658494064,5.082109488579895,Gradient Boosting,-0.01626008217989483
2014,12,5.0658494064,5.065679255959105,Gradient Boosting,0.00017015044089507825
2014,12,5.0658494064,5.062296144836367,Gradient Boosting,0.0035532615636331144
2015,1,4.907798133,4.876624023557313,Gradient Boosting,0.031174109442686948
2015,1,4.907798133,4.921554912020523,Gradient Boosting,-0.013756779020522636
2015,1,4.907798133,4.921428444143548,Gradient Boosting,-0.01363031114354829
2015,1,4.907798133,4.918207272054638,Gradient Boosting,-0.010409139054638139
2015,1,4.907798133,4.911808457995799,Gradient Boosting,-0.00401032499579923
2015,1,4.907798133,4.906678854484842,Gradient Boosting,0.0011192785151576956
2015,1,4.907798133,4.902312707020246,Gradient Boosting,0.005485425979753877
2015,1,4.907798133,4.9171420888025335,Gradient Boosting,-0.009343955802533443
2015,2,4.089831777500001,4.153625861771613,Gradient Boosting,-0.06379408427161248
2015,2,4.089831777500001,4.084668038039832,Gradient Boosting,0.005163739460168237
2015,2,4.089831777500001,4.086260948749152,Gradient Boosting,0.003570828750848243
2015,2,4.089831777500001,4.107810527917403,Gradient Boosting,-0.017978750417402267
2015,2,4.089831777500001,4.095306977071034,Gradient Boosting,-0.005475199571033151
2015,2,4.089831777500001,4.086899194464357,Gradient Boosting,0.0029325830356432547
2015,2,4.089831777500001,4.090951484124986,Gradient Boosting,-0.0011197066249852838
2015,2,4.089831777500001,4.08390343265975,Gradient Boosting,0.00592834484025051
2015,3,6.543730844000001,6.497951597282756,Gradient Boosting,0.045779246717244426
2015,3,6.543730844000001,6.5681785725908535,Gradient Boosting,-0.02444772859085287
2015,3,6.543730844000001,6.5671153347382285,Gradient Boosting,-0.023384490738227903
2015,3,6.543730844000001,6.53690520960848,Gradient Boosting,0.00682563439152073
2015,3,6.543730844000001,6.555690945158631,Gradient Boosting,-0.01196010115863011
2015,3,6.543730844000001,6.5640836547526185,Gradient Boosting,-0.020352810752617856
2015,3,6.543730844000001,6.568507276601775,Gradient Boosting,-0.02477643260177409
2015,3,6.543730844000001,6.584208124087701,Gradient Boosting,-0.040477280087700684
2015,4,9.815596266,9.819636892314582,Gradient Boosting,-0.004040626314582241
2015,4,9.815596266,9.835685912993869,Gradient Boosting,-0.020089646993868726
2015,4,9.815596266,9.844870160615827,Gradient Boosting,-0.029273894615826634
2015,4,9.815596266,9.834046809294955,Gradient Boosting,-0.018450543294955324
2015,4,9.815596266,9.845249870630475,Gradient Boosting,-0.029653604630475172
2015,4,9.815596266,9.846474097671623,Gradient Boosting,-0.030877831671622502
2015,4,9.815596266,9.843775204437978,Gradient Boosting,-0.028178938437978474
2015,4,9.815596266,9.859764953298086,Gradient Boosting,-0.044168687298085985
2015,5,11.451528977000002,11.386897889170273,Gradient Boosting,0.0646310878297296
2015,5,11.451528977000002,11.475123072469218,Gradient Boosting,-0.02359409546921576
2015,5,11.451528977000002,11.502650847731408,Gradient Boosting,-0.051121870731405394
2015,5,11.451528977000002,11.465682197690542,Gradient Boosting,-0.014153220690539925
2015,5,11.451528977000002,11.4800255788579,Gradient Boosting,-0.028496601857897375
2015,5,11.451528977000002,11.473676714505627,Gradient Boosting,-0.02214773750562493
2015,5,11.451528977000002,11.455986090064329,Gradient Boosting,-0.004457113064326279
2015,5,11.451528977000002,11.473835417623835,Gradient Boosting,-0.022306440623832913
2015,6,8.179663555000001,8.15945907367338,Gradient Boosting,0.020204481326620893
2015,6,8.179663555000001,8.192240867099514,Gradient Boosting,-0.012577312099512739
2015,6,8.179663555000001,8.185809736925082,Gradient Boosting,-0.0061461819250805405
2015,6,8.179663555000001,8.188792120585555,Gradient Boosting,-0.009128565585553972
2015,6,8.179663555000001,8.18163827019658,Gradient Boosting,-0.001974715196578103
2015,6,8.179663555000001,8.190160507492212,Gradient Boosting,-0.010496952492211165
2015,6,8.179663555000001,8.152817802652635,Gradient Boosting,0.026845752347366414
2015,6,8.179663555000001,8.162503909718177,Gradient Boosting,0.0171596452818239
2015,7,4.907798133,4.912109454977927,Gradient Boosting,-0.004311321977927385
2015,7,4.907798133,4.907761516035558,Gradient Boosting,3.661696444190454e-05
2015,7,4.907798133,4.902401198855546,Gradient Boosting,0.005396934144454413
2015,7,4.907798133,4.907545491500769,Gradient Boosting,0.0002526414992312098
2015,7,4.907798133,4.911189086573396,Gradient Boosting,-0.003390953573395805
2015,7,4.907798133,4.915571622808288,Gradient Boosting,-0.007773489808288403
2015,7,4.907798133,4.902326422602323,Gradient Boosting,0.005471710397676688
2015,7,4.907798133,4.908699263992695,Gradient Boosting,-0.000901130992694732
2015,8,4.089831777500001,4.123157223955943,Gradient Boosting,-0.03332544645594204
2015,8,4.089831777500001,4.098058226815609,Gradient Boosting,-0.008226449315608342
2015,8,4.089831777500001,4.098999311395543,Gradient Boosting,-0.00916753389554259
2015,8,4.089831777500001,4.105112308849449,Gradient Boosting,-0.015280531349448623
2015,8,4.089831777500001,4.090361298233844,Gradient Boosting,-0.0005295207338438246
2015,8,4.089831777500001,4.107414607823707,Gradient Boosting,-0.017582830323706666
2015,8,4.089831777500001,4.079379170928803,Gradient Boosting,0.01045260657119762
2015,8,4.089831777500001,4.096225697644973,Gradient Boosting,-0.006393920144972753
2015,9,4.907798133,4.8721182235445575,Gradient Boosting,0.03567990945544253
2015,9,4.907798133,4.900312515922808,Gradient Boosting,0.007485617077191975
2015,9,4.907798133,4.917974622120939,Gradient Boosting,-0.010176489120938825
2015,9,4.907798133,4.902159179048339,Gradient Boosting,0.00563895395166103
2015,9,4.907798133,4.900234504122022,Gradient Boosting,0.007563628877978346
2015,9,4.907798133,4.912513414307654,Gradient Boosting,-0.00471528130765364
2015,9,4.907798133,4.901602198247559,Gradient Boosting,0.006195934752440735
2015,9,4.907798133,4.89640285655223,Gradient Boosting,0.011395276447769831
2015,10,8.179663555000001,8.117819523617825,Gradient Boosting,0.06184403138217576
2015,10,8.179663555000001,8.166574153914896,Gradient Boosting,0.013089401085105479
2015,10,8.179663555000001,8.191430196918992,Gradient Boosting,-0.011766641918990572
2015,10,8.179663555000001,8.183775252252952,Gradient Boosting,-0.004111697252950464
2015,10,8.179663555000001,8.16410473856892,Gradient Boosting,0.015558816431081368
2015,10,8.179663555000001,8.16553803676469,Gradient Boosting,0.014125518235310608
2015,10,8.179663555000001,8.152330383743102,Gradient Boosting,0.027333171256898936
2015,10,8.179663555000001,8.161529526337102,Gradient Boosting,0.018134028662899482
2015,11,9.815596266,9.87321571717453,Gradient Boosting,-0.0576194511745296
2015,11,9.815596266,9.809139764670599,Gradient Boosting,0.006456501329401121
2015,11,9.815596266,9.8134780385886,Gradient Boosting,0.0021182274113993316
2015,11,9.815596266,9.80247664035365,Gradient Boosting,0.013119625646350386
2015,11,9.815596266,9.833093816353305,Gradient Boosting,-0.017497550353304803
2015,11,9.815596266,9.802256494880183,Gradient Boosting,0.013339771119817101
2015,11,9.815596266,9.804283044545057,Gradient Boosting,0.011313221454942735
2015,11,9.815596266,9.776845924811958,Gradient Boosting,0.03875034118804166
2015,12,4.907798133,4.917015239810359,Gradient Boosting,-0.009217106810359255
2015,12,4.907798133,4.901500431740512,Gradient Boosting,0.006297701259487809
2015,12,4.907798133,4.914810506869402,Gradient Boosting,-0.007012373869401678
2015,12,4.907798133,4.909392364773718,Gradient Boosting,-0.0015942317737183131
2015,12,4.907798133,4.9008059961704085,Gradient Boosting,0.006992136829591544
2015,12,4.907798133,4.913933364587703,Gradient Boosting,-0.006135231587703238
2015,12,4.907798133,4.914522805650773,Gradient Boosting,-0.00672467265077259
2015,12,4.907798133,4.9102044186936045,Gradient Boosting,-0.0024062856936044597
2016,1,4.635673264799999,4.646958300556754,Gradient Boosting,-0.01128503575675488
2016,1,4.635673264799999,4.6123767011645755,Gradient Boosting,0.023296563635423873
2016,1,4.635673264799999,4.6235094967040835,Gradient Boosting,0.012163768095915906
2016,1,4.635673264799999,4.623120999055678,Gradient Boosting,0.012552265744321112
2016,1,4.635673264799999,4.612534800327064,Gradient Boosting,0.023138464472935105
2016,1,4.635673264799999,4.616958701278968,Gradient Boosting,0.018714563521031735
2016,1,4.635673264799999,4.632269100554525,Gradient Boosting,0.003404164245474739
2016,1,4.635673264799999,4.621765467839221,Gradient Boosting,0.013907796960778818
2016,2,3.863061054,3.9086663682316365,Gradient Boosting,-0.045605314231636385
2016,2,3.863061054,3.867610192148986,Gradient Boosting,-0.004549138148985943
2016,2,3.863061054,3.863203780280454,Gradient Boosting,-0.00014272628045386426
2016,2,3.863061054,3.863436685632337,Gradient Boosting,-0.0003756316323371145
2016,2,3.863061054,3.8674735462613543,Gradient Boosting,-0.004412492261354206
2016,2,3.863061054,3.856107550113459,Gradient Boosting,0.006953503886541146
2016,2,3.863061054,3.852343216797776,Gradient Boosting,0.010717837202224079
2016,2,3.863061054,3.854678239128259,Gradient Boosting,0.008382814871741306
2016,3,6.1808976864,6.184581992548626,Gradient Boosting,-0.0036843061486262485
2016,3,6.1808976864,6.157345116547038,Gradient Boosting,0.023552569852961724
2016,3,6.1808976864,6.138050469178683,Gradient Boosting,0.04284721722131657
2016,3,6.1808976864,6.134100482331301,Gradient Boosting,0.046797204068698584
2016,3,6.1808976864,6.1882824554180225,Gradient Boosting,-0.007384769018022652
2016,3,6.1808976864,6.160611404977771,Gradient Boosting,0.020286281422229102
2016,3,6.1808976864,6.177785813966596,Gradient Boosting,0.0031118724334033843
2016,3,6.1808976864,6.175609578429964,Gradient Boosting,0.00528810797003576
2016,4,9.271346529599999,9.314125529214515,Gradient Boosting,-0.04277899961451581
2016,4,9.271346529599999,9.252719387768852,Gradient Boosting,0.018627141831146332
2016,4,9.271346529599999,9.225666416358989,Gradient Boosting,0.04568011324101029
2016,4,9.271346529599999,9.25440678816712,Gradient Boosting,0.016939741432878463
2016,4,9.271346529599999,9.245026432593964,Gradient Boosting,0.026320097006035326
2016,4,9.271346529599999,9.255383364252715,Gradient Boosting,0.015963165347283592
2016,4,9.271346529599999,9.269376002097427,Gradient Boosting,0.0019705275025714286
2016,4,9.271346529599999,9.235440216848984,Gradient Boosting,0.03590631275101508
2016,5,10.816570951200001,10.80556583783198,Gradient Boosting,0.011005113368021568
2016,5,10.816570951200001,10.778430139739008,Gradient Boosting,0.03814081146099291
2016,5,10.816570951200001,10.802304053310367,Gradient Boosting,0.014266897889633867
2016,5,10.816570951200001,10.773757526789712,Gradient Boosting,0.0428134244102889
2016,5,10.816570951200001,10.813893196724601,Gradient Boosting,0.0026777544753997518
2016,5,10.816570951200001,10.7693574919735,Gradient Boosting,0.04721345922650144
2016,5,10.816570951200001,10.771507330165724,Gradient Boosting,0.04506362103427719
2016,5,10.816570951200001,10.767576868803616,Gradient Boosting,0.04899408239638525
2016,6,7.726122108,7.710549053954142,Gradient Boosting,0.015573054045858292
2016,6,7.726122108,7.727222544952668,Gradient Boosting,-0.001100436952667927
2016,6,7.726122108,7.704747117419085,Gradient Boosting,0.021374990580914854
2016,6,7.726122108,7.765665851861057,Gradient Boosting,-0.03954374386105641
2016,6,7.726122108,7.759843574570494,Gradient Boosting,-0.03372146657049413
2016,6,7.726122108,7.761726549695251,Gradient Boosting,-0.03560444169525123
2016,6,7.726122108,7.755589973876162,Gradient Boosting,-0.029467865876161348
2016,6,7.726122108,7.75487318000145,Gradient Boosting,-0.028751072001449884
2016,7,4.635673264799999,4.613756794612892,Gradient Boosting,0.021916470187107073
2016,7,4.635673264799999,4.6209116311478935,Gradient Boosting,0.014761633652105921
2016,7,4.635673264799999,4.615230858288553,Gradient Boosting,0.020442406511446798
2016,7,4.635673264799999,4.624082443259203,Gradient Boosting,0.01159082154079627
2016,7,4.635673264799999,4.6218616965444905,Gradient Boosting,0.013811568255508888
2016,7,4.635673264799999,4.627430685654737,Gradient Boosting,0.008242579145262496
2016,7,4.635673264799999,4.60845993142147,Gradient Boosting,0.027213333378529825
2016,7,4.635673264799999,4.610348006483277,Gradient Boosting,0.025325258316722277
2016,8,3.863061054,3.880422225956624,Gradient Boosting,-0.01736117195662379
2016,8,3.863061054,3.8663805419806243,Gradient Boosting,-0.003319487980624203
2016,8,3.863061054,3.8725438795481284,Gradient Boosting,-0.009482825548128293
2016,8,3.863061054,3.8719559864760216,Gradient Boosting,-0.008894932476021467
2016,8,3.863061054,3.858319168208012,Gradient Boosting,0.0047418857919883095
2016,8,3.863061054,3.8693358127504442,Gradient Boosting,-0.006274758750444143
2016,8,3.863061054,3.8645142997407795,Gradient Boosting,-0.0014532457407794297
2016,8,3.863061054,3.8709911901389242,Gradient Boosting,-0.007930136138924126
2016,9,4.635673264799999,4.653554464967322,Gradient Boosting,-0.017881200167322753
2016,9,4.635673264799999,4.647214146711921,Gradient Boosting,-0.011540881911921375
2016,9,4.635673264799999,4.660230440583573,Gradient Boosting,-0.024557175783573193
2016,9,4.635673264799999,4.640277812598317,Gradient Boosting,-0.0046045477983174266
2016,9,4.635673264799999,4.630449272778034,Gradient Boosting,0.005223992021964996
2016,9,4.635673264799999,4.634855887541604,Gradient Boosting,0.0008173772583957017
2016,9,4.635673264799999,4.631770157663154,Gradient Boosting,0.003903107136845385
2016,9,4.635673264799999,4.631491743529871,Gradient Boosting,0.0041815212701283855
2016,10,7.726122108,7.752071958296199,Gradient Boosting,-0.025949850296198562
2016,10,7.726122108,7.685091916894316,Gradient Boosting,0.04103019110568429
2016,10,7.726122108,7.687006299516176,Gradient Boosting,0.039115808483824566
2016,10,7.726122108,7.693352158950574,Gradient Boosting,0.03276994904942665
2016,10,7.726122108,7.667138248039735,Gradient Boosting,0.05898385996026523
2016,10,7.726122108,7.69801173111403,Gradient Boosting,0.02811037688597029
2016,10,7.726122108,7.783438573326859,Gradient Boosting,-0.05731646532685897
2016,10,7.726122108,7.764405331809886,Gradient Boosting,-0.038283223809886024
2016,11,9.271346529599999,9.371579982226018,Gradient Boosting,-0.10023345262601957
2016,11,9.271346529599999,9.272453164677746,Gradient Boosting,-0.001106635077746887
2016,11,9.271346529599999,9.231045590013668,Gradient Boosting,0.04030093958633074
2016,11,9.271346529599999,9.244369835657416,Gradient Boosting,0.02697669394258284
2016,11,9.271346529599999,9.239845371813804,Gradient Boosting,0.03150115778619522
2016,11,9.271346529599999,9.229703562798864,Gradient Boosting,0.04164296680113466
2016,11,9.271346529599999,9.233649654277286,Gradient Boosting,0.037696875322712486
2016,11,9.271346529599999,9.28367434127435,Gradient Boosting,-0.012327811674351707
2016,12,4.635673264799999,4.641894838175617,Gradient Boosting,-0.00622157337561724
2016,12,4.635673264799999,4.6490623009358085,Gradient Boosting,-0.013389036135809107
2016,12,4.635673264799999,4.641833216293182,Gradient Boosting,-0.00615995149318227
2016,12,4.635673264799999,4.630200190529765,Gradient Boosting,0.00547307427023469
2016,12,4.635673264799999,4.643318265863442,Gradient Boosting,-0.007645001063442791
2016,12,4.635673264799999,4.646053973384836,Gradient Boosting,-0.01038070858483664
2016,12,4.635673264799999,4.644728489354412,Gradient Boosting,-0.009055224554412433
2016,12,4.635673264799999,4.635126703694739,Gradient Boosting,0.0005465611052608566
2017,1,4.610952144,4.5518339176024645,Gradient Boosting,0.05911822639753517
2017,1,4.610952144,4.6138479767810106,Gradient Boosting,-0.0028958327810109097
2017,1,4.610952144,4.619993321332498,Gradient Boosting,-0.009041177332498762
2017,1,4.610952144,4.602894714777395,Gradient Boosting,0.008057429222604995
2017,1,4.610952144,4.603677498055833,Gradient Boosting,0.00727464594416638
2017,1,4.610952144,4.6019504556262545,Gradient Boosting,0.009001688373745154
2017,1,4.610952144,4.598391350378013,Gradient Boosting,0.012560793621986477
2017,1,4.610952144,4.609133294602047,Gradient Boosting,0.0018188493979529596
2017,2,3.84246012,3.8759315851687064,Gradient Boosting,-0.03347146516870625
2017,2,3.84246012,3.8414184705658485,Gradient Boosting,0.001041649434151637
2017,2,3.84246012,3.8495125655120592,Gradient Boosting,-0.00705244551205908
2017,2,3.84246012,3.8414230687745876,Gradient Boosting,0.001037051225412533
2017,2,3.84246012,3.8421332334046845,Gradient Boosting,0.00032688659531565634
2017,2,3.84246012,3.8438912497154307,Gradient Boosting,-0.001431129715430579
2017,2,3.84246012,3.8369957915260122,Gradient Boosting,0.005464328473987923
2017,2,3.84246012,3.8363000365846323,Gradient Boosting,0.00616008341536789
2017,3,6.1479361919999995,6.1923716818523795,Gradient Boosting,-0.044435489852379995
2017,3,6.1479361919999995,6.1437026671487045,Gradient Boosting,0.004233524851295023
2017,3,6.1479361919999995,6.12935868020144,Gradient Boosting,0.0185775117985596
2017,3,6.1479361919999995,6.154285342566656,Gradient Boosting,-0.006349150566656192
2017,3,6.1479361919999995,6.142466235256183,Gradient Boosting,0.00546995674381634
2017,3,6.1479361919999995,6.141214943872712,Gradient Boosting,0.00672124812728736
2017,3,6.1479361919999995,6.1350431359532935,Gradient Boosting,0.012893056046705986
2017,3,6.1479361919999995,6.148206801854361,Gradient Boosting,-0.00027060985436122564
2017,4,9.221904288,9.14421514982945,Gradient Boosting,0.07768913817055001
2017,4,9.221904288,9.196083556788578,Gradient Boosting,0.025820731211421588
2017,4,9.221904288,9.204432742149864,Gradient Boosting,0.017471545850135328
2017,4,9.221904288,9.216434298049373,Gradient Boosting,0.005469989950626086
2017,4,9.221904288,9.204576232142953,Gradient Boosting,0.01732805585704611
2017,4,9.221904288,9.20895404201638,Gradient Boosting,0.012950245983619268
2017,4,9.221904288,9.223575373682815,Gradient Boosting,-0.0016710856828154874
2017,4,9.221904288,9.174183283553395,Gradient Boosting,0.0477210044466041
2017,5,10.758888336,10.771117088367673,Gradient Boosting,-0.012228752367672513
2017,5,10.758888336,10.741148505971795,Gradient Boosting,0.017739830028205006
2017,5,10.758888336,10.783589831172229,Gradient Boosting,-0.02470149517222886
2017,5,10.758888336,10.739907092407975,Gradient Boosting,0.01898124359202491
2017,5,10.758888336,10.755740733538493,Gradient Boosting,0.0031476024615066933
2017,5,10.758888336,10.751872874723986,Gradient Boosting,0.0070154612760138235
2017,5,10.758888336,10.737601771130407,Gradient Boosting,0.021286564869592794
2017,5,10.758888336,10.727728442915785,Gradient Boosting,0.031159893084215184
2017,6,7.68492024,7.697816312060483,Gradient Boosting,-0.012896072060482489
2017,6,7.68492024,7.704215510590305,Gradient Boosting,-0.019295270590304447
2017,6,7.68492024,7.694568766265938,Gradient Boosting,-0.009648526265937818
2017,6,7.68492024,7.739555194857831,Gradient Boosting,-0.0546349548578311
2017,6,7.68492024,7.728602645661873,Gradient Boosting,-0.043682405661872536
2017,6,7.68492024,7.758936437656517,Gradient Boosting,-0.07401619765651635
2017,6,7.68492024,7.747010216129119,Gradient Boosting,-0.06208997612911915
2017,6,7.68492024,7.744619723811802,Gradient Boosting,-0.05969948381180146
2017,7,4.610952144,4.585987269099988,Gradient Boosting,0.024964874900011758
2017,7,4.610952144,4.603159671057047,Gradient Boosting,0.0077924729429526
2017,7,4.610952144,4.624995240820745,Gradient Boosting,-0.014043096820745227
2017,7,4.610952144,4.60859924626452,Gradient Boosting,0.002352897735479864
2017,7,4.610952144,4.603419680661815,Gradient Boosting,0.007532463338185025
2017,7,4.610952144,4.601968064099601,Gradient Boosting,0.008984079900399067
2017,7,4.610952144,4.5870110242515665,Gradient Boosting,0.02394111974843316
2017,7,4.610952144,4.591122546347588,Gradient Boosting,0.019829597652411657
2017,8,3.84246012,3.906644562430821,Gradient Boosting,-0.06418444243082089
2017,8,3.84246012,3.8407553088078004,Gradient Boosting,0.0017048111921997844
2017,8,3.84246012,3.827232653530359,Gradient Boosting,0.015227466469641016
2017,8,3.84246012,3.8337374978654415,Gradient Boosting,0.008722622134558655
2017,8,3.84246012,3.83068099540853,Gradient Boosting,0.011779124591470236
2017,8,3.84246012,3.8398312998571242,Gradient Boosting,0.0026288201428759095
2017,8,3.84246012,3.8475976358172574,Gradient Boosting,-0.005137515817257299
2017,8,3.84246012,3.838372746784734,Gradient Boosting,0.004087373215265977
2017,9,4.610952144,4.57422399406386,Gradient Boosting,0.03672814993614004
2017,9,4.610952144,4.612565218441519,Gradient Boosting,-0.0016130744415194798
2017,9,4.610952144,4.613220206608449,Gradient Boosting,-0.0022680626084490285
2017,9,4.610952144,4.601187894211688,Gradient Boosting,0.009764249788311474
2017,9,4.610952144,4.602215942759504,Gradient Boosting,0.008736201240495234
2017,9,4.610952144,4.611266510506699,Gradient Boosting,-0.00031436650669913746
2017,9,4.610952144,4.60145795641091,Gradient Boosting,0.009494187589089265
2017,9,4.610952144,4.601863101804127,Gradient Boosting,0.00908904219587292
2017,10,7.68492024,7.7276822727555805,Gradient Boosting,-0.042762032755580215
2017,10,7.68492024,7.659367942019034,Gradient Boosting,0.025552297980966365
2017,10,7.68492024,7.670619174457028,Gradient Boosting,0.014301065542972502
2017,10,7.68492024,7.674486959232562,Gradient Boosting,0.010433280767438546
2017,10,7.68492024,7.682086619877557,Gradient Boosting,0.002833620122443037
2017,10,7.68492024,7.658864912401505,Gradient Boosting,0.02605532759849538
2017,10,7.68492024,7.769690470415339,Gradient Boosting,-0.08477023041533904
2017,10,7.68492024,7.757152238587503,Gradient Boosting,-0.07223199858750284
2017,11,9.221904288,9.306245178053807,Gradient Boosting,-0.08434089005380763
2017,11,9.221904288,9.210763709719814,Gradient Boosting,0.011140578280185665
2017,11,9.221904288,9.205208666908455,Gradient Boosting,0.016695621091544766
2017,11,9.221904288,9.216838634000293,Gradient Boosting,0.0050656539997060435
2017,11,9.221904288,9.226352783329588,Gradient Boosting,-0.0044484953295889085
2017,11,9.221904288,9.209781760194131,Gradient Boosting,0.012122527805868089
2017,11,9.221904288,9.222488445651194,Gradient Boosting,-0.0005841576511951274
2017,11,9.221904288,9.210036086751114,Gradient Boosting,0.011868201248885768
2017,12,4.610952144,4.618291036125363,Gradient Boosting,-0.00733889212536365
2017,12,4.610952144,4.609476886093278,Gradient Boosting,0.0014752579067218718
2017,12,4.610952144,4.597779199249135,Gradient Boosting,0.013172944750865057
2017,12,4.610952144,4.61585861985022,Gradient Boosting,-0.004906475850220637
2017,12,4.610952144,4.615349457160443,Gradient Boosting,-0.004397313160443339
2017,12,4.610952144,4.625166123615473,Gradient Boosting,-0.014213979615472994
2017,12,4.610952144,4.623379758228909,Gradient Boosting,-0.012427614228909256
2017,12,4.610952144,4.606955115295888,Gradient Boosting,0.0039970287041120045
2018,1,4.448978508,4.481574044414139,Gradient Boosting,-0.03259553641413948
2018,1,4.448978508,4.436604260664275,Gradient Boosting,0.012374247335724675
2018,1,4.448978508,4.435834151140812,Gradient Boosting,0.013144356859188022
2018,1,4.448978508,4.433631494091442,Gradient Boosting,0.015347013908558083
2018,1,4.448978508,4.424039478977583,Gradient Boosting,0.024939029022416292
2018,1,4.448978508,4.4275645471998795,Gradient Boosting,0.021413960800120257
2018,1,4.448978508,4.414124905614915,Gradient Boosting,0.03485360238508495
2018,1,4.448978508,4.426858684918883,Gradient Boosting,0.02211982308111704
2018,2,3.70748209,3.7412618174681525,Gradient Boosting,-0.03377972746815239
2018,2,3.70748209,3.7178230301322066,Gradient Boosting,-0.010340940132206544
2018,2,3.70748209,3.72059736625552,Gradient Boosting,-0.013115276255519781
2018,2,3.70748209,3.715190497300009,Gradient Boosting,-0.007708407300008879
2018,2,3.70748209,3.726797421193,Gradient Boosting,-0.019315331192999885
2018,2,3.70748209,3.718892964337017,Gradient Boosting,-0.011410874337017152
2018,2,3.70748209,3.706620196311463,Gradient Boosting,0.0008618936885369521
2018,2,3.70748209,3.7072729408978766,Gradient Boosting,0.0002091491021234404
2018,3,5.931971344,5.956434484929882,Gradient Boosting,-0.024463140929881888
2018,3,5.931971344,5.932165936104288,Gradient Boosting,-0.00019459210428784957
2018,3,5.931971344,5.938144726872283,Gradient Boosting,-0.006173382872282751
2018,3,5.931971344,5.932755316519285,Gradient Boosting,-0.000783972519284859
2018,3,5.931971344,5.972984424340781,Gradient Boosting,-0.04101308034078066
2018,3,5.931971344,5.9313139557212455,Gradient Boosting,0.0006573882787543894
2018,3,5.931971344,5.937518121392753,Gradient Boosting,-0.0055467773927526665
2018,3,5.931971344,5.957853122771512,Gradient Boosting,-0.02588177877151221
2018,4,8.897957016,8.88267494906715,Gradient Boosting,0.015282066932849503
2018,4,8.897957016,8.871347813046931,Gradient Boosting,0.026609202953068234
2018,4,8.897957016,8.874351938665827,Gradient Boosting,0.02360507733417272
2018,4,8.897957016,8.8911744527278,Gradient Boosting,0.0067825632721998375
2018,4,8.897957016,8.884618237533578,Gradient Boosting,0.013338778466421175
2018,4,8.897957016,8.893588577661165,Gradient Boosting,0.004368438338834935
2018,4,8.897957016,8.89942554642204,Gradient Boosting,-0.0014685304220414253
2018,4,8.897957016,8.876321911157461,Gradient Boosting,0.021635104842538055
2018,5,10.380949852,10.355970717992111,Gradient Boosting,0.024979134007889314
2018,5,10.380949852,10.406026871234403,Gradient Boosting,-0.025077019234402087
2018,5,10.380949852,10.40028859598654,Gradient Boosting,-0.019338743986539342
2018,5,10.380949852,10.390991636090417,Gradient Boosting,-0.010041784090416783
2018,5,10.380949852,10.385551379994507,Gradient Boosting,-0.004601527994505972
2018,5,10.380949852,10.392016301693142,Gradient Boosting,-0.011066449693140967
2018,5,10.380949852,10.403808470051008,Gradient Boosting,-0.022858618051007085
2018,5,10.380949852,10.414468952411095,Gradient Boosting,-0.03351910041109463
2018,6,7.41496418,7.415917657763925,Gradient Boosting,-0.0009534777639252923
2018,6,7.41496418,7.413736669802806,Gradient Boosting,0.001227510197193915
2018,6,7.41496418,7.371288112273035,Gradient Boosting,0.04367606772696497
2018,6,7.41496418,7.446169648483104,Gradient Boosting,-0.031205468483103793
2018,6,7.41496418,7.415953142985021,Gradient Boosting,-0.0009889629850210468
2018,6,7.41496418,7.416807928234666,Gradient Boosting,-0.0018437482346662648
2018,6,7.41496418,7.3579748840503,Gradient Boosting,0.056989295949700036
2018,6,7.41496418,7.3725998572895355,Gradient Boosting,0.04236432271046464
2018,7,4.448978508,4.4378075943770305,Gradient Boosting,0.01117091362296918
2018,7,4.448978508,4.432564083837032,Gradient Boosting,0.01641442416296801
2018,7,4.448978508,4.421810041262016,Gradient Boosting,0.0271684667379839
2018,7,4.448978508,4.423673347393008,Gradient Boosting,0.02530516060699206
2018,7,4.448978508,4.44932491134334,Gradient Boosting,-0.0003464033433404623
2018,7,4.448978508,4.433085242331376,Gradient Boosting,0.015893265668624146
2018,7,4.448978508,4.426830114888272,Gradient Boosting,0.02214839311172767
2018,7,4.448978508,4.4593939693646965,Gradient Boosting,-0.010415461364696732
2018,8,3.70748209,3.729351497162841,Gradient Boosting,-0.021869407162840915
2018,8,3.70748209,3.7156719344291056,Gradient Boosting,-0.00818984442910553
2018,8,3.70748209,3.709091110334148,Gradient Boosting,-0.0016090203341478926
2018,8,3.70748209,3.7121111315318815,Gradient Boosting,-0.004629041531881484
2018,8,3.70748209,3.7067074315702264,Gradient Boosting,0.0007746584297736447
2018,8,3.70748209,3.713418073557103,Gradient Boosting,-0.005935983557102897
2018,8,3.70748209,3.7133317284174603,Gradient Boosting,-0.005849638417460223
2018,8,3.70748209,3.7172175363778837,Gradient Boosting,-0.009735446377883594
2018,9,4.448978508,4.44145523460274,Gradient Boosting,0.0075232733972594446
2018,9,4.448978508,4.455915579883109,Gradient Boosting,-0.006937071883108992
2018,9,4.448978508,4.473142750553874,Gradient Boosting,-0.024164242553874615
2018,9,4.448978508,4.459789614976143,Gradient Boosting,-0.010811106976142959
2018,9,4.448978508,4.457910354482733,Gradient Boosting,-0.008931846482733263
2018,9,4.448978508,4.465592590527474,Gradient Boosting,-0.016614082527474316
2018,9,4.448978508,4.4689268031264,Gradient Boosting,-0.019948295126400062
2018,9,4.448978508,4.4605445347473,Gradient Boosting,-0.011566026747300562
2018,10,7.41496418,7.476334982602902,Gradient Boosting,-0.06137080260290162
2018,10,7.41496418,7.35008921495986,Gradient Boosting,0.0648749650401399
2018,10,7.41496418,7.349591241316988,Gradient Boosting,0.0653729386830122
2018,10,7.41496418,7.362797527332116,Gradient Boosting,0.052166652667883895
2018,10,7.41496418,7.372236084185766,Gradient Boosting,0.0427280958142342
2018,10,7.41496418,7.384457692720084,Gradient Boosting,0.030506487279915895
2018,10,7.41496418,7.419947328277003,Gradient Boosting,-0.004983148277003302
2018,10,7.41496418,7.4214175276331495,Gradient Boosting,-0.00645334763314942
2018,11,8.897957016,8.850847805610114,Gradient Boosting,0.0471092103898858
2018,11,8.897957016,8.91483864171409,Gradient Boosting,-0.01688162571409002
2018,11,8.897957016,8.943298990548657,Gradient Boosting,-0.045341974548657404
2018,11,8.897957016,8.935871820676711,Gradient Boosting,-0.03791480467671171
2018,11,8.897957016,8.930258263565545,Gradient Boosting,-0.03230124756554531
2018,11,8.897957016,8.94286920493842,Gradient Boosting,-0.04491218893842053
2018,11,8.897957016,8.939502082835748,Gradient Boosting,-0.041545066835748656
2018,11,8.897957016,8.911105337259672,Gradient Boosting,-0.013148321259672358
2018,12,4.448978508,4.48571629454994,Gradient Boosting,-0.03673778654994031
2018,12,4.448978508,4.447922289594647,Gradient Boosting,0.001056218405352638
2018,12,4.448978508,4.445291147594281,Gradient Boosting,0.0036873604057188203
2018,12,4.448978508,4.468760182097665,Gradient Boosting,-0.019781674097664848
2018,12,4.448978508,4.44909742047957,Gradient Boosting,-0.000118912479570632
2018,12,4.448978508,4.456643041115925,Gradient Boosting,-0.007664533115924854
2018,12,4.448978508,4.460022258438857,Gradient Boosting,-0.011043750438857636
2018,12,4.448978508,4.4603298558336535,Gradient Boosting,-0.011351347833653769
2019,1,4.300280139,4.30176357244435,Gradient Boosting,-0.0014834334443500907
2019,1,4.300280139,4.256953184759286,Gradient Boosting,0.04332695424071353
2019,1,4.300280139,4.2812229105621045,Gradient Boosting,0.019057228437895368
2019,1,4.300280139,4.2561389657758495,Gradient Boosting,0.04414117322415034
2019,1,4.300280139,4.2763607844955684,Gradient Boosting,0.02391935450443139
2019,1,4.300280139,4.274520823439444,Gradient Boosting,0.025759315560556217
2019,1,4.300280139,4.254864796949066,Gradient Boosting,0.04541534205093356
2019,1,4.300280139,4.26312972832,Gradient Boosting,0.0371504106799998
2019,2,3.5835667825,3.628417972989023,Gradient Boosting,-0.04485119048902275
2019,2,3.5835667825,3.6014406122930303,Gradient Boosting,-0.017873829793030094
2019,2,3.5835667825,3.603464588753373,Gradient Boosting,-0.019897806253372785
2019,2,3.5835667825,3.5993424469772086,Gradient Boosting,-0.015775664477208462
2019,2,3.5835667825,3.6083563323574586,Gradient Boosting,-0.024789549857458404
2019,2,3.5835667825,3.605700214018649,Gradient Boosting,-0.022133431518648994
2019,2,3.5835667825,3.585863029473667,Gradient Boosting,-0.0022962469736667046
2019,2,3.5835667825,3.585104237048461,Gradient Boosting,-0.0015374545484609925
2019,3,5.733706852,5.742106817132021,Gradient Boosting,-0.008399965132021237
2019,3,5.733706852,5.750550915783633,Gradient Boosting,-0.016844063783633345
2019,3,5.733706852,5.734164713225956,Gradient Boosting,-0.00045786122595625756
2019,3,5.733706852,5.735906827564724,Gradient Boosting,-0.002199975564724177
2019,3,5.733706852,5.735025451904255,Gradient Boosting,-0.001318599904254647
2019,3,5.733706852,5.750056776945937,Gradient Boosting,-0.016349924945936678
2019,3,5.733706852,5.7415872379513155,Gradient Boosting,-0.00788038595131546
2019,3,5.733706852,5.746095251664777,Gradient Boosting,-0.012388399664777339
2019,4,8.600560278,8.581381621552573,Gradient Boosting,0.019178656447426334
2019,4,8.600560278,8.590135801687323,Gradient Boosting,0.010424476312676845
2019,4,8.600560278,8.626789016579503,Gradient Boosting,-0.02622873857950303
2019,4,8.600560278,8.607930556655562,Gradient Boosting,-0.007370278655562501
2019,4,8.600560278,8.598105594235571,Gradient Boosting,0.002454683764428367
2019,4,8.600560278,8.595813366978543,Gradient Boosting,0.0047469110214564125
2019,4,8.600560278,8.59444410842574,Gradient Boosting,0.006116169574259089
2019,4,8.600560278,8.589590089648611,Gradient Boosting,0.010970188351388188
2019,5,10.033986991,10.002925593801786,Gradient Boosting,0.03106139719821499
2019,5,10.033986991,10.053393915446403,Gradient Boosting,-0.01940692444640213
2019,5,10.033986991,10.085393137233584,Gradient Boosting,-0.05140614623358353
2019,5,10.033986991,10.054073814775363,Gradient Boosting,-0.02008682377536175
2019,5,10.033986991,10.050930103831984,Gradient Boosting,-0.016943112831983242
2019,5,10.033986991,10.039053044300415,Gradient Boosting,-0.005066053300414097
2019,5,10.033986991,10.054170762899814,Gradient Boosting,-0.020183771899812797
2019,5,10.033986991,10.038127039950105,Gradient Boosting,-0.004140048950104003
2019,6,7.167133565,7.174266697401411,Gradient Boosting,-0.007133132401410336
2019,6,7.167133565,7.157167208258305,Gradient Boosting,0.009966356741695215
2019,6,7.167133565,7.163594080658841,Gradient Boosting,0.003539484341159138
2019,6,7.167133565,7.1846823535434705,Gradient Boosting,-0.017548788543470195
2019,6,7.167133565,7.184822223175976,Gradient Boosting,-0.017688658175975647
2019,6,7.167133565,7.19649893964919,Gradient Boosting,-0.029365374649189313
2019,6,7.167133565,7.17390986769926,Gradient Boosting,-0.006776302699259773
2019,6,7.167133565,7.168098973742141,Gradient Boosting,-0.0009654087421404611
2019,7,4.300280139,4.325625788495348,Gradient Boosting,-0.0253456494953479
2019,7,4.300280139,4.278229520926077,Gradient Boosting,0.022050618073922834
2019,7,4.300280139,4.265824946784408,Gradient Boosting,0.034455192215592234
2019,7,4.300280139,4.2656170409164345,Gradient Boosting,0.03466309808356538
2019,7,4.300280139,4.2714754875032215,Gradient Boosting,0.028804651496778355
2019,7,4.300280139,4.2569516671884005,Gradient Boosting,0.04332847181159938
2019,7,4.300280139,4.258513465721726,Gradient Boosting,0.04176667327827399
2019,7,4.300280139,4.269490182974558,Gradient Boosting,0.030789956025441434
2019,8,3.5835667825,3.6042259355437314,Gradient Boosting,-0.020659153043731227
2019,8,3.5835667825,3.5932047736191914,Gradient Boosting,-0.00963799111919128
2019,8,3.5835667825,3.5834700210353727,Gradient Boosting,9.676146462744839e-05
2019,8,3.5835667825,3.5770551570241116,Gradient Boosting,0.006511625475888572
2019,8,3.5835667825,3.581061976661617,Gradient Boosting,0.002504805838383195
2019,8,3.5835667825,3.59289619381377,Gradient Boosting,-0.009329411313769853
2019,8,3.5835667825,3.585264087962115,Gradient Boosting,-0.0016973054621147732
2019,8,3.5835667825,3.59516954492399,Gradient Boosting,-0.011602762423990054
2019,9,4.300280139,4.292977645784196,Gradient Boosting,0.007302493215803452
2019,9,4.300280139,4.312425208062258,Gradient Boosting,-0.012145069062258429
2019,9,4.300280139,4.315004780424249,Gradient Boosting,-0.014724641424249008
2019,9,4.300280139,4.302104343496097,Gradient Boosting,-0.0018242044960974368
2019,9,4.300280139,4.305658795546177,Gradient Boosting,-0.005378656546176863
2019,9,4.300280139,4.308150975947708,Gradient Boosting,-0.00787083694770807
2019,9,4.300280139,4.3202311758096865,Gradient Boosting,-0.019951036809686684
2019,9,4.300280139,4.326281140205701,Gradient Boosting,-0.026001001205701257
2019,10,7.167133565,7.1922203483391,Gradient Boosting,-0.025086783339099306
2019,10,7.167133565,7.181907510464348,Gradient Boosting,-0.014773945464347626
2019,10,7.167133565,7.1589832131928,Gradient Boosting,0.008150351807199918
2019,10,7.167133565,7.203928877805715,Gradient Boosting,-0.03679531280571435
2019,10,7.167133565,7.203174230955395,Gradient Boosting,-0.03604066595539468
2019,10,7.167133565,7.147606215419789,Gradient Boosting,0.019527349580211073
2019,10,7.167133565,7.194375330280006,Gradient Boosting,-0.02724176528000566
2019,10,7.167133565,7.2267673828042405,Gradient Boosting,-0.05963381780424015
2019,11,8.600560278,8.596985172660965,Gradient Boosting,0.003575105339034934
2019,11,8.600560278,8.622008548271996,Gradient Boosting,-0.02144827027199625
2019,11,8.600560278,8.625087295558641,Gradient Boosting,-0.024527017558641617
2019,11,8.600560278,8.610672562402463,Gradient Boosting,-0.0101122844024637
2019,11,8.600560278,8.63038258024845,Gradient Boosting,-0.029822302248449617
2019,11,8.600560278,8.609003279900724,Gradient Boosting,-0.008443001900724667
2019,11,8.600560278,8.640978632053997,Gradient Boosting,-0.04041835405399752
2019,11,8.600560278,8.638000298546185,Gradient Boosting,-0.03744002054618534
2019,12,4.300280139,4.308218728844238,Gradient Boosting,-0.007938589844238564
2019,12,4.300280139,4.299430955884535,Gradient Boosting,0.000849183115464669
2019,12,4.300280139,4.30242440836995,Gradient Boosting,-0.002144269369949825
2019,12,4.300280139,4.2964617545804815,Gradient Boosting,0.003818384419518317
2019,12,4.300280139,4.302124970945668,Gradient Boosting,-0.0018448319456680906
2019,12,4.300280139,4.2988468876180335,Gradient Boosting,0.0014332513819663717
2019,12,4.300280139,4.310939084974024,Gradient Boosting,-0.010658945974023837
2019,12,4.300280139,4.292472246075688,Gradient Boosting,0.007807892924311943
2020,1,5.0999261106,4.5381785472159,Gradient Boosting,0.5617475633840998
2020,1,5.0999261106,5.288643246778067,Gradient Boosting,-0.18871713617806662
2020,1,5.0999261106,5.104244692396115,Gradient Boosting,-0.004318581796114884
2020,1,5.0999261106,5.097111922930356,Gradient Boosting,0.0028141876696441415
2020,1,5.0999261106,5.076683133345764,Gradient Boosting,0.023242977254236408
2020,1,5.0999261106,5.098088803697336,Gradient Boosting,0.0018373069026642597
2020,1,5.0999261106,5.126998249111042,Gradient Boosting,-0.027072138511042176
2020,1,5.0999261106,5.100959281098596,Gradient Boosting,-0.001033170498596192
2020,2,4.249938425500001,4.699180980937285,Gradient Boosting,-0.44924255543728453
2020,2,4.249938425500001,4.234090319242924,Gradient Boosting,0.015848106257077
2020,2,4.249938425500001,4.228157083463043,Gradient Boosting,0.021781342036957696
2020,2,4.249938425500001,4.234203610217585,Gradient Boosting,0.015734815282415937
2020,2,4.249938425500001,4.222793741143412,Gradient Boosting,0.02714468435658901
2020,2,4.249938425500001,4.2270951400685375,Gradient Boosting,0.0228432854314633
2020,2,4.249938425500001,4.244229423711259,Gradient Boosting,0.0057090017887420075
2020,2,4.249938425500001,4.218130212004296,Gradient Boosting,0.03180821349570451
2020,3,6.799901480800001,6.937811381802295,Gradient Boosting,-0.13790990100229372
2020,3,6.799901480800001,7.818022214280841,Gradient Boosting,-1.0181207334808402
2020,3,6.799901480800001,7.993276363696273,Gradient Boosting,-1.193374882896272
2020,3,6.799901480800001,8.051460440824584,Gradient Boosting,-1.2515589600245836
2020,3,6.799901480800001,7.9157851847626715,Gradient Boosting,-1.1158837039626706
2020,3,6.799901480800001,7.855873353481789,Gradient Boosting,-1.0559718726817877
2020,3,6.799901480800001,7.997235273188378,Gradient Boosting,-1.1973337923883767
2020,3,6.799901480800001,7.992277059851467,Gradient Boosting,-1.1923755790514665
2020,4,10.1998522212,9.580661749406323,Gradient Boosting,0.6191904717936776
2020,4,10.1998522212,10.21447774911473,Gradient Boosting,-0.014625527914729375
2020,4,10.1998522212,10.211467840764934,Gradient Boosting,-0.01161561956493351
2020,4,10.1998522212,10.242879949326646,Gradient Boosting,-0.04302772812664557
2020,4,10.1998522212,10.297021382612138,Gradient Boosting,-0.09716916141213794
2020,4,10.1998522212,10.264077984278709,Gradient Boosting,-0.0642257630787082
2020,4,10.1998522212,10.348900350590942,Gradient Boosting,-0.14904812939094114
2020,4,10.1998522212,10.338240083127596,Gradient Boosting,-0.13838786192759578
2020,5,11.899827591400001,11.464100790068677,Gradient Boosting,0.4357268013313238
2020,5,11.899827591400001,11.827555839427372,Gradient Boosting,0.0722717519726288
2020,5,11.899827591400001,11.828791803864267,Gradient Boosting,0.07103578753573458
2020,5,11.899827591400001,11.8110580109147,Gradient Boosting,0.0887695804853017
2020,5,11.899827591400001,11.801240543963393,Gradient Boosting,0.09858704743660773
2020,5,11.899827591400001,11.805224300709604,Gradient Boosting,0.0946032906903973
2020,5,11.899827591400001,11.788015025576533,Gradient Boosting,0.11181256582346855
2020,5,11.899827591400001,11.85198929223035,Gradient Boosting,0.04783829916965132
2020,6,8.499876851000002,8.452357593080501,Gradient Boosting,0.04751925791950029
2020,6,8.499876851000002,8.376833373002345,Gradient Boosting,0.12304347799765658
2020,6,8.499876851000002,8.376851548701753,Gradient Boosting,0.12302530229824882
2020,6,8.499876851000002,8.341296112715202,Gradient Boosting,0.15858073828479924
2020,6,8.499876851000002,8.348787008103008,Gradient Boosting,0.1510898428969938
2020,6,8.499876851000002,8.315862050353463,Gradient Boosting,0.18401480064653875
2020,6,8.499876851000002,8.283161685203329,Gradient Boosting,0.21671516579667305
2020,6,8.499876851000002,8.30290996241976,Gradient Boosting,0.19696688858024203
2020,7,5.0999261106,5.452654395578036,Gradient Boosting,-0.35272828497803577
2020,7,5.0999261106,5.349285736748032,Gradient Boosting,-0.2493596261480322
2020,7,5.0999261106,5.359193268724952,Gradient Boosting,-0.2592671581249517
2020,7,5.0999261106,5.385320797441454,Gradient Boosting,-0.2853946868414541
2020,7,5.0999261106,5.340946911349864,Gradient Boosting,-0.24102080074986354
2020,7,5.0999261106,5.126581790213068,Gradient Boosting,-0.026655679613067917
2020,7,5.0999261106,5.0683878091305985,Gradient Boosting,0.03153830146940173
2020,7,5.0999261106,5.097862779079114,Gradient Boosting,0.0020633315208860026
2020,8,4.249938425500001,4.614980727226221,Gradient Boosting,-0.3650423017262199
2020,8,4.249938425500001,4.213778095231818,Gradient Boosting,0.036160330268183216
2020,8,4.249938425500001,4.244606542411457,Gradient Boosting,0.005331883088543599
2020,8,4.249938425500001,4.256436985320623,Gradient Boosting,-0.006498559820622418
2020,8,4.249938425500001,4.226852930259162,Gradient Boosting,0.023085495240838583
2020,8,4.249938425500001,4.2127017378896,Gradient Boosting,0.037236687610400665
2020,8,4.249938425500001,4.223996940175705,Gradient Boosting,0.025941485324295854
2020,8,4.249938425500001,4.230767896862851,Gradient Boosting,0.019170528637149964
2020,9,5.0999261106,4.747310444647324,Gradient Boosting,0.35261566595267624
2020,9,5.0999261106,5.244535436807732,Gradient Boosting,-0.14460932620773193
2020,9,5.0999261106,5.289427598374133,Gradient Boosting,-0.189501487774133
2020,9,5.0999261106,5.292664087258663,Gradient Boosting,-0.19273797665866255
2020,9,5.0999261106,5.263862291685396,Gradient Boosting,-0.1639361810853961
2020,9,5.0999261106,5.246422832282328,Gradient Boosting,-0.14649672168232808
2020,9,5.0999261106,5.087171579372762,Gradient Boosting,0.012754531227238353
2020,9,5.0999261106,5.074960068906449,Gradient Boosting,0.024966041693550878
2020,10,8.499876851000002,8.3185084089334,Gradient Boosting,0.18136844206660108
2020,10,8.499876851000002,8.61246053815443,Gradient Boosting,-0.11258368715442835
2020,10,8.499876851000002,8.619688848414519,Gradient Boosting,-0.11981199741451753
2020,10,8.499876851000002,8.725485213937981,Gradient Boosting,-0.22560836293797948
2020,10,8.499876851000002,8.631722388303249,Gradient Boosting,-0.13184553730324744
2020,10,8.499876851000002,8.597944955116505,Gradient Boosting,-0.09806810411650346
2020,10,8.499876851000002,8.61084331126323,Gradient Boosting,-0.11096646026322787
2020,10,8.499876851000002,8.706760134954276,Gradient Boosting,-0.2068832839542747
2020,11,10.1998522212,9.87700761704339,Gradient Boosting,0.32284460415661087
2020,11,10.1998522212,10.254945672084173,Gradient Boosting,-0.05509345088417206
2020,11,10.1998522212,10.273872458758722,Gradient Boosting,-0.074020237558722
2020,11,10.1998522212,10.309113550012462,Gradient Boosting,-0.10926132881246176
2020,11,10.1998522212,10.28893985329828,Gradient Boosting,-0.08908763209827875
2020,11,10.1998522212,10.273579814657872,Gradient Boosting,-0.07372759345787117
2020,11,10.1998522212,10.252779263540864,Gradient Boosting,-0.05292704234086365
2020,11,10.1998522212,10.222646851078647,Gradient Boosting,-0.022794629878646333
2020,12,5.0999261106,5.363382795647481,Gradient Boosting,-0.26345668504748065
2020,12,5.0999261106,5.048035986694274,Gradient Boosting,0.05189012390572589
2020,12,5.0999261106,5.000955363859695,Gradient Boosting,0.09897074674030559
2020,12,5.0999261106,5.058007463209536,Gradient Boosting,0.041918647390463804
2020,12,5.0999261106,5.024835720763673,Gradient Boosting,0.0750903898363271
2020,12,5.0999261106,5.033543871038336,Gradient Boosting,0.06638223956166467
2020,12,5.0999261106,5.022050482488261,Gradient Boosting,0.0778756281117392
2020,12,5.0999261106,5.018684793048903,Gradient Boosting,0.08124131755109687
2021,1,5.3212221576,4.667450203704721,Gradient Boosting,0.6537719538952791
2021,1,5.3212221576,5.0976512704805685,Gradient Boosting,0.22357088711943174
2021,1,5.3212221576,5.081907207390223,Gradient Boosting,0.2393149502097769
2021,1,5.3212221576,5.080983198916334,Gradient Boosting,0.2402389586836664
2021,1,5.3212221576,5.0813853070528605,Gradient Boosting,0.23983685054713977
2021,1,5.3212221576,5.095548917952106,Gradient Boosting,0.225673239647894
2021,1,5.3212221576,5.084087370365252,Gradient Boosting,0.23713478723474868
2021,1,5.3212221576,5.089255490462877,Gradient Boosting,0.23196666713712322
2021,2,4.434351798000001,4.280979794349029,Gradient Boosting,0.15337200365097203
2021,2,4.434351798000001,4.207195434935087,Gradient Boosting,0.22715636306491405
2021,2,4.434351798000001,4.205725642470004,Gradient Boosting,0.2286261555299971
2021,2,4.434351798000001,4.222713187559352,Gradient Boosting,0.2116386104406489
2021,2,4.434351798000001,4.203441462857803,Gradient Boosting,0.23091033514219728
2021,2,4.434351798000001,4.215652160849688,Gradient Boosting,0.21869963715031293
2021,2,4.434351798000001,4.207131630254911,Gradient Boosting,0.2272201677450898
2021,2,4.434351798000001,4.220625023778969,Gradient Boosting,0.2137267742210316
2021,3,7.0949628768,6.956853989258246,Gradient Boosting,0.13810888754175465
2021,3,7.0949628768,7.245847260219138,Gradient Boosting,-0.1508843834191378
2021,3,7.0949628768,7.206550505259594,Gradient Boosting,-0.1115876284595938
2021,3,7.0949628768,7.217601129021634,Gradient Boosting,-0.12263825222163405
2021,3,7.0949628768,7.2407774392709605,Gradient Boosting,-0.14581456247096014
2021,3,7.0949628768,7.291795356049412,Gradient Boosting,-0.19683247924941139
2021,3,7.0949628768,7.3207080469641275,Gradient Boosting,-0.2257451701641271
2021,3,7.0949628768,7.3429612976433365,Gradient Boosting,-0.24799842084333612
2021,4,10.6424443152,9.924591666464497,Gradient Boosting,0.7178526487355033
2021,4,10.6424443152,10.24087705991962,Gradient Boosting,0.40156725528037995
2021,4,10.6424443152,10.27392790214032,Gradient Boosting,0.3685164130596803
2021,4,10.6424443152,10.215457733244367,Gradient Boosting,0.4269865819556333
2021,4,10.6424443152,10.220661520702661,Gradient Boosting,0.42178279449733935
2021,4,10.6424443152,10.222936500814146,Gradient Boosting,0.41950781438585416
2021,4,10.6424443152,10.494237645558204,Gradient Boosting,0.1482066696417963
2021,4,10.6424443152,10.488020843843081,Gradient Boosting,0.15442347135691925
2021,5,12.416185034400002,10.904836438554687,Gradient Boosting,1.5113485958453143
2021,5,12.416185034400002,11.838020808062675,Gradient Boosting,0.5781642263373268
2021,5,12.416185034400002,11.830222732191448,Gradient Boosting,0.5859623022085536
2021,5,12.416185034400002,11.80827813045394,Gradient Boosting,0.607906903946061
2021,5,12.416185034400002,11.815504253459725,Gradient Boosting,0.6006807809402765
2021,5,12.416185034400002,11.801413591173212,Gradient Boosting,0.6147714432267897
2021,5,12.416185034400002,11.825752686588691,Gradient Boosting,0.5904323478113103
2021,5,12.416185034400002,11.803184242769992,Gradient Boosting,0.6130007916300091
2021,6,8.868703596000001,8.530053375660767,Gradient Boosting,0.3386502203392343
2021,6,8.868703596000001,9.100314524810955,Gradient Boosting,-0.23161092881095335
2021,6,8.868703596000001,9.087818658337525,Gradient Boosting,-0.21911506233752398
2021,6,8.868703596000001,9.119076193291773,Gradient Boosting,-0.2503725972917721
2021,6,8.868703596000001,9.112726679967613,Gradient Boosting,-0.24402308396761185
2021,6,8.868703596000001,9.103772012804415,Gradient Boosting,-0.23506841680441326
2021,6,8.868703596000001,8.622563725157086,Gradient Boosting,0.24613987084291544
2021,6,8.868703596000001,8.62234101169911,Gradient Boosting,0.24636258430089164
2021,7,5.3212221576,6.769759722667803,Gradient Boosting,-1.4485375650678023
2021,7,5.3212221576,5.146542197954438,Gradient Boosting,0.17467995964556238
2021,7,5.3212221576,5.125208062223123,Gradient Boosting,0.19601409537687697
2021,7,5.3212221576,5.202295368616053,Gradient Boosting,0.1189267889839476
2021,7,5.3212221576,5.142810232838549,Gradient Boosting,0.17841192476145107
2021,7,5.3212221576,5.149035809446383,Gradient Boosting,0.172186348153617
2021,7,5.3212221576,5.070252597648455,Gradient Boosting,0.25096955995154513
2021,7,5.3212221576,5.08557687174266,Gradient Boosting,0.23564528585734035
2021,8,4.434351798000001,4.3055233929922965,Gradient Boosting,0.1288284050077042
2021,8,4.434351798000001,4.411883078802632,Gradient Boosting,0.02246871919736826
2021,8,4.434351798000001,4.41308282648173,Gradient Boosting,0.02126897151827034
2021,8,4.434351798000001,4.415639560732885,Gradient Boosting,0.018712237267116016
2021,8,4.434351798000001,4.408623551711893,Gradient Boosting,0.025728246288108103
2021,8,4.434351798000001,4.423137622470212,Gradient Boosting,0.011214175529788761
2021,8,4.434351798000001,4.4180183506436554,Gradient Boosting,0.016333447356345232
2021,8,4.434351798000001,4.406633607258857,Gradient Boosting,0.0277181907411439
2021,9,5.3212221576,4.598563133365495,Gradient Boosting,0.7226590242345052
2021,9,5.3212221576,5.261896032621712,Gradient Boosting,0.0593261249782886
2021,9,5.3212221576,5.32112930865482,Gradient Boosting,9.284894518035713e-05
2021,9,5.3212221576,5.296168928232306,Gradient Boosting,0.025053229367694385
2021,9,5.3212221576,5.272684267922404,Gradient Boosting,0.04853788967759609
2021,9,5.3212221576,5.266353961945901,Gradient Boosting,0.05486819565409906
2021,9,5.3212221576,5.0629363739381565,Gradient Boosting,0.25828578366184374
2021,9,5.3212221576,5.065676331793226,Gradient Boosting,0.25554582580677465
2021,10,8.868703596000001,8.346064493431207,Gradient Boosting,0.5226391025687942
2021,10,8.868703596000001,8.845497547250627,Gradient Boosting,0.023206048749374375
2021,10,8.868703596000001,8.86263800481913,Gradient Boosting,0.006065591180870911
2021,10,8.868703596000001,8.875404848895972,Gradient Boosting,-0.006701252895970455
2021,10,8.868703596000001,8.837175937008091,Gradient Boosting,0.03152765899191046
2021,10,8.868703596000001,8.839662130333314,Gradient Boosting,0.02904146566668686
2021,10,8.868703596000001,8.87199047723771,Gradient Boosting,-0.003286881237707817
2021,10,8.868703596000001,8.863304142666433,Gradient Boosting,0.005399453333568616
2021,11,10.6424443152,10.019400555039695,Gradient Boosting,0.6230437601603054
2021,11,10.6424443152,10.278477938875747,Gradient Boosting,0.3639663763242531
2021,11,10.6424443152,10.279367484069889,Gradient Boosting,0.3630768311301118
2021,11,10.6424443152,10.255963795054178,Gradient Boosting,0.3864805201458221
2021,11,10.6424443152,10.239998932878226,Gradient Boosting,0.4024453823217744
2021,11,10.6424443152,10.250470885381946,Gradient Boosting,0.39197342981805505
2021,11,10.6424443152,10.224557324885799,Gradient Boosting,0.4178869903142015
2021,11,10.6424443152,10.209549024346858,Gradient Boosting,0.4328952908531427
2021,12,5.3212221576,5.382589950743722,Gradient Boosting,-0.06136779314372198
2021,12,5.3212221576,5.0040803133873775,Gradient Boosting,0.3171418442126228
2021,12,5.3212221576,5.001648444735649,Gradient Boosting,0.31957371286435166
2021,12,5.3212221576,5.050315177941037,Gradient Boosting,0.27090697965896293
2021,12,5.3212221576,5.040859128937813,Gradient Boosting,0.28036302866218765
2021,12,5.3212221576,5.02888645333564,Gradient Boosting,0.2923357042643602
2021,12,5.3212221576,4.871012695338372,Gradient Boosting,0.45020946226162817
2021,12,5.3212221576,5.030589714345257,Gradient Boosting,0.2906324432547436
2022,1,4.925635077,4.8098410235492635,Gradient Boosting,0.11579405345073646
2022,1,4.925635077,4.892253631780518,Gradient Boosting,0.03338144521948205
2022,1,4.925635077,4.872124582481126,Gradient Boosting,0.05351049451887402
2022,1,4.925635077,4.881440418541159,Gradient Boosting,0.044194658458841296
2022,1,4.925635077,4.860687595751121,Gradient Boosting,0.06494748124887906
2022,1,4.925635077,4.868807904197073,Gradient Boosting,0.05682717280292682
2022,1,4.925635077,4.868337683564993,Gradient Boosting,0.057297393435006505
2022,1,4.925635077,4.8852665462443605,Gradient Boosting,0.0403685307556394
2022,2,4.1046958975,4.154179491313333,Gradient Boosting,-0.049483593813333115
2022,2,4.1046958975,4.039336282429329,Gradient Boosting,0.06535961507067078
2022,2,4.1046958975,4.039083500080752,Gradient Boosting,0.0656123974192484
2022,2,4.1046958975,4.043807458374819,Gradient Boosting,0.06088843912518094
2022,2,4.1046958975,4.036692148652776,Gradient Boosting,0.06800374884722427
2022,2,4.1046958975,4.035035377338347,Gradient Boosting,0.06966052016165314
2022,2,4.1046958975,3.9989544846179017,Gradient Boosting,0.10574141288209837
2022,2,4.1046958975,4.00182026505808,Gradient Boosting,0.10287563244192022
2022,3,6.5675134360000005,6.39535231705309,Gradient Boosting,0.1721611189469101
2022,3,6.5675134360000005,7.047665743063742,Gradient Boosting,-0.4801523070637419
2022,3,6.5675134360000005,6.994412030837747,Gradient Boosting,-0.4268985948377466
2022,3,6.5675134360000005,7.003246893544122,Gradient Boosting,-0.4357334575441216
2022,3,6.5675134360000005,6.995720583132214,Gradient Boosting,-0.42820714713221353
2022,3,6.5675134360000005,7.031397394822282,Gradient Boosting,-0.4638839588222812
2022,3,6.5675134360000005,7.087251374601184,Gradient Boosting,-0.5197379386011836
2022,3,6.5675134360000005,7.109555394255084,Gradient Boosting,-0.5420419582550835
2022,4,9.851270154,9.581957375278074,Gradient Boosting,0.2693127787219254
2022,4,9.851270154,9.857691983981779,Gradient Boosting,-0.00642182998177887
2022,4,9.851270154,9.876970478212712,Gradient Boosting,-0.02570032421271229
2022,4,9.851270154,9.88061943056256,Gradient Boosting,-0.029349276562559368
2022,4,9.851270154,9.894985659156115,Gradient Boosting,-0.04371550515611489
2022,4,9.851270154,9.881956688787668,Gradient Boosting,-0.030686534787667696
2022,4,9.851270154,9.895148942356837,Gradient Boosting,-0.043878788356837006
2022,4,9.851270154,9.909480772991461,Gradient Boosting,-0.058210618991461516
2022,5,11.493148513000001,11.176823739128075,Gradient Boosting,0.31632477387192637
2022,5,11.493148513000001,11.402366101192108,Gradient Boosting,0.09078241180789348
2022,5,11.493148513000001,11.450243451468628,Gradient Boosting,0.04290506153137308
2022,5,11.493148513000001,11.476887243219535,Gradient Boosting,0.016261269780466492
2022,5,11.493148513000001,11.417068194483292,Gradient Boosting,0.07608031851670916
2022,5,11.493148513000001,11.42346482700792,Gradient Boosting,0.06968368599208041
2022,5,11.493148513000001,11.424961491245545,Gradient Boosting,0.06818702175445601
2022,5,11.493148513000001,11.41076245805187,Gradient Boosting,0.082386054948131
2022,6,8.209391795,9.464375401043988,Gradient Boosting,-1.2549836060439876
2022,6,8.209391795,8.127664516790544,Gradient Boosting,0.08172727820945624
2022,6,8.209391795,8.109695112364156,Gradient Boosting,0.09969668263584452
2022,6,8.209391795,8.113158844960113,Gradient Boosting,0.0962329500398873
2022,6,8.209391795,8.119495750432089,Gradient Boosting,0.08989604456791156
2022,6,8.209391795,8.127500736135442,Gradient Boosting,0.08189105886455827
2022,6,8.209391795,8.061291741281963,Gradient Boosting,0.14810005371803747
2022,6,8.209391795,8.065938278717226,Gradient Boosting,0.14345351628277392
2022,7,4.925635077,5.482445469556195,Gradient Boosting,-0.5568103925561951
2022,7,4.925635077,4.9130177951294876,Gradient Boosting,0.012617281870512365
2022,7,4.925635077,4.9358846556984295,Gradient Boosting,-0.010249578698429573
2022,7,4.925635077,4.914699574216854,Gradient Boosting,0.0109355027831457
2022,7,4.925635077,4.903999774781586,Gradient Boosting,0.0216353022184137
2022,7,4.925635077,4.911346261240646,Gradient Boosting,0.014288815759353923
2022,7,4.925635077,4.8667787155860625,Gradient Boosting,0.058856361413937464
2022,7,4.925635077,4.8460195149307825,Gradient Boosting,0.07961556206921738
2022,8,4.1046958975,3.9188178628644983,Gradient Boosting,0.1858780346355018
2022,8,4.1046958975,3.9566838330264926,Gradient Boosting,0.14801206447350745
2022,8,4.1046958975,4.366874914690785,Gradient Boosting,-0.2621790171907845
2022,8,4.1046958975,3.9665439353393337,Gradient Boosting,0.1381519621606664
2022,8,4.1046958975,3.940599921443725,Gradient Boosting,0.16409597605627502
2022,8,4.1046958975,3.985802691654071,Gradient Boosting,0.1188932058459291
2022,8,4.1046958975,3.9409378701219913,Gradient Boosting,0.16375802737800882
2022,8,4.1046958975,3.967462019652179,Gradient Boosting,0.13723387784782126
2022,9,4.925635077,4.371679533583654,Gradient Boosting,0.5539555434163459
2022,9,4.925635077,4.842066737717979,Gradient Boosting,0.08356833928202079
2022,9,4.925635077,4.858857103614978,Gradient Boosting,0.06677797338502156
2022,9,4.925635077,4.91176657545439,Gradient Boosting,0.013868501545609924
2022,9,4.925635077,4.918656166366563,Gradient Boosting,0.006978910633437252
2022,9,4.925635077,4.934580017967731,Gradient Boosting,-0.008944940967730908
2022,9,4.925635077,4.8807132946835,Gradient Boosting,0.044921782316500014
2022,9,4.925635077,4.8838241778443185,Gradient Boosting,0.04181089915568137
2022,10,8.209391795,7.654600064454875,Gradient Boosting,0.5547917305451255
2022,10,8.209391795,8.206007639468792,Gradient Boosting,0.0033841555312079663
2022,10,8.209391795,8.202555199806607,Gradient Boosting,0.00683659519339308
2022,10,8.209391795,8.233601140386401,Gradient Boosting,-0.024209345386401182
2022,10,8.209391795,8.199176314702067,Gradient Boosting,0.01021548029793351
2022,10,8.209391795,8.19447366591341,Gradient Boosting,0.01491812908659007
2022,10,8.209391795,8.2367375647989,Gradient Boosting,-0.027345769798900577
2022,10,8.209391795,8.253775794693144,Gradient Boosting,-0.044383999693144105
2022,11,9.851270154,9.694412595008929,Gradient Boosting,0.1568575589910708
2022,11,9.851270154,9.940845605185343,Gradient Boosting,-0.08957545118534327
2022,11,9.851270154,9.890215880848027,Gradient Boosting,-0.03894572684802711
2022,11,9.851270154,9.906145253324853,Gradient Boosting,-0.05487509932485324
2022,11,9.851270154,9.902415440560885,Gradient Boosting,-0.05114528656088524
2022,11,9.851270154,9.892564761054167,Gradient Boosting,-0.04129460705416754
2022,11,9.851270154,9.866983230037912,Gradient Boosting,-0.015713076037911833
2022,11,9.851270154,9.875215310923418,Gradient Boosting,-0.0239451569234177
2022,12,4.925635077,4.60215754999682,Gradient Boosting,0.3234775270031802
2022,12,4.925635077,4.780646376346638,Gradient Boosting,0.14498870065336167
2022,12,4.925635077,4.806295886383688,Gradient Boosting,0.11933919061631215
2022,12,4.925635077,4.819153700096995,Gradient Boosting,0.1064813769030053
2022,12,4.925635077,4.781420431513569,Gradient Boosting,0.14421464548643126
2022,12,4.925635077,4.792394903639672,Gradient Boosting,0.13324017336032767
2022,12,4.925635077,4.787022369190212,Gradient Boosting,0.13861270780978785
2022,12,4.925635077,4.783393055640016,Gradient Boosting,0.14224202135998354
2023,1,4.4264350848,4.691628922605877,Gradient Boosting,-0.26519383780587713
2023,1,4.4264350848,4.377271900663651,Gradient Boosting,0.0491631841363489
2023,1,4.4264350848,4.385561912962932,Gradient Boosting,0.04087317183706762
2023,1,4.4264350848,4.359197722927649,Gradient Boosting,0.0672373618723503
2023,1,4.4264350848,4.367321968447721,Gradient Boosting,0.059113116352278894
2023,1,4.4264350848,4.36736940238211,Gradient Boosting,0.059065682417889676
2023,1,4.4264350848,4.369345688429713,Gradient Boosting,0.057089396370286316
2023,1,4.4264350848,4.39572549826892,Gradient Boosting,0.03070958653107958
2023,2,3.6886959040000002,3.869826996869606,Gradient Boosting,-0.18113109286960594
2023,2,3.6886959040000002,3.6475116995710843,Gradient Boosting,0.041184204428915905
2023,2,3.6886959040000002,3.6319564076065456,Gradient Boosting,0.05673949639345466
2023,2,3.6886959040000002,3.6413791078379587,Gradient Boosting,0.04731679616204154
2023,2,3.6886959040000002,3.6473977124806325,Gradient Boosting,0.041298191519367755
2023,2,3.6886959040000002,3.643843812209379,Gradient Boosting,0.04485209179062144
2023,2,3.6886959040000002,3.6396139305911124,Gradient Boosting,0.04908197340888787
2023,2,3.6886959040000002,3.5925089023391195,Gradient Boosting,0.09618700166088079
2023,3,5.9019134464,5.899330411573568,Gradient Boosting,0.0025830348264319625
2023,3,5.9019134464,6.085204404671799,Gradient Boosting,-0.1832909582717992
2023,3,5.9019134464,6.165721003156888,Gradient Boosting,-0.2638075567568876
2023,3,5.9019134464,6.134000718808604,Gradient Boosting,-0.23208727240860405
2023,3,5.9019134464,6.024048219421661,Gradient Boosting,-0.12213477302166087
2023,3,5.9019134464,6.436339935977038,Gradient Boosting,-0.5344264895770383
2023,3,5.9019134464,5.863267523108517,Gradient Boosting,0.038645923291483086
2023,3,5.9019134464,5.850784782831672,Gradient Boosting,0.05112866356832768
2023,4,8.8528701696,8.91231929383665,Gradient Boosting,-0.059449124236650164
2023,4,8.8528701696,8.871496821782097,Gradient Boosting,-0.018626652182097914
2023,4,8.8528701696,8.842775282626924,Gradient Boosting,0.010094886973075035
2023,4,8.8528701696,8.830634991205354,Gradient Boosting,0.02223517839464506
2023,4,8.8528701696,8.809624005665707,Gradient Boosting,0.043246163934291815
2023,4,8.8528701696,8.820830824140696,Gradient Boosting,0.03203934545930309
2023,4,8.8528701696,8.832796028370575,Gradient Boosting,0.02007414122942386
2023,4,8.8528701696,8.821135430822538,Gradient Boosting,0.03173473877746069
2023,5,10.328348531200001,10.188735790341994,Gradient Boosting,0.13961274085800746
2023,5,10.328348531200001,10.463998566092046,Gradient Boosting,-0.13565003489204486
2023,5,10.328348531200001,10.533852746588014,Gradient Boosting,-0.20550421538801267
2023,5,10.328348531200001,10.50738080829721,Gradient Boosting,-0.1790322770972086
2023,5,10.328348531200001,10.515806255714873,Gradient Boosting,-0.18745772451487142
2023,5,10.328348531200001,10.462685980919211,Gradient Boosting,-0.1343374497192098
2023,5,10.328348531200001,10.469590980815752,Gradient Boosting,-0.14124244961575094
2023,5,10.328348531200001,10.502527944485905,Gradient Boosting,-0.1741794132859038
2023,6,7.3773918080000005,7.903878387137335,Gradient Boosting,-0.5264865791373348
2023,6,7.3773918080000005,7.21008102616032,Gradient Boosting,0.16731078183968062
2023,6,7.3773918080000005,7.187848943718546,Gradient Boosting,0.18954286428145473
2023,6,7.3773918080000005,7.298046626491692,Gradient Boosting,0.07934518150830883
2023,6,7.3773918080000005,7.313373485982247,Gradient Boosting,0.0640183220177537
2023,6,7.3773918080000005,7.324505689511659,Gradient Boosting,0.05288611848834179
2023,6,7.3773918080000005,7.215509518713161,Gradient Boosting,0.16188228928683923
2023,6,7.3773918080000005,7.234553739724108,Gradient Boosting,0.14283806827589274
2023,7,4.4264350848,6.46899044140027,Gradient Boosting,-2.0425553566002703
2023,7,4.4264350848,4.387156226457315,Gradient Boosting,0.03927885834268441
2023,7,4.4264350848,4.3801433762242175,Gradient Boosting,0.04629170857578213
2023,7,4.4264350848,4.399353125638945,Gradient Boosting,0.027081959161054492
2023,7,4.4264350848,4.395877429210814,Gradient Boosting,0.03055765558918555
2023,7,4.4264350848,4.38500646484266,Gradient Boosting,0.041428619957339485
2023,7,4.4264350848,4.383784948511223,Gradient Boosting,0.042650136288776785
2023,7,4.4264350848,4.3875320640034365,Gradient Boosting,0.03890302079656305
2023,8,3.6886959040000002,4.036798083075651,Gradient Boosting,-0.3481021790756511
2023,8,3.6886959040000002,3.684904107685967,Gradient Boosting,0.0037917963140330357
2023,8,3.6886959040000002,3.7019783210901624,Gradient Boosting,-0.013282417090162202
2023,8,3.6886959040000002,3.693646667012133,Gradient Boosting,-0.004950763012132597
2023,8,3.6886959040000002,3.6720320726378763,Gradient Boosting,0.016663831362123904
2023,8,3.6886959040000002,3.7242592568674957,Gradient Boosting,-0.03556335286749546
2023,8,3.6886959040000002,3.6865942555104514,Gradient Boosting,0.0021016484895488574
2023,8,3.6886959040000002,3.6935496685313423,Gradient Boosting,-0.004853764531342009
2023,9,4.4264350848,4.312913882666857,Gradient Boosting,0.11352120213314265
2023,9,4.4264350848,4.382505118484781,Gradient Boosting,0.043929966315218394
2023,9,4.4264350848,4.406539663119128,Gradient Boosting,0.01989542168087155
2023,9,4.4264350848,4.33147595797717,Gradient Boosting,0.09495912682282981
2023,9,4.4264350848,4.349288505915209,Gradient Boosting,0.0771465788847907
2023,9,4.4264350848,4.354968865613677,Gradient Boosting,0.07146621918632245
2023,9,4.4264350848,4.364825789898129,Gradient Boosting,0.061609294901870726
2023,9,4.4264350848,4.3621344261569215,Gradient Boosting,0.0643006586430781
2023,10,7.3773918080000005,7.5439784946890365,Gradient Boosting,-0.16658668668903598
2023,10,7.3773918080000005,7.300604436284307,Gradient Boosting,0.07678737171569328
2023,10,7.3773918080000005,7.3192137632416845,Gradient Boosting,0.058178044758316005
2023,10,7.3773918080000005,7.532596105625751,Gradient Boosting,-0.15520429762575016
2023,10,7.3773918080000005,7.541478607512179,Gradient Boosting,-0.16408679951217842
2023,10,7.3773918080000005,7.540669022488613,Gradient Boosting,-0.16327721448861254
2023,10,7.3773918080000005,7.611942436169772,Gradient Boosting,-0.2345506281697718
2023,10,7.3773918080000005,7.384273779362568,Gradient Boosting,-0.006881971362567185
2023,11,8.8528701696,9.087589585744379,Gradient Boosting,-0.23471941614437952
2023,11,8.8528701696,8.902733316879777,Gradient Boosting,-0.04986314727977792
2023,11,8.8528701696,8.946668687116823,Gradient Boosting,-0.09379851751682367
2023,11,8.8528701696,8.988996881667175,Gradient Boosting,-0.13612671206717586
2023,11,8.8528701696,8.967965403618836,Gradient Boosting,-0.11509523401883648
2023,11,8.8528701696,8.912717761394363,Gradient Boosting,-0.05984759179436416
2023,11,8.8528701696,8.91622873735584,Gradient Boosting,-0.06335856775584148
2023,11,8.8528701696,8.910197521015414,Gradient Boosting,-0.057327351415414896
2023,12,4.4264350848,4.560831430992668,Gradient Boosting,-0.13439634619266805
2023,12,4.4264350848,4.597148732526894,Gradient Boosting,-0.17071364772689446
2023,12,4.4264350848,4.364599200208759,Gradient Boosting,0.061835884591240564
2023,12,4.4264350848,4.372096053881784,Gradient Boosting,0.054339030918215236
2023,12,4.4264350848,4.372485119932504,Gradient Boosting,0.05394996486749548
2023,12,4.4264350848,4.395183842530218,Gradient Boosting,0.031251242269781265
2023,12,4.4264350848,4.424151496278995,Gradient Boosting,0.0022835885210046314
2023,12,4.4264350848,4.326225512343123,Gradient Boosting,0.100209572456877
2024,1,4.450098509999999,4.312248689826534,Gradient Boosting,0.13784982017346525
2024,1,4.450098509999999,4.3671732621675154,Gradient Boosting,0.08292524783248378
2024,1,4.450098509999999,4.369339497009967,Gradient Boosting,0.08075901299003263
2024,1,4.450098509999999,4.3747688890233745,Gradient Boosting,0.07532962097662477
2024,1,4.450098509999999,4.351665364384034,Gradient Boosting,0.0984331456159655
2024,1,4.450098509999999,4.364964270198302,Gradient Boosting,0.08513423980169765
2024,1,4.450098509999999,4.379981350886647,Gradient Boosting,0.07011715911335248
2024,1,4.450098509999999,4.390619283379141,Gradient Boosting,0.05947922662085858
2024,2,3.708415425,4.018513030787945,Gradient Boosting,-0.310097605787945
2024,2,3.708415425,3.6525414502708275,Gradient Boosting,0.05587397472917255
2024,2,3.708415425,3.641419393551549,Gradient Boosting,0.06699603144845101
2024,2,3.708415425,3.6519583833275564,Gradient Boosting,0.0564570416724437
2024,2,3.708415425,3.6360102122911253,Gradient Boosting,0.07240521270887479
2024,2,3.708415425,3.6503931919570425,Gradient Boosting,0.058022233042957616
2024,2,3.708415425,3.607382572344264,Gradient Boosting,0.10103285265573625
2024,2,3.708415425,3.609963813999618,Gradient Boosting,0.09845161100038213
2024,3,5.933464679999999,5.95585358345296,Gradient Boosting,-0.02238890345296074
2024,3,5.933464679999999,5.892531028372808,Gradient Boosting,0.0409336516271912
2024,3,5.933464679999999,5.91245271657674,Gradient Boosting,0.02101196342325906
2024,3,5.933464679999999,5.892271331004962,Gradient Boosting,0.04119334899503713
2024,3,5.933464679999999,5.88968894069165,Gradient Boosting,0.04377573930834888
2024,3,5.933464679999999,5.921694166838476,Gradient Boosting,0.011770513161523333
2024,3,5.933464679999999,5.873373093691995,Gradient Boosting,0.06009158630800471
2024,3,5.933464679999999,5.876255843774875,Gradient Boosting,0.05720883622512396
2024,4,8.900197019999998,9.002813152400948,Gradient Boosting,-0.10261613240095002
2024,4,8.900197019999998,8.796467888006857,Gradient Boosting,0.10372913199314127
2024,4,8.900197019999998,8.841886526794912,Gradient Boosting,0.05831049320508619
2024,4,8.900197019999998,8.826551919000067,Gradient Boosting,0.07364510099993105
2024,4,8.900197019999998,8.855781534299217,Gradient Boosting,0.04441548570078169
2024,4,8.900197019999998,8.856070234109378,Gradient Boosting,0.04412678589062047
2024,4,8.900197019999998,8.840806497841616,Gradient Boosting,0.05939052215838281
2024,4,8.900197019999998,8.84884104363484,Gradient Boosting,0.05135597636515854
2024,5,10.38356319,9.61309220876073,Gradient Boosting,0.7704709812392707
2024,5,10.38356319,10.41633300469748,Gradient Boosting,-0.032769814697479305
2024,5,10.38356319,10.429201164820803,Gradient Boosting,-0.045637974820802896
2024,5,10.38356319,10.424347892619881,Gradient Boosting,-0.040784702619880875
2024,5,10.38356319,10.452344696919141,Gradient Boosting,-0.06878150691914087
2024,5,10.38356319,10.3747245346111,Gradient Boosting,0.008838655388899497
2024,5,10.38356319,10.421651995524766,Gradient Boosting,-0.038088805524765235
2024,5,10.38356319,10.450426327426284,Gradient Boosting,-0.06686313742628336
2024,6,7.41683085,8.89963399555848,Gradient Boosting,-1.4828031455584796
2024,6,7.41683085,7.259230962921705,Gradient Boosting,0.15759988707829553
2024,6,7.41683085,7.252489543856061,Gradient Boosting,0.16434130614393894
2024,6,7.41683085,7.310802367130459,Gradient Boosting,0.10602848286954103
2024,6,7.41683085,7.316229812708046,Gradient Boosting,0.10060103729195458
2024,6,7.41683085,7.33090576492213,Gradient Boosting,0.08592508507787056
2024,6,7.41683085,7.236933603017528,Gradient Boosting,0.17989724698247223
2024,6,7.41683085,7.252104319535431,Gradient Boosting,0.1647265304645691
2024,7,4.450098509999999,5.398384342057636,Gradient Boosting,-0.9482858320576364
2024,7,4.450098509999999,4.385571623128007,Gradient Boosting,0.0645268868719926
2024,7,4.450098509999999,4.372286701897225,Gradient Boosting,0.07781180810277455
2024,7,4.450098509999999,4.361077349761747,Gradient Boosting,0.0890211602382518
2024,7,4.450098509999999,4.356257572087813,Gradient Boosting,0.09384093791218628
2024,7,4.450098509999999,4.391851013081255,Gradient Boosting,0.05824749691874409
2024,7,4.450098509999999,4.380737671901475,Gradient Boosting,0.06936083809852445
2024,7,4.450098509999999,4.3839780097617655,Gradient Boosting,0.06612050023823368
2024,8,3.708415425,3.85476628059377,Gradient Boosting,-0.14635085559377004
2024,8,3.708415425,3.6472953319084613,Gradient Boosting,0.06112009309153876
2024,8,3.708415425,3.637214213490256,Gradient Boosting,0.07120121150974423
2024,8,3.708415425,3.646582891832573,Gradient Boosting,0.061832533167426984
2024,8,3.708415425,3.6331506843311856,Gradient Boosting,0.0752647406688145
2024,8,3.708415425,3.669744935385506,Gradient Boosting,0.03867048961449404
2024,8,3.708415425,3.6548847999331344,Gradient Boosting,0.05353062506686568
2024,8,3.708415425,3.6383339456755097,Gradient Boosting,0.07008147932449038
2024,9,4.450098509999999,4.284714214120343,Gradient Boosting,0.1653842958796563
2024,9,4.450098509999999,4.383350159875317,Gradient Boosting,0.06674835012468261
2024,9,4.450098509999999,4.3698593044376866,Gradient Boosting,0.08023920556231268
2024,9,4.450098509999999,4.367613996324721,Gradient Boosting,0.08248451367527831
2024,9,4.450098509999999,4.336523355965762,Gradient Boosting,0.1135751540342369
2024,9,4.450098509999999,4.37754229573712,Gradient Boosting,0.07255621426287906
2024,9,4.450098509999999,4.373462777969653,Gradient Boosting,0.07663573203034613
2024,9,4.450098509999999,4.3735685081143165,Gradient Boosting,0.07653000188568271
2024,10,7.41683085,7.6332987186697725,Gradient Boosting,-0.2164678686697723
2024,10,7.41683085,7.318800834527659,Gradient Boosting,0.09803001547234125
2024,10,7.41683085,7.31368041135002,Gradient Boosting,0.10315043864998064
2024,10,7.41683085,7.367199042888834,Gradient Boosting,0.049631807111166104
2024,10,7.41683085,7.531471748928532,Gradient Boosting,-0.11464089892853213
2024,10,7.41683085,7.550387448997921,Gradient Boosting,-0.13355659899792105
2024,10,7.41683085,7.616709222500173,Gradient Boosting,-0.19987837250017293
2024,10,7.41683085,7.36761527031452,Gradient Boosting,0.04921557968548029
2024,11,8.900197019999998,9.08221445653385,Gradient Boosting,-0.18201743653385094
2024,11,8.900197019999998,8.915964707558725,Gradient Boosting,-0.015767687558726706
2024,11,8.900197019999998,8.92885025990079,Gradient Boosting,-0.02865323990079105
2024,11,8.900197019999998,8.917117967973766,Gradient Boosting,-0.016920947973767753
2024,11,8.900197019999998,8.920963842744577,Gradient Boosting,-0.020766822744578306
2024,11,8.900197019999998,8.912635062885212,Gradient Boosting,-0.012438042885213108
2024,11,8.900197019999998,8.922789678839132,Gradient Boosting,-0.02259265883913386
2024,11,8.900197019999998,8.924342984911258,Gradient Boosting,-0.0241459649112592
2024,12,4.450098509999999,5.113077591912538,Gradient Boosting,-0.662979081912539
2024,12,4.450098509999999,4.378079596804409,Gradient Boosting,0.07201891319559017
2024,12,4.450098509999999,4.397694520162692,Gradient Boosting,0.05240398983730721
2024,12,4.450098509999999,4.380105432666325,Gradient Boosting,0.06999307733367388
2024,12,4.450098509999999,4.374739124438074,Gradient Boosting,0.07535938556192523
2024,12,4.450098509999999,4.399726018968961,Gradient Boosting,0.05037249103103836
2024,12,4.450098509999999,4.408950156298942,Gradient Boosting,0.041148353701057516
2024,12,4.450098509999999,4.4016812114133606,Gradient Boosting,0.04841729858663868
2001,1,14.593574718,14.59357471799998,Extra Trees,1.9539925233402755e-14
2001,2,12.161312265,12.16131226500001,Extra Trees,-1.0658141036401503e-14
2001,3,19.458099624,19.458099623999956,Extra Trees,4.263256414560601e-14
2001,4,29.187149436,29.18714943599996,Extra Trees,3.907985046680551e-14
2001,5,34.051674342,34.05167434199995,Extra Trees,4.973799150320701e-14
2001,6,24.32262453,24.32262453000002,Extra Trees,-2.1316282072803006e-14
2001,7,14.593574718,14.59357471799998,Extra Trees,1.9539925233402755e-14
2001,8,12.161312265,12.16131226500001,Extra Trees,-1.0658141036401503e-14
2001,9,14.593574718,14.59357471799998,Extra Trees,1.9539925233402755e-14
2001,10,24.32262453,24.32262453000002,Extra Trees,-2.1316282072803006e-14
2001,11,29.187149436,29.18714943599996,Extra Trees,3.907985046680551e-14
2001,12,14.593574718,14.59357471799998,Extra Trees,1.9539925233402755e-14
2002,1,13.653268812,13.653268812000007,Extra Trees,-7.105427357601002e-15
2002,2,11.377724010000001,11.377724009999987,Extra Trees,1.4210854715202004e-14
2002,3,18.204358416,18.20435841600004,Extra Trees,-3.907985046680551e-14
2002,4,27.306537624,27.306537624000015,Extra Trees,-1.4210854715202004e-14
2002,5,31.857627228000002,31.857627228000048,Extra Trees,-4.618527782440651e-14
2002,6,22.755448020000003,22.755448019999974,Extra Trees,2.842170943040401e-14
2002,7,13.653268812,13.653268812000007,Extra Trees,-7.105427357601002e-15
2002,8,11.377724010000001,11.377724009999987,Extra Trees,1.4210854715202004e-14
2002,9,13.653268812,13.653268812000007,Extra Trees,-7.105427357601002e-15
2002,10,22.755448020000003,22.755448019999974,Extra Trees,2.842170943040401e-14
2002,11,27.306537624,27.306537624000015,Extra Trees,-1.4210854715202004e-14
2002,12,13.653268812,13.653268812000007,Extra Trees,-7.105427357601002e-15
2003,1,13.208306627999999,13.208306627999969,Extra Trees,3.019806626980426e-14
2003,2,11.006922190000001,11.006922189999987,Extra Trees,1.4210854715202004e-14
2003,3,17.611075504000002,17.61107550399998,Extra Trees,2.1316282072803006e-14
2003,4,26.416613255999998,26.416613255999938,Extra Trees,6.039613253960852e-14
2003,5,30.819382132000005,30.819382132000065,Extra Trees,-6.039613253960852e-14
2003,6,22.013844380000002,22.013844379999973,Extra Trees,2.842170943040401e-14
2003,7,13.208306627999999,13.208306627999969,Extra Trees,3.019806626980426e-14
2003,8,11.006922190000001,11.006922189999987,Extra Trees,1.4210854715202004e-14
2003,9,13.208306627999999,13.208306627999969,Extra Trees,3.019806626980426e-14
2003,10,22.013844380000002,22.013844379999973,Extra Trees,2.842170943040401e-14
2003,11,26.416613255999998,26.416613255999938,Extra Trees,6.039613253960852e-14
2003,12,13.208306627999999,13.208306627999969,Extra Trees,3.019806626980426e-14
2004,1,11.065235658,11.065235657999997,Extra Trees,3.552713678800501e-15
2004,2,9.221029715,9.221029714999988,Extra Trees,1.2434497875801753e-14
2004,3,14.753647544000001,14.753647543999994,Extra Trees,7.105427357601002e-15
2004,4,22.130471316,22.130471315999994,Extra Trees,7.105427357601002e-15
2004,5,25.818883202000002,25.818883202000038,Extra Trees,-3.552713678800501e-14
2004,6,18.44205943,18.442059429999976,Extra Trees,2.4868995751603507e-14
2004,7,11.065235658,11.065235657999997,Extra Trees,3.552713678800501e-15
2004,8,9.221029715,9.221029714999988,Extra Trees,1.2434497875801753e-14
2004,9,11.065235658,11.065235657999997,Extra Trees,3.552713678800501e-15
2004,10,18.44205943,18.442059429999976,Extra Trees,2.4868995751603507e-14
2004,11,22.130471316,22.130471315999994,Extra Trees,7.105427357601002e-15
2004,12,11.065235658,11.065235657999997,Extra Trees,3.552713678800501e-15
2005,1,8.335110228,8.33511022799999,Extra Trees,8.881784197001252e-15
2005,2,6.9459251900000005,6.945925190000015,Extra Trees,-1.4210854715202004e-14
2005,3,11.113480304,11.113480303999976,Extra Trees,2.3092638912203256e-14
2005,4,16.670220456,16.67022045599998,Extra Trees,1.7763568394002505e-14
2005,5,19.448590532,19.448590532000022,Extra Trees,-2.1316282072803006e-14
2005,6,13.891850380000001,13.89185038000003,Extra Trees,-2.842170943040401e-14
2005,7,8.335110228,8.33511022799999,Extra Trees,8.881784197001252e-15
2005,8,6.9459251900000005,6.945925190000015,Extra Trees,-1.4210854715202004e-14
2005,9,8.335110228,8.33511022799999,Extra Trees,8.881784197001252e-15
2005,10,13.891850380000001,13.89185038000003,Extra Trees,-2.842170943040401e-14
2005,11,16.670220456,16.67022045599998,Extra Trees,1.7763568394002505e-14
2005,12,8.335110228,8.33511022799999,Extra Trees,8.881784197001252e-15
2006,1,7.531516901999999,7.531516902000012,Extra Trees,-1.3322676295501878e-14
2006,2,6.276264085,6.276264084999989,Extra Trees,1.1546319456101628e-14
2006,3,10.042022536,10.042022535999992,Extra Trees,7.105427357601002e-15
2006,4,15.063033803999998,15.063033804000025,Extra Trees,-2.6645352591003757e-14
2006,5,17.573539438,17.573539437999965,Extra Trees,3.552713678800501e-14
2006,6,12.55252817,12.552528169999977,Extra Trees,2.3092638912203256e-14
2006,7,7.531516901999999,7.531516902000012,Extra Trees,-1.3322676295501878e-14
2006,8,6.276264085,6.276264084999989,Extra Trees,1.1546319456101628e-14
2006,9,7.531516901999999,7.531516902000012,Extra Trees,-1.3322676295501878e-14
2006,10,12.55252817,12.552528169999977,Extra Trees,2.3092638912203256e-14
2006,11,15.063033803999998,15.063033804000025,Extra Trees,-2.6645352591003757e-14
2006,12,7.531516901999999,7.531516902000012,Extra Trees,-1.3322676295501878e-14
2007,1,5.6901060612,5.690106061200014,Extra Trees,-1.4210854715202004e-14
2007,2,4.741755051,4.741755050999996,Extra Trees,4.440892098500626e-15
2007,3,7.5868080816,7.586808081599998,Extra Trees,1.7763568394002505e-15
2007,4,11.3802121224,11.380212122400028,Extra Trees,-2.842170943040401e-14
2007,5,13.2769141428,13.276914142800017,Extra Trees,-1.5987211554602254e-14
2007,6,9.483510102,9.483510101999991,Extra Trees,8.881784197001252e-15
2007,7,5.6901060612,5.690106061200014,Extra Trees,-1.4210854715202004e-14
2007,8,4.741755051,4.741755050999996,Extra Trees,4.440892098500626e-15
2007,9,5.6901060612,5.690106061200014,Extra Trees,-1.4210854715202004e-14
2007,10,9.483510102,9.483510101999991,Extra Trees,8.881784197001252e-15
2007,11,11.3802121224,11.380212122400028,Extra Trees,-2.842170943040401e-14
2007,12,5.6901060612,5.690106061200014,Extra Trees,-1.4210854715202004e-14
2008,1,4.7865969468,4.7865969467999925,Extra Trees,7.105427357601002e-15
2008,2,3.988830789,3.9888307890000045,Extra Trees,-4.440892098500626e-15
2008,3,6.3821292624,6.382129262399994,Extra Trees,6.217248937900877e-15
2008,4,9.5731938936,9.573193893599985,Extra Trees,1.4210854715202004e-14
2008,5,11.1687262092,11.16872620920001,Extra Trees,-8.881784197001252e-15
2008,6,7.977661578,7.977661578000009,Extra Trees,-8.881784197001252e-15
2008,7,4.7865969468,4.7865969467999925,Extra Trees,7.105427357601002e-15
2008,8,3.988830789,3.9888307890000045,Extra Trees,-4.440892098500626e-15
2008,9,4.7865969468,4.7865969467999925,Extra Trees,7.105427357601002e-15
2008,10,7.977661578,7.977661578000009,Extra Trees,-8.881784197001252e-15
2008,11,9.5731938936,9.573193893599985,Extra Trees,1.4210854715202004e-14
2008,12,4.7865969468,4.7865969467999925,Extra Trees,7.105427357601002e-15
2009,1,4.6557684545999996,4.655768454599992,Extra Trees,7.993605777301127e-15
2009,2,3.8798070455,3.879807045500001,Extra Trees,-8.881784197001252e-16
2009,3,6.2076912728,6.2076912728000035,Extra Trees,-3.552713678800501e-15
2009,4,9.311536909199999,9.311536909199983,Extra Trees,1.5987211554602254e-14
2009,5,10.863459727400002,10.863459727400013,Extra Trees,-1.0658141036401503e-14
2009,6,7.759614091,7.759614091000002,Extra Trees,-1.7763568394002505e-15
2009,7,4.6557684545999996,4.655768454599992,Extra Trees,7.993605777301127e-15
2009,8,3.8798070455,3.879807045500001,Extra Trees,-8.881784197001252e-16
2009,9,4.6557684545999996,4.655768454599992,Extra Trees,7.993605777301127e-15
2009,10,7.759614091,7.759614091000002,Extra Trees,-1.7763568394002505e-15
2009,11,9.311536909199999,9.311536909199983,Extra Trees,1.5987211554602254e-14
2009,12,4.6557684545999996,4.655768454599992,Extra Trees,7.993605777301127e-15
2010,1,4.8163530444,4.8163530443999925,Extra Trees,7.105427357601002e-15
2010,1,4.8163530444,4.8163530443999925,Extra Trees,7.105427357601002e-15
2010,1,4.8163530444,4.8163530443999925,Extra Trees,7.105427357601002e-15
2010,1,4.8163530444,4.8163530443999925,Extra Trees,7.105427357601002e-15
2010,1,4.8163530444,4.8163530443999925,Extra Trees,7.105427357601002e-15
2010,1,4.8163530444,4.8163530443999925,Extra Trees,7.105427357601002e-15
2010,1,4.8163530444,4.8163530443999925,Extra Trees,7.105427357601002e-15
2010,1,4.8163530444,4.8163530443999925,Extra Trees,7.105427357601002e-15
2010,2,4.0136275370000005,4.013627536999994,Extra Trees,6.217248937900877e-15
2010,2,4.0136275370000005,4.013627536999994,Extra Trees,6.217248937900877e-15
2010,2,4.0136275370000005,4.013627536999994,Extra Trees,6.217248937900877e-15
2010,2,4.0136275370000005,4.013627536999994,Extra Trees,6.217248937900877e-15
2010,2,4.0136275370000005,4.013627536999994,Extra Trees,6.217248937900877e-15
2010,2,4.0136275370000005,4.013627536999994,Extra Trees,6.217248937900877e-15
2010,2,4.0136275370000005,4.013627536999994,Extra Trees,6.217248937900877e-15
2010,2,4.0136275370000005,4.013627536999994,Extra Trees,6.217248937900877e-15
2010,3,6.4218040592,6.421804059199994,Extra Trees,6.217248937900877e-15
2010,3,6.4218040592,6.421804059199994,Extra Trees,6.217248937900877e-15
2010,3,6.4218040592,6.421804059199994,Extra Trees,6.217248937900877e-15
2010,3,6.4218040592,6.421804059199994,Extra Trees,6.217248937900877e-15
2010,3,6.4218040592,6.421804059199994,Extra Trees,6.217248937900877e-15
2010,3,6.4218040592,6.421804059199994,Extra Trees,6.217248937900877e-15
2010,3,6.4218040592,6.421804059199994,Extra Trees,6.217248937900877e-15
2010,3,6.4218040592,6.421804059199994,Extra Trees,6.217248937900877e-15
2010,4,9.6327060888,9.632706088799985,Extra Trees,1.4210854715202004e-14
2010,4,9.6327060888,9.632706088799985,Extra Trees,1.4210854715202004e-14
2010,4,9.6327060888,9.632706088799985,Extra Trees,1.4210854715202004e-14
2010,4,9.6327060888,9.632706088799985,Extra Trees,1.4210854715202004e-14
2010,4,9.6327060888,9.632706088799985,Extra Trees,1.4210854715202004e-14
2010,4,9.6327060888,9.632706088799985,Extra Trees,1.4210854715202004e-14
2010,4,9.6327060888,9.632706088799985,Extra Trees,1.4210854715202004e-14
2010,4,9.6327060888,9.632706088799985,Extra Trees,1.4210854715202004e-14
2010,5,11.2381571036,11.23815710359999,Extra Trees,1.0658141036401503e-14
2010,5,11.2381571036,11.23815710359999,Extra Trees,1.0658141036401503e-14
2010,5,11.2381571036,11.23815710359999,Extra Trees,1.0658141036401503e-14
2010,5,11.2381571036,11.23815710359999,Extra Trees,1.0658141036401503e-14
2010,5,11.2381571036,11.23815710359999,Extra Trees,1.0658141036401503e-14
2010,5,11.2381571036,11.23815710359999,Extra Trees,1.0658141036401503e-14
2010,5,11.2381571036,11.23815710359999,Extra Trees,1.0658141036401503e-14
2010,5,11.2381571036,11.23815710359999,Extra Trees,1.0658141036401503e-14
2010,6,8.027255074000001,8.027255073999989,Extra Trees,1.2434497875801753e-14
2010,6,8.027255074000001,8.027255073999989,Extra Trees,1.2434497875801753e-14
2010,6,8.027255074000001,8.027255073999989,Extra Trees,1.2434497875801753e-14
2010,6,8.027255074000001,8.027255073999989,Extra Trees,1.2434497875801753e-14
2010,6,8.027255074000001,8.027255073999989,Extra Trees,1.2434497875801753e-14
2010,6,8.027255074000001,8.027255073999989,Extra Trees,1.2434497875801753e-14
2010,6,8.027255074000001,8.027255073999989,Extra Trees,1.2434497875801753e-14
2010,6,8.027255074000001,8.027255073999989,Extra Trees,1.2434497875801753e-14
2010,7,4.8163530444,4.8163530443999925,Extra Trees,7.105427357601002e-15
2010,7,4.8163530444,4.8163530443999925,Extra Trees,7.105427357601002e-15
2010,7,4.8163530444,4.8163530443999925,Extra Trees,7.105427357601002e-15
2010,7,4.8163530444,4.8163530443999925,Extra Trees,7.105427357601002e-15
2010,7,4.8163530444,4.8163530443999925,Extra Trees,7.105427357601002e-15
2010,7,4.8163530444,4.8163530443999925,Extra Trees,7.105427357601002e-15
2010,7,4.8163530444,4.8163530443999925,Extra Trees,7.105427357601002e-15
2010,7,4.8163530444,4.8163530443999925,Extra Trees,7.105427357601002e-15
2010,8,4.0136275370000005,4.013627536999994,Extra Trees,6.217248937900877e-15
2010,8,4.0136275370000005,4.013627536999994,Extra Trees,6.217248937900877e-15
2010,8,4.0136275370000005,4.013627536999994,Extra Trees,6.217248937900877e-15
2010,8,4.0136275370000005,4.013627536999994,Extra Trees,6.217248937900877e-15
2010,8,4.0136275370000005,4.013627536999994,Extra Trees,6.217248937900877e-15
2010,8,4.0136275370000005,4.013627536999994,Extra Trees,6.217248937900877e-15
2010,8,4.0136275370000005,4.013627536999994,Extra Trees,6.217248937900877e-15
2010,8,4.0136275370000005,4.013627536999994,Extra Trees,6.217248937900877e-15
2010,9,4.8163530444,4.8163530443999925,Extra Trees,7.105427357601002e-15
2010,9,4.8163530444,4.8163530443999925,Extra Trees,7.105427357601002e-15
2010,9,4.8163530444,4.8163530443999925,Extra Trees,7.105427357601002e-15
2010,9,4.8163530444,4.8163530443999925,Extra Trees,7.105427357601002e-15
2010,9,4.8163530444,4.8163530443999925,Extra Trees,7.105427357601002e-15
2010,9,4.8163530444,4.8163530443999925,Extra Trees,7.105427357601002e-15
2010,9,4.8163530444,4.8163530443999925,Extra Trees,7.105427357601002e-15
2010,9,4.8163530444,4.8163530443999925,Extra Trees,7.105427357601002e-15
2010,10,8.027255074000001,8.027255073999989,Extra Trees,1.2434497875801753e-14
2010,10,8.027255074000001,8.027255073999989,Extra Trees,1.2434497875801753e-14
2010,10,8.027255074000001,8.027255073999989,Extra Trees,1.2434497875801753e-14
2010,10,8.027255074000001,8.027255073999989,Extra Trees,1.2434497875801753e-14
2010,10,8.027255074000001,8.027255073999989,Extra Trees,1.2434497875801753e-14
2010,10,8.027255074000001,8.027255073999989,Extra Trees,1.2434497875801753e-14
2010,10,8.027255074000001,8.027255073999989,Extra Trees,1.2434497875801753e-14
2010,10,8.027255074000001,8.027255073999989,Extra Trees,1.2434497875801753e-14
2010,11,9.6327060888,9.632706088799985,Extra Trees,1.4210854715202004e-14
2010,11,9.6327060888,9.632706088799985,Extra Trees,1.4210854715202004e-14
2010,11,9.6327060888,9.632706088799985,Extra Trees,1.4210854715202004e-14
2010,11,9.6327060888,9.632706088799985,Extra Trees,1.4210854715202004e-14
2010,11,9.6327060888,9.632706088799985,Extra Trees,1.4210854715202004e-14
2010,11,9.6327060888,9.632706088799985,Extra Trees,1.4210854715202004e-14
2010,11,9.6327060888,9.632706088799985,Extra Trees,1.4210854715202004e-14
2010,11,9.6327060888,9.632706088799985,Extra Trees,1.4210854715202004e-14
2010,12,4.8163530444,4.8163530443999925,Extra Trees,7.105427357601002e-15
2010,12,4.8163530444,4.8163530443999925,Extra Trees,7.105427357601002e-15
2010,12,4.8163530444,4.8163530443999925,Extra Trees,7.105427357601002e-15
2010,12,4.8163530444,4.8163530443999925,Extra Trees,7.105427357601002e-15
2010,12,4.8163530444,4.8163530443999925,Extra Trees,7.105427357601002e-15
2010,12,4.8163530444,4.8163530443999925,Extra Trees,7.105427357601002e-15
2010,12,4.8163530444,4.8163530443999925,Extra Trees,7.105427357601002e-15
2010,12,4.8163530444,4.8163530443999925,Extra Trees,7.105427357601002e-15
2011,1,4.9549168757999995,4.954916875799996,Extra Trees,3.552713678800501e-15
2011,1,4.9549168757999995,4.954916875799996,Extra Trees,3.552713678800501e-15
2011,1,4.9549168757999995,4.954916875799996,Extra Trees,3.552713678800501e-15
2011,1,4.9549168757999995,4.954916875799996,Extra Trees,3.552713678800501e-15
2011,1,4.9549168757999995,4.954916875799996,Extra Trees,3.552713678800501e-15
2011,1,4.9549168757999995,4.954916875799996,Extra Trees,3.552713678800501e-15
2011,1,4.9549168757999995,4.954916875799996,Extra Trees,3.552713678800501e-15
2011,1,4.9549168757999995,4.954916875799996,Extra Trees,3.552713678800501e-15
2011,2,4.1290973965,4.1290973965000015,Extra Trees,-1.7763568394002505e-15
2011,2,4.1290973965,4.1290973965000015,Extra Trees,-1.7763568394002505e-15
2011,2,4.1290973965,4.1290973965000015,Extra Trees,-1.7763568394002505e-15
2011,2,4.1290973965,4.1290973965000015,Extra Trees,-1.7763568394002505e-15
2011,2,4.1290973965,4.1290973965000015,Extra Trees,-1.7763568394002505e-15
2011,2,4.1290973965,4.1290973965000015,Extra Trees,-1.7763568394002505e-15
2011,2,4.1290973965,4.1290973965000015,Extra Trees,-1.7763568394002505e-15
2011,2,4.1290973965,4.1290973965000015,Extra Trees,-1.7763568394002505e-15
2011,3,6.6065558344,6.606555834399996,Extra Trees,3.552713678800501e-15
2011,3,6.6065558344,6.606555834399996,Extra Trees,3.552713678800501e-15
2011,3,6.6065558344,6.606555834399996,Extra Trees,3.552713678800501e-15
2011,3,6.6065558344,6.606555834399996,Extra Trees,3.552713678800501e-15
2011,3,6.6065558344,6.606555834399996,Extra Trees,3.552713678800501e-15
2011,3,6.6065558344,6.606555834399996,Extra Trees,3.552713678800501e-15
2011,3,6.6065558344,6.606555834399996,Extra Trees,3.552713678800501e-15
2011,3,6.6065558344,6.606555834399996,Extra Trees,3.552713678800501e-15
2011,4,9.909833751599999,9.909833751599992,Extra Trees,7.105427357601002e-15
2011,4,9.909833751599999,9.909833751599992,Extra Trees,7.105427357601002e-15
2011,4,9.909833751599999,9.909833751599992,Extra Trees,7.105427357601002e-15
2011,4,9.909833751599999,9.909833751599992,Extra Trees,7.105427357601002e-15
2011,4,9.909833751599999,9.909833751599992,Extra Trees,7.105427357601002e-15
2011,4,9.909833751599999,9.909833751599992,Extra Trees,7.105427357601002e-15
2011,4,9.909833751599999,9.909833751599992,Extra Trees,7.105427357601002e-15
2011,4,9.909833751599999,9.909833751599992,Extra Trees,7.105427357601002e-15
2011,5,11.5614727102,11.561472710199975,Extra Trees,2.4868995751603507e-14
2011,5,11.5614727102,11.561472710199975,Extra Trees,2.4868995751603507e-14
2011,5,11.5614727102,11.561472710199975,Extra Trees,2.4868995751603507e-14
2011,5,11.5614727102,11.561472710199975,Extra Trees,2.4868995751603507e-14
2011,5,11.5614727102,11.561472710199975,Extra Trees,2.4868995751603507e-14
2011,5,11.5614727102,11.561472710199975,Extra Trees,2.4868995751603507e-14
2011,5,11.5614727102,11.561472710199975,Extra Trees,2.4868995751603507e-14
2011,5,11.5614727102,11.561472710199975,Extra Trees,2.4868995751603507e-14
2011,6,8.258194793,8.258194793000003,Extra Trees,-3.552713678800501e-15
2011,6,8.258194793,8.258194793000003,Extra Trees,-3.552713678800501e-15
2011,6,8.258194793,8.258194793000003,Extra Trees,-3.552713678800501e-15
2011,6,8.258194793,8.258194793000003,Extra Trees,-3.552713678800501e-15
2011,6,8.258194793,8.258194793000003,Extra Trees,-3.552713678800501e-15
2011,6,8.258194793,8.258194793000003,Extra Trees,-3.552713678800501e-15
2011,6,8.258194793,8.258194793000003,Extra Trees,-3.552713678800501e-15
2011,6,8.258194793,8.258194793000003,Extra Trees,-3.552713678800501e-15
2011,7,4.9549168757999995,4.954916875799996,Extra Trees,3.552713678800501e-15
2011,7,4.9549168757999995,4.954916875799996,Extra Trees,3.552713678800501e-15
2011,7,4.9549168757999995,4.954916875799996,Extra Trees,3.552713678800501e-15
2011,7,4.9549168757999995,4.954916875799996,Extra Trees,3.552713678800501e-15
2011,7,4.9549168757999995,4.954916875799996,Extra Trees,3.552713678800501e-15
2011,7,4.9549168757999995,4.954916875799996,Extra Trees,3.552713678800501e-15
2011,7,4.9549168757999995,4.954916875799996,Extra Trees,3.552713678800501e-15
2011,7,4.9549168757999995,4.954916875799996,Extra Trees,3.552713678800501e-15
2011,8,4.1290973965,4.1290973965000015,Extra Trees,-1.7763568394002505e-15
2011,8,4.1290973965,4.1290973965000015,Extra Trees,-1.7763568394002505e-15
2011,8,4.1290973965,4.1290973965000015,Extra Trees,-1.7763568394002505e-15
2011,8,4.1290973965,4.1290973965000015,Extra Trees,-1.7763568394002505e-15
2011,8,4.1290973965,4.1290973965000015,Extra Trees,-1.7763568394002505e-15
2011,8,4.1290973965,4.1290973965000015,Extra Trees,-1.7763568394002505e-15
2011,8,4.1290973965,4.1290973965000015,Extra Trees,-1.7763568394002505e-15
2011,8,4.1290973965,4.1290973965000015,Extra Trees,-1.7763568394002505e-15
2011,9,4.9549168757999995,4.954916875799996,Extra Trees,3.552713678800501e-15
2011,9,4.9549168757999995,4.954916875799996,Extra Trees,3.552713678800501e-15
2011,9,4.9549168757999995,4.954916875799996,Extra Trees,3.552713678800501e-15
2011,9,4.9549168757999995,4.954916875799996,Extra Trees,3.552713678800501e-15
2011,9,4.9549168757999995,4.954916875799996,Extra Trees,3.552713678800501e-15
2011,9,4.9549168757999995,4.954916875799996,Extra Trees,3.552713678800501e-15
2011,9,4.9549168757999995,4.954916875799996,Extra Trees,3.552713678800501e-15
2011,9,4.9549168757999995,4.954916875799996,Extra Trees,3.552713678800501e-15
2011,10,8.258194793,8.258194793000003,Extra Trees,-3.552713678800501e-15
2011,10,8.258194793,8.258194793000003,Extra Trees,-3.552713678800501e-15
2011,10,8.258194793,8.258194793000003,Extra Trees,-3.552713678800501e-15
2011,10,8.258194793,8.258194793000003,Extra Trees,-3.552713678800501e-15
2011,10,8.258194793,8.258194793000003,Extra Trees,-3.552713678800501e-15
2011,10,8.258194793,8.258194793000003,Extra Trees,-3.552713678800501e-15
2011,10,8.258194793,8.258194793000003,Extra Trees,-3.552713678800501e-15
2011,10,8.258194793,8.258194793000003,Extra Trees,-3.552713678800501e-15
2011,11,9.909833751599999,9.909833751599992,Extra Trees,7.105427357601002e-15
2011,11,9.909833751599999,9.909833751599992,Extra Trees,7.105427357601002e-15
2011,11,9.909833751599999,9.909833751599992,Extra Trees,7.105427357601002e-15
2011,11,9.909833751599999,9.909833751599992,Extra Trees,7.105427357601002e-15
2011,11,9.909833751599999,9.909833751599992,Extra Trees,7.105427357601002e-15
2011,11,9.909833751599999,9.909833751599992,Extra Trees,7.105427357601002e-15
2011,11,9.909833751599999,9.909833751599992,Extra Trees,7.105427357601002e-15
2011,11,9.909833751599999,9.909833751599992,Extra Trees,7.105427357601002e-15
2011,12,4.9549168757999995,4.954916875799996,Extra Trees,3.552713678800501e-15
2011,12,4.9549168757999995,4.954916875799996,Extra Trees,3.552713678800501e-15
2011,12,4.9549168757999995,4.954916875799996,Extra Trees,3.552713678800501e-15
2011,12,4.9549168757999995,4.954916875799996,Extra Trees,3.552713678800501e-15
2011,12,4.9549168757999995,4.954916875799996,Extra Trees,3.552713678800501e-15
2011,12,4.9549168757999995,4.954916875799996,Extra Trees,3.552713678800501e-15
2011,12,4.9549168757999995,4.954916875799996,Extra Trees,3.552713678800501e-15
2011,12,4.9549168757999995,4.954916875799996,Extra Trees,3.552713678800501e-15
2012,1,5.053509131999999,5.053509131999991,Extra Trees,7.993605777301127e-15
2012,1,5.053509131999999,5.053509131999991,Extra Trees,7.993605777301127e-15
2012,1,5.053509131999999,5.053509131999991,Extra Trees,7.993605777301127e-15
2012,1,5.053509131999999,5.053509131999991,Extra Trees,7.993605777301127e-15
2012,1,5.053509131999999,5.053509131999991,Extra Trees,7.993605777301127e-15
2012,1,5.053509131999999,5.053509131999991,Extra Trees,7.993605777301127e-15
2012,1,5.053509131999999,5.053509131999991,Extra Trees,7.993605777301127e-15
2012,1,5.053509131999999,5.053509131999991,Extra Trees,7.993605777301127e-15
2012,2,4.21125761,4.211257610000005,Extra Trees,-5.329070518200751e-15
2012,2,4.21125761,4.211257610000005,Extra Trees,-5.329070518200751e-15
2012,2,4.21125761,4.211257610000005,Extra Trees,-5.329070518200751e-15
2012,2,4.21125761,4.211257610000005,Extra Trees,-5.329070518200751e-15
2012,2,4.21125761,4.211257610000005,Extra Trees,-5.329070518200751e-15
2012,2,4.21125761,4.211257610000005,Extra Trees,-5.329070518200751e-15
2012,2,4.21125761,4.211257610000005,Extra Trees,-5.329070518200751e-15
2012,2,4.21125761,4.211257610000005,Extra Trees,-5.329070518200751e-15
2012,3,6.738012176,6.738012175999992,Extra Trees,7.993605777301127e-15
2012,3,6.738012176,6.738012175999992,Extra Trees,7.993605777301127e-15
2012,3,6.738012176,6.738012175999992,Extra Trees,7.993605777301127e-15
2012,3,6.738012176,6.738012175999992,Extra Trees,7.993605777301127e-15
2012,3,6.738012176,6.738012175999992,Extra Trees,7.993605777301127e-15
2012,3,6.738012176,6.738012175999992,Extra Trees,7.993605777301127e-15
2012,3,6.738012176,6.738012175999992,Extra Trees,7.993605777301127e-15
2012,3,6.738012176,6.738012175999992,Extra Trees,7.993605777301127e-15
2012,4,10.107018263999999,10.107018263999983,Extra Trees,1.5987211554602254e-14
2012,4,10.107018263999999,10.107018263999983,Extra Trees,1.5987211554602254e-14
2012,4,10.107018263999999,10.107018263999983,Extra Trees,1.5987211554602254e-14
2012,4,10.107018263999999,10.107018263999983,Extra Trees,1.5987211554602254e-14
2012,4,10.107018263999999,10.107018263999983,Extra Trees,1.5987211554602254e-14
2012,4,10.107018263999999,10.107018263999983,Extra Trees,1.5987211554602254e-14
2012,4,10.107018263999999,10.107018263999983,Extra Trees,1.5987211554602254e-14
2012,4,10.107018263999999,10.107018263999983,Extra Trees,1.5987211554602254e-14
2012,5,11.791521308,11.791521308000021,Extra Trees,-2.1316282072803006e-14
2012,5,11.791521308,11.791521308000021,Extra Trees,-2.1316282072803006e-14
2012,5,11.791521308,11.791521308000021,Extra Trees,-2.1316282072803006e-14
2012,5,11.791521308,11.791521308000021,Extra Trees,-2.1316282072803006e-14
2012,5,11.791521308,11.791521308000021,Extra Trees,-2.1316282072803006e-14
2012,5,11.791521308,11.791521308000021,Extra Trees,-2.1316282072803006e-14
2012,5,11.791521308,11.791521308000021,Extra Trees,-2.1316282072803006e-14
2012,5,11.791521308,11.791521308000021,Extra Trees,-2.1316282072803006e-14
2012,6,8.42251522,8.42251522000001,Extra Trees,-1.0658141036401503e-14
2012,6,8.42251522,8.42251522000001,Extra Trees,-1.0658141036401503e-14
2012,6,8.42251522,8.42251522000001,Extra Trees,-1.0658141036401503e-14
2012,6,8.42251522,8.42251522000001,Extra Trees,-1.0658141036401503e-14
2012,6,8.42251522,8.42251522000001,Extra Trees,-1.0658141036401503e-14
2012,6,8.42251522,8.42251522000001,Extra Trees,-1.0658141036401503e-14
2012,6,8.42251522,8.42251522000001,Extra Trees,-1.0658141036401503e-14
2012,6,8.42251522,8.42251522000001,Extra Trees,-1.0658141036401503e-14
2012,7,5.053509131999999,5.053509131999991,Extra Trees,7.993605777301127e-15
2012,7,5.053509131999999,5.053509131999991,Extra Trees,7.993605777301127e-15
2012,7,5.053509131999999,5.053509131999991,Extra Trees,7.993605777301127e-15
2012,7,5.053509131999999,5.053509131999991,Extra Trees,7.993605777301127e-15
2012,7,5.053509131999999,5.053509131999991,Extra Trees,7.993605777301127e-15
2012,7,5.053509131999999,5.053509131999991,Extra Trees,7.993605777301127e-15
2012,7,5.053509131999999,5.053509131999991,Extra Trees,7.993605777301127e-15
2012,7,5.053509131999999,5.053509131999991,Extra Trees,7.993605777301127e-15
2012,8,4.21125761,4.211257610000005,Extra Trees,-5.329070518200751e-15
2012,8,4.21125761,4.211257610000005,Extra Trees,-5.329070518200751e-15
2012,8,4.21125761,4.211257610000005,Extra Trees,-5.329070518200751e-15
2012,8,4.21125761,4.211257610000005,Extra Trees,-5.329070518200751e-15
2012,8,4.21125761,4.211257610000005,Extra Trees,-5.329070518200751e-15
2012,8,4.21125761,4.211257610000005,Extra Trees,-5.329070518200751e-15
2012,8,4.21125761,4.211257610000005,Extra Trees,-5.329070518200751e-15
2012,8,4.21125761,4.211257610000005,Extra Trees,-5.329070518200751e-15
2012,9,5.053509131999999,5.053509131999991,Extra Trees,7.993605777301127e-15
2012,9,5.053509131999999,5.053509131999991,Extra Trees,7.993605777301127e-15
2012,9,5.053509131999999,5.053509131999991,Extra Trees,7.993605777301127e-15
2012,9,5.053509131999999,5.053509131999991,Extra Trees,7.993605777301127e-15
2012,9,5.053509131999999,5.053509131999991,Extra Trees,7.993605777301127e-15
2012,9,5.053509131999999,5.053509131999991,Extra Trees,7.993605777301127e-15
2012,9,5.053509131999999,5.053509131999991,Extra Trees,7.993605777301127e-15
2012,9,5.053509131999999,5.053509131999991,Extra Trees,7.993605777301127e-15
2012,10,8.42251522,8.42251522000001,Extra Trees,-1.0658141036401503e-14
2012,10,8.42251522,8.42251522000001,Extra Trees,-1.0658141036401503e-14
2012,10,8.42251522,8.42251522000001,Extra Trees,-1.0658141036401503e-14
2012,10,8.42251522,8.42251522000001,Extra Trees,-1.0658141036401503e-14
2012,10,8.42251522,8.42251522000001,Extra Trees,-1.0658141036401503e-14
2012,10,8.42251522,8.42251522000001,Extra Trees,-1.0658141036401503e-14
2012,10,8.42251522,8.42251522000001,Extra Trees,-1.0658141036401503e-14
2012,10,8.42251522,8.42251522000001,Extra Trees,-1.0658141036401503e-14
2012,11,10.107018263999999,10.107018263999983,Extra Trees,1.5987211554602254e-14
2012,11,10.107018263999999,10.107018263999983,Extra Trees,1.5987211554602254e-14
2012,11,10.107018263999999,10.107018263999983,Extra Trees,1.5987211554602254e-14
2012,11,10.107018263999999,10.107018263999983,Extra Trees,1.5987211554602254e-14
2012,11,10.107018263999999,10.107018263999983,Extra Trees,1.5987211554602254e-14
2012,11,10.107018263999999,10.107018263999983,Extra Trees,1.5987211554602254e-14
2012,11,10.107018263999999,10.107018263999983,Extra Trees,1.5987211554602254e-14
2012,11,10.107018263999999,10.107018263999983,Extra Trees,1.5987211554602254e-14
2012,12,5.053509131999999,5.053509131999991,Extra Trees,7.993605777301127e-15
2012,12,5.053509131999999,5.053509131999991,Extra Trees,7.993605777301127e-15
2012,12,5.053509131999999,5.053509131999991,Extra Trees,7.993605777301127e-15
2012,12,5.053509131999999,5.053509131999991,Extra Trees,7.993605777301127e-15
2012,12,5.053509131999999,5.053509131999991,Extra Trees,7.993605777301127e-15
2012,12,5.053509131999999,5.053509131999991,Extra Trees,7.993605777301127e-15
2012,12,5.053509131999999,5.053509131999991,Extra Trees,7.993605777301127e-15
2012,12,5.053509131999999,5.053509131999991,Extra Trees,7.993605777301127e-15
2013,1,5.126418222,5.126418221999995,Extra Trees,4.440892098500626e-15
2013,1,5.126418222,5.126418221999995,Extra Trees,4.440892098500626e-15
2013,1,5.126418222,5.126418221999995,Extra Trees,4.440892098500626e-15
2013,1,5.126418222,5.126418221999995,Extra Trees,4.440892098500626e-15
2013,1,5.126418222,5.126418221999995,Extra Trees,4.440892098500626e-15
2013,1,5.126418222,5.126418221999995,Extra Trees,4.440892098500626e-15
2013,1,5.126418222,5.126418221999995,Extra Trees,4.440892098500626e-15
2013,1,5.126418222,5.126418221999995,Extra Trees,4.440892098500626e-15
2013,2,4.272015185,4.27201518499999,Extra Trees,9.769962616701378e-15
2013,2,4.272015185,4.27201518499999,Extra Trees,9.769962616701378e-15
2013,2,4.272015185,4.27201518499999,Extra Trees,9.769962616701378e-15
2013,2,4.272015185,4.27201518499999,Extra Trees,9.769962616701378e-15
2013,2,4.272015185,4.27201518499999,Extra Trees,9.769962616701378e-15
2013,2,4.272015185,4.27201518499999,Extra Trees,9.769962616701378e-15
2013,2,4.272015185,4.27201518499999,Extra Trees,9.769962616701378e-15
2013,2,4.272015185,4.27201518499999,Extra Trees,9.769962616701378e-15
2013,3,6.835224296,6.835224295999989,Extra Trees,1.0658141036401503e-14
2013,3,6.835224296,6.835224295999989,Extra Trees,1.0658141036401503e-14
2013,3,6.835224296,6.835224295999989,Extra Trees,1.0658141036401503e-14
2013,3,6.835224296,6.835224295999989,Extra Trees,1.0658141036401503e-14
2013,3,6.835224296,6.835224295999989,Extra Trees,1.0658141036401503e-14
2013,3,6.835224296,6.835224295999989,Extra Trees,1.0658141036401503e-14
2013,3,6.835224296,6.835224295999989,Extra Trees,1.0658141036401503e-14
2013,3,6.835224296,6.835224295999989,Extra Trees,1.0658141036401503e-14
2013,4,10.252836444,10.25283644399999,Extra Trees,8.881784197001252e-15
2013,4,10.252836444,10.25283644399999,Extra Trees,8.881784197001252e-15
2013,4,10.252836444,10.25283644399999,Extra Trees,8.881784197001252e-15
2013,4,10.252836444,10.25283644399999,Extra Trees,8.881784197001252e-15
2013,4,10.252836444,10.25283644399999,Extra Trees,8.881784197001252e-15
2013,4,10.252836444,10.25283644399999,Extra Trees,8.881784197001252e-15
2013,4,10.252836444,10.25283644399999,Extra Trees,8.881784197001252e-15
2013,4,10.252836444,10.25283644399999,Extra Trees,8.881784197001252e-15
2013,5,11.961642518000001,11.961642517999984,Extra Trees,1.7763568394002505e-14
2013,5,11.961642518000001,11.961642517999984,Extra Trees,1.7763568394002505e-14
2013,5,11.961642518000001,11.961642517999984,Extra Trees,1.7763568394002505e-14
2013,5,11.961642518000001,11.961642517999984,Extra Trees,1.7763568394002505e-14
2013,5,11.961642518000001,11.961642517999984,Extra Trees,1.7763568394002505e-14
2013,5,11.961642518000001,11.961642517999984,Extra Trees,1.7763568394002505e-14
2013,5,11.961642518000001,11.961642517999984,Extra Trees,1.7763568394002505e-14
2013,5,11.961642518000001,11.961642517999984,Extra Trees,1.7763568394002505e-14
2013,6,8.54403037,8.54403036999998,Extra Trees,1.9539925233402755e-14
2013,6,8.54403037,8.54403036999998,Extra Trees,1.9539925233402755e-14
2013,6,8.54403037,8.54403036999998,Extra Trees,1.9539925233402755e-14
2013,6,8.54403037,8.54403036999998,Extra Trees,1.9539925233402755e-14
2013,6,8.54403037,8.54403036999998,Extra Trees,1.9539925233402755e-14
2013,6,8.54403037,8.54403036999998,Extra Trees,1.9539925233402755e-14
2013,6,8.54403037,8.54403036999998,Extra Trees,1.9539925233402755e-14
2013,6,8.54403037,8.54403036999998,Extra Trees,1.9539925233402755e-14
2013,7,5.126418222,5.126418221999995,Extra Trees,4.440892098500626e-15
2013,7,5.126418222,5.126418221999995,Extra Trees,4.440892098500626e-15
2013,7,5.126418222,5.126418221999995,Extra Trees,4.440892098500626e-15
2013,7,5.126418222,5.126418221999995,Extra Trees,4.440892098500626e-15
2013,7,5.126418222,5.126418221999995,Extra Trees,4.440892098500626e-15
2013,7,5.126418222,5.126418221999995,Extra Trees,4.440892098500626e-15
2013,7,5.126418222,5.126418221999995,Extra Trees,4.440892098500626e-15
2013,7,5.126418222,5.126418221999995,Extra Trees,4.440892098500626e-15
2013,8,4.272015185,4.27201518499999,Extra Trees,9.769962616701378e-15
2013,8,4.272015185,4.27201518499999,Extra Trees,9.769962616701378e-15
2013,8,4.272015185,4.27201518499999,Extra Trees,9.769962616701378e-15
2013,8,4.272015185,4.27201518499999,Extra Trees,9.769962616701378e-15
2013,8,4.272015185,4.27201518499999,Extra Trees,9.769962616701378e-15
2013,8,4.272015185,4.27201518499999,Extra Trees,9.769962616701378e-15
2013,8,4.272015185,4.27201518499999,Extra Trees,9.769962616701378e-15
2013,8,4.272015185,4.27201518499999,Extra Trees,9.769962616701378e-15
2013,9,5.126418222,5.126418221999995,Extra Trees,4.440892098500626e-15
2013,9,5.126418222,5.126418221999995,Extra Trees,4.440892098500626e-15
2013,9,5.126418222,5.126418221999995,Extra Trees,4.440892098500626e-15
2013,9,5.126418222,5.126418221999995,Extra Trees,4.440892098500626e-15
2013,9,5.126418222,5.126418221999995,Extra Trees,4.440892098500626e-15
2013,9,5.126418222,5.126418221999995,Extra Trees,4.440892098500626e-15
2013,9,5.126418222,5.126418221999995,Extra Trees,4.440892098500626e-15
2013,9,5.126418222,5.126418221999995,Extra Trees,4.440892098500626e-15
2013,10,8.54403037,8.54403036999998,Extra Trees,1.9539925233402755e-14
2013,10,8.54403037,8.54403036999998,Extra Trees,1.9539925233402755e-14
2013,10,8.54403037,8.54403036999998,Extra Trees,1.9539925233402755e-14
2013,10,8.54403037,8.54403036999998,Extra Trees,1.9539925233402755e-14
2013,10,8.54403037,8.54403036999998,Extra Trees,1.9539925233402755e-14
2013,10,8.54403037,8.54403036999998,Extra Trees,1.9539925233402755e-14
2013,10,8.54403037,8.54403036999998,Extra Trees,1.9539925233402755e-14
2013,10,8.54403037,8.54403036999998,Extra Trees,1.9539925233402755e-14
2013,11,10.252836444,10.25283644399999,Extra Trees,8.881784197001252e-15
2013,11,10.252836444,10.25283644399999,Extra Trees,8.881784197001252e-15
2013,11,10.252836444,10.25283644399999,Extra Trees,8.881784197001252e-15
2013,11,10.252836444,10.25283644399999,Extra Trees,8.881784197001252e-15
2013,11,10.252836444,10.25283644399999,Extra Trees,8.881784197001252e-15
2013,11,10.252836444,10.25283644399999,Extra Trees,8.881784197001252e-15
2013,11,10.252836444,10.25283644399999,Extra Trees,8.881784197001252e-15
2013,11,10.252836444,10.25283644399999,Extra Trees,8.881784197001252e-15
2013,12,5.126418222,5.126418221999995,Extra Trees,4.440892098500626e-15
2013,12,5.126418222,5.126418221999995,Extra Trees,4.440892098500626e-15
2013,12,5.126418222,5.126418221999995,Extra Trees,4.440892098500626e-15
2013,12,5.126418222,5.126418221999995,Extra Trees,4.440892098500626e-15
2013,12,5.126418222,5.126418221999995,Extra Trees,4.440892098500626e-15
2013,12,5.126418222,5.126418221999995,Extra Trees,4.440892098500626e-15
2013,12,5.126418222,5.126418221999995,Extra Trees,4.440892098500626e-15
2013,12,5.126418222,5.126418221999995,Extra Trees,4.440892098500626e-15
2014,1,5.0658494064,5.065849406399994,Extra Trees,6.217248937900877e-15
2014,1,5.0658494064,5.065849406399994,Extra Trees,6.217248937900877e-15
2014,1,5.0658494064,5.065849406399994,Extra Trees,6.217248937900877e-15
2014,1,5.0658494064,5.065849406399994,Extra Trees,6.217248937900877e-15
2014,1,5.0658494064,5.065849406399994,Extra Trees,6.217248937900877e-15
2014,1,5.0658494064,5.065849406399994,Extra Trees,6.217248937900877e-15
2014,1,5.0658494064,5.065849406399994,Extra Trees,6.217248937900877e-15
2014,1,5.0658494064,5.065849406399994,Extra Trees,6.217248937900877e-15
2014,2,4.221541172,4.221541172000001,Extra Trees,-8.881784197001252e-16
2014,2,4.221541172,4.221541172000001,Extra Trees,-8.881784197001252e-16
2014,2,4.221541172,4.221541172000001,Extra Trees,-8.881784197001252e-16
2014,2,4.221541172,4.221541172000001,Extra Trees,-8.881784197001252e-16
2014,2,4.221541172,4.221541172000001,Extra Trees,-8.881784197001252e-16
2014,2,4.221541172,4.221541172000001,Extra Trees,-8.881784197001252e-16
2014,2,4.221541172,4.221541172000001,Extra Trees,-8.881784197001252e-16
2014,2,4.221541172,4.221541172000001,Extra Trees,-8.881784197001252e-16
2014,3,6.7544658752,6.754465875200015,Extra Trees,-1.509903313490213e-14
2014,3,6.7544658752,6.754465875200015,Extra Trees,-1.509903313490213e-14
2014,3,6.7544658752,6.754465875200015,Extra Trees,-1.509903313490213e-14
2014,3,6.7544658752,6.754465875200015,Extra Trees,-1.509903313490213e-14
2014,3,6.7544658752,6.754465875200015,Extra Trees,-1.509903313490213e-14
2014,3,6.7544658752,6.754465875200015,Extra Trees,-1.509903313490213e-14
2014,3,6.7544658752,6.754465875200015,Extra Trees,-1.509903313490213e-14
2014,3,6.7544658752,6.754465875200015,Extra Trees,-1.509903313490213e-14
2014,4,10.1316988128,10.131698812799987,Extra Trees,1.2434497875801753e-14
2014,4,10.1316988128,10.131698812799987,Extra Trees,1.2434497875801753e-14
2014,4,10.1316988128,10.131698812799987,Extra Trees,1.2434497875801753e-14
2014,4,10.1316988128,10.131698812799987,Extra Trees,1.2434497875801753e-14
2014,4,10.1316988128,10.131698812799987,Extra Trees,1.2434497875801753e-14
2014,4,10.1316988128,10.131698812799987,Extra Trees,1.2434497875801753e-14
2014,4,10.1316988128,10.131698812799987,Extra Trees,1.2434497875801753e-14
2014,4,10.1316988128,10.131698812799987,Extra Trees,1.2434497875801753e-14
2014,5,11.820315281600001,11.820315281599981,Extra Trees,1.9539925233402755e-14
2014,5,11.820315281600001,11.820315281599981,Extra Trees,1.9539925233402755e-14
2014,5,11.820315281600001,11.820315281599981,Extra Trees,1.9539925233402755e-14
2014,5,11.820315281600001,11.820315281599981,Extra Trees,1.9539925233402755e-14
2014,5,11.820315281600001,11.820315281599981,Extra Trees,1.9539925233402755e-14
2014,5,11.820315281600001,11.820315281599981,Extra Trees,1.9539925233402755e-14
2014,5,11.820315281600001,11.820315281599981,Extra Trees,1.9539925233402755e-14
2014,5,11.820315281600001,11.820315281599981,Extra Trees,1.9539925233402755e-14
2014,6,8.443082344,8.443082344000002,Extra Trees,-1.7763568394002505e-15
2014,6,8.443082344,8.443082344000002,Extra Trees,-1.7763568394002505e-15
2014,6,8.443082344,8.443082344000002,Extra Trees,-1.7763568394002505e-15
2014,6,8.443082344,8.443082344000002,Extra Trees,-1.7763568394002505e-15
2014,6,8.443082344,8.443082344000002,Extra Trees,-1.7763568394002505e-15
2014,6,8.443082344,8.443082344000002,Extra Trees,-1.7763568394002505e-15
2014,6,8.443082344,8.443082344000002,Extra Trees,-1.7763568394002505e-15
2014,6,8.443082344,8.443082344000002,Extra Trees,-1.7763568394002505e-15
2014,7,5.0658494064,5.065849406399994,Extra Trees,6.217248937900877e-15
2014,7,5.0658494064,5.065849406399994,Extra Trees,6.217248937900877e-15
2014,7,5.0658494064,5.065849406399994,Extra Trees,6.217248937900877e-15
2014,7,5.0658494064,5.065849406399994,Extra Trees,6.217248937900877e-15
2014,7,5.0658494064,5.065849406399994,Extra Trees,6.217248937900877e-15
2014,7,5.0658494064,5.065849406399994,Extra Trees,6.217248937900877e-15
2014,7,5.0658494064,5.065849406399994,Extra Trees,6.217248937900877e-15
2014,7,5.0658494064,5.065849406399994,Extra Trees,6.217248937900877e-15
2014,8,4.221541172,4.221541172000001,Extra Trees,-8.881784197001252e-16
2014,8,4.221541172,4.221541172000001,Extra Trees,-8.881784197001252e-16
2014,8,4.221541172,4.221541172000001,Extra Trees,-8.881784197001252e-16
2014,8,4.221541172,4.221541172000001,Extra Trees,-8.881784197001252e-16
2014,8,4.221541172,4.221541172000001,Extra Trees,-8.881784197001252e-16
2014,8,4.221541172,4.221541172000001,Extra Trees,-8.881784197001252e-16
2014,8,4.221541172,4.221541172000001,Extra Trees,-8.881784197001252e-16
2014,8,4.221541172,4.221541172000001,Extra Trees,-8.881784197001252e-16
2014,9,5.0658494064,5.065849406399994,Extra Trees,6.217248937900877e-15
2014,9,5.0658494064,5.065849406399994,Extra Trees,6.217248937900877e-15
2014,9,5.0658494064,5.065849406399994,Extra Trees,6.217248937900877e-15
2014,9,5.0658494064,5.065849406399994,Extra Trees,6.217248937900877e-15
2014,9,5.0658494064,5.065849406399994,Extra Trees,6.217248937900877e-15
2014,9,5.0658494064,5.065849406399994,Extra Trees,6.217248937900877e-15
2014,9,5.0658494064,5.065849406399994,Extra Trees,6.217248937900877e-15
2014,9,5.0658494064,5.065849406399994,Extra Trees,6.217248937900877e-15
2014,10,8.443082344,8.443082344000002,Extra Trees,-1.7763568394002505e-15
2014,10,8.443082344,8.443082344000002,Extra Trees,-1.7763568394002505e-15
2014,10,8.443082344,8.443082344000002,Extra Trees,-1.7763568394002505e-15
2014,10,8.443082344,8.443082344000002,Extra Trees,-1.7763568394002505e-15
2014,10,8.443082344,8.443082344000002,Extra Trees,-1.7763568394002505e-15
2014,10,8.443082344,8.443082344000002,Extra Trees,-1.7763568394002505e-15
2014,10,8.443082344,8.443082344000002,Extra Trees,-1.7763568394002505e-15
2014,10,8.443082344,8.443082344000002,Extra Trees,-1.7763568394002505e-15
2014,11,10.1316988128,10.131698812799987,Extra Trees,1.2434497875801753e-14
2014,11,10.1316988128,10.131698812799987,Extra Trees,1.2434497875801753e-14
2014,11,10.1316988128,10.131698812799987,Extra Trees,1.2434497875801753e-14
2014,11,10.1316988128,10.131698812799987,Extra Trees,1.2434497875801753e-14
2014,11,10.1316988128,10.131698812799987,Extra Trees,1.2434497875801753e-14
2014,11,10.1316988128,10.131698812799987,Extra Trees,1.2434497875801753e-14
2014,11,10.1316988128,10.131698812799987,Extra Trees,1.2434497875801753e-14
2014,11,10.1316988128,10.131698812799987,Extra Trees,1.2434497875801753e-14
2014,12,5.0658494064,5.065849406399994,Extra Trees,6.217248937900877e-15
2014,12,5.0658494064,5.065849406399994,Extra Trees,6.217248937900877e-15
2014,12,5.0658494064,5.065849406399994,Extra Trees,6.217248937900877e-15
2014,12,5.0658494064,5.065849406399994,Extra Trees,6.217248937900877e-15
2014,12,5.0658494064,5.065849406399994,Extra Trees,6.217248937900877e-15
2014,12,5.0658494064,5.065849406399994,Extra Trees,6.217248937900877e-15
2014,12,5.0658494064,5.065849406399994,Extra Trees,6.217248937900877e-15
2014,12,5.0658494064,5.065849406399994,Extra Trees,6.217248937900877e-15
2015,1,4.907798133,4.907798133000013,Extra Trees,-1.3322676295501878e-14
2015,1,4.907798133,4.907798133000013,Extra Trees,-1.3322676295501878e-14
2015,1,4.907798133,4.907798133000013,Extra Trees,-1.3322676295501878e-14
2015,1,4.907798133,4.907798133000013,Extra Trees,-1.3322676295501878e-14
2015,1,4.907798133,4.907798133000013,Extra Trees,-1.3322676295501878e-14
2015,1,4.907798133,4.907798133000013,Extra Trees,-1.3322676295501878e-14
2015,1,4.907798133,4.907798133000013,Extra Trees,-1.3322676295501878e-14
2015,1,4.907798133,4.907798133000013,Extra Trees,-1.3322676295501878e-14
2015,2,4.089831777500001,4.089831777500007,Extra Trees,-6.217248937900877e-15
2015,2,4.089831777500001,4.089831777500007,Extra Trees,-6.217248937900877e-15
2015,2,4.089831777500001,4.089831777500007,Extra Trees,-6.217248937900877e-15
2015,2,4.089831777500001,4.089831777500007,Extra Trees,-6.217248937900877e-15
2015,2,4.089831777500001,4.089831777500007,Extra Trees,-6.217248937900877e-15
2015,2,4.089831777500001,4.089831777500007,Extra Trees,-6.217248937900877e-15
2015,2,4.089831777500001,4.089831777500007,Extra Trees,-6.217248937900877e-15
2015,2,4.089831777500001,4.089831777500007,Extra Trees,-6.217248937900877e-15
2015,3,6.543730844000001,6.543730844000002,Extra Trees,-1.7763568394002505e-15
2015,3,6.543730844000001,6.543730844000002,Extra Trees,-1.7763568394002505e-15
2015,3,6.543730844000001,6.543730844000002,Extra Trees,-1.7763568394002505e-15
2015,3,6.543730844000001,6.543730844000002,Extra Trees,-1.7763568394002505e-15
2015,3,6.543730844000001,6.543730844000002,Extra Trees,-1.7763568394002505e-15
2015,3,6.543730844000001,6.543730844000002,Extra Trees,-1.7763568394002505e-15
2015,3,6.543730844000001,6.543730844000002,Extra Trees,-1.7763568394002505e-15
2015,3,6.543730844000001,6.543730844000002,Extra Trees,-1.7763568394002505e-15
2015,4,9.815596266,9.815596266000027,Extra Trees,-2.6645352591003757e-14
2015,4,9.815596266,9.815596266000027,Extra Trees,-2.6645352591003757e-14
2015,4,9.815596266,9.815596266000027,Extra Trees,-2.6645352591003757e-14
2015,4,9.815596266,9.815596266000027,Extra Trees,-2.6645352591003757e-14
2015,4,9.815596266,9.815596266000027,Extra Trees,-2.6645352591003757e-14
2015,4,9.815596266,9.815596266000027,Extra Trees,-2.6645352591003757e-14
2015,4,9.815596266,9.815596266000027,Extra Trees,-2.6645352591003757e-14
2015,4,9.815596266,9.815596266000027,Extra Trees,-2.6645352591003757e-14
2015,5,11.451528977000002,11.451528976999978,Extra Trees,2.4868995751603507e-14
2015,5,11.451528977000002,11.451528976999978,Extra Trees,2.4868995751603507e-14
2015,5,11.451528977000002,11.451528976999978,Extra Trees,2.4868995751603507e-14
2015,5,11.451528977000002,11.451528976999978,Extra Trees,2.4868995751603507e-14
2015,5,11.451528977000002,11.451528976999978,Extra Trees,2.4868995751603507e-14
2015,5,11.451528977000002,11.451528976999978,Extra Trees,2.4868995751603507e-14
2015,5,11.451528977000002,11.451528976999978,Extra Trees,2.4868995751603507e-14
2015,5,11.451528977000002,11.451528976999978,Extra Trees,2.4868995751603507e-14
2015,6,8.179663555000001,8.179663555000014,Extra Trees,-1.2434497875801753e-14
2015,6,8.179663555000001,8.179663555000014,Extra Trees,-1.2434497875801753e-14
2015,6,8.179663555000001,8.179663555000014,Extra Trees,-1.2434497875801753e-14
2015,6,8.179663555000001,8.179663555000014,Extra Trees,-1.2434497875801753e-14
2015,6,8.179663555000001,8.179663555000014,Extra Trees,-1.2434497875801753e-14
2015,6,8.179663555000001,8.179663555000014,Extra Trees,-1.2434497875801753e-14
2015,6,8.179663555000001,8.179663555000014,Extra Trees,-1.2434497875801753e-14
2015,6,8.179663555000001,8.179663555000014,Extra Trees,-1.2434497875801753e-14
2015,7,4.907798133,4.907798133000013,Extra Trees,-1.3322676295501878e-14
2015,7,4.907798133,4.907798133000013,Extra Trees,-1.3322676295501878e-14
2015,7,4.907798133,4.907798133000013,Extra Trees,-1.3322676295501878e-14
2015,7,4.907798133,4.907798133000013,Extra Trees,-1.3322676295501878e-14
2015,7,4.907798133,4.907798133000013,Extra Trees,-1.3322676295501878e-14
2015,7,4.907798133,4.907798133000013,Extra Trees,-1.3322676295501878e-14
2015,7,4.907798133,4.907798133000013,Extra Trees,-1.3322676295501878e-14
2015,7,4.907798133,4.907798133000013,Extra Trees,-1.3322676295501878e-14
2015,8,4.089831777500001,4.089831777500007,Extra Trees,-6.217248937900877e-15
2015,8,4.089831777500001,4.089831777500007,Extra Trees,-6.217248937900877e-15
2015,8,4.089831777500001,4.089831777500007,Extra Trees,-6.217248937900877e-15
2015,8,4.089831777500001,4.089831777500007,Extra Trees,-6.217248937900877e-15
2015,8,4.089831777500001,4.089831777500007,Extra Trees,-6.217248937900877e-15
2015,8,4.089831777500001,4.089831777500007,Extra Trees,-6.217248937900877e-15
2015,8,4.089831777500001,4.089831777500007,Extra Trees,-6.217248937900877e-15
2015,8,4.089831777500001,4.089831777500007,Extra Trees,-6.217248937900877e-15
2015,9,4.907798133,4.907798133000013,Extra Trees,-1.3322676295501878e-14
2015,9,4.907798133,4.907798133000013,Extra Trees,-1.3322676295501878e-14
2015,9,4.907798133,4.907798133000013,Extra Trees,-1.3322676295501878e-14
2015,9,4.907798133,4.907798133000013,Extra Trees,-1.3322676295501878e-14
2015,9,4.907798133,4.907798133000013,Extra Trees,-1.3322676295501878e-14
2015,9,4.907798133,4.907798133000013,Extra Trees,-1.3322676295501878e-14
2015,9,4.907798133,4.907798133000013,Extra Trees,-1.3322676295501878e-14
2015,9,4.907798133,4.907798133000013,Extra Trees,-1.3322676295501878e-14
2015,10,8.179663555000001,8.179663555000014,Extra Trees,-1.2434497875801753e-14
2015,10,8.179663555000001,8.179663555000014,Extra Trees,-1.2434497875801753e-14
2015,10,8.179663555000001,8.179663555000014,Extra Trees,-1.2434497875801753e-14
2015,10,8.179663555000001,8.179663555000014,Extra Trees,-1.2434497875801753e-14
2015,10,8.179663555000001,8.179663555000014,Extra Trees,-1.2434497875801753e-14
2015,10,8.179663555000001,8.179663555000014,Extra Trees,-1.2434497875801753e-14
2015,10,8.179663555000001,8.179663555000014,Extra Trees,-1.2434497875801753e-14
2015,10,8.179663555000001,8.179663555000014,Extra Trees,-1.2434497875801753e-14
2015,11,9.815596266,9.815596266000027,Extra Trees,-2.6645352591003757e-14
2015,11,9.815596266,9.815596266000027,Extra Trees,-2.6645352591003757e-14
2015,11,9.815596266,9.815596266000027,Extra Trees,-2.6645352591003757e-14
2015,11,9.815596266,9.815596266000027,Extra Trees,-2.6645352591003757e-14
2015,11,9.815596266,9.815596266000027,Extra Trees,-2.6645352591003757e-14
2015,11,9.815596266,9.815596266000027,Extra Trees,-2.6645352591003757e-14
2015,11,9.815596266,9.815596266000027,Extra Trees,-2.6645352591003757e-14
2015,11,9.815596266,9.815596266000027,Extra Trees,-2.6645352591003757e-14
2015,12,4.907798133,4.907798133000013,Extra Trees,-1.3322676295501878e-14
2015,12,4.907798133,4.907798133000013,Extra Trees,-1.3322676295501878e-14
2015,12,4.907798133,4.907798133000013,Extra Trees,-1.3322676295501878e-14
2015,12,4.907798133,4.907798133000013,Extra Trees,-1.3322676295501878e-14
2015,12,4.907798133,4.907798133000013,Extra Trees,-1.3322676295501878e-14
2015,12,4.907798133,4.907798133000013,Extra Trees,-1.3322676295501878e-14
2015,12,4.907798133,4.907798133000013,Extra Trees,-1.3322676295501878e-14
2015,12,4.907798133,4.907798133000013,Extra Trees,-1.3322676295501878e-14
2016,1,4.635673264799999,4.635673264800004,Extra Trees,-4.440892098500626e-15
2016,1,4.635673264799999,4.635673264800004,Extra Trees,-4.440892098500626e-15
2016,1,4.635673264799999,4.635673264800004,Extra Trees,-4.440892098500626e-15
2016,1,4.635673264799999,4.635673264800004,Extra Trees,-4.440892098500626e-15
2016,1,4.635673264799999,4.635673264800004,Extra Trees,-4.440892098500626e-15
2016,1,4.635673264799999,4.635673264800004,Extra Trees,-4.440892098500626e-15
2016,1,4.635673264799999,4.635673264800004,Extra Trees,-4.440892098500626e-15
2016,1,4.635673264799999,4.635673264800004,Extra Trees,-4.440892098500626e-15
2016,2,3.863061054,3.863061054000009,Extra Trees,-8.881784197001252e-15
2016,2,3.863061054,3.863061054000009,Extra Trees,-8.881784197001252e-15
2016,2,3.863061054,3.863061054000009,Extra Trees,-8.881784197001252e-15
2016,2,3.863061054,3.863061054000009,Extra Trees,-8.881784197001252e-15
2016,2,3.863061054,3.863061054000009,Extra Trees,-8.881784197001252e-15
2016,2,3.863061054,3.863061054000009,Extra Trees,-8.881784197001252e-15
2016,2,3.863061054,3.863061054000009,Extra Trees,-8.881784197001252e-15
2016,2,3.863061054,3.863061054000009,Extra Trees,-8.881784197001252e-15
2016,3,6.1808976864,6.1808976864,Extra Trees,0.0
2016,3,6.1808976864,6.1808976864,Extra Trees,0.0
2016,3,6.1808976864,6.1808976864,Extra Trees,0.0
2016,3,6.1808976864,6.1808976864,Extra Trees,0.0
2016,3,6.1808976864,6.1808976864,Extra Trees,0.0
2016,3,6.1808976864,6.1808976864,Extra Trees,0.0
2016,3,6.1808976864,6.1808976864,Extra Trees,0.0
2016,3,6.1808976864,6.1808976864,Extra Trees,0.0
2016,4,9.271346529599999,9.271346529600008,Extra Trees,-8.881784197001252e-15
2016,4,9.271346529599999,9.271346529600008,Extra Trees,-8.881784197001252e-15
2016,4,9.271346529599999,9.271346529600008,Extra Trees,-8.881784197001252e-15
2016,4,9.271346529599999,9.271346529600008,Extra Trees,-8.881784197001252e-15
2016,4,9.271346529599999,9.271346529600008,Extra Trees,-8.881784197001252e-15
2016,4,9.271346529599999,9.271346529600008,Extra Trees,-8.881784197001252e-15
2016,4,9.271346529599999,9.271346529600008,Extra Trees,-8.881784197001252e-15
2016,4,9.271346529599999,9.271346529600008,Extra Trees,-8.881784197001252e-15
2016,5,10.816570951200001,10.816570951199994,Extra Trees,7.105427357601002e-15
2016,5,10.816570951200001,10.816570951199994,Extra Trees,7.105427357601002e-15
2016,5,10.816570951200001,10.816570951199994,Extra Trees,7.105427357601002e-15
2016,5,10.816570951200001,10.816570951199994,Extra Trees,7.105427357601002e-15
2016,5,10.816570951200001,10.816570951199994,Extra Trees,7.105427357601002e-15
2016,5,10.816570951200001,10.816570951199994,Extra Trees,7.105427357601002e-15
2016,5,10.816570951200001,10.816570951199994,Extra Trees,7.105427357601002e-15
2016,5,10.816570951200001,10.816570951199994,Extra Trees,7.105427357601002e-15
2016,6,7.726122108,7.726122108000018,Extra Trees,-1.7763568394002505e-14
2016,6,7.726122108,7.726122108000018,Extra Trees,-1.7763568394002505e-14
2016,6,7.726122108,7.726122108000018,Extra Trees,-1.7763568394002505e-14
2016,6,7.726122108,7.726122108000018,Extra Trees,-1.7763568394002505e-14
2016,6,7.726122108,7.726122108000018,Extra Trees,-1.7763568394002505e-14
2016,6,7.726122108,7.726122108000018,Extra Trees,-1.7763568394002505e-14
2016,6,7.726122108,7.726122108000018,Extra Trees,-1.7763568394002505e-14
2016,6,7.726122108,7.726122108000018,Extra Trees,-1.7763568394002505e-14
2016,7,4.635673264799999,4.635673264800004,Extra Trees,-4.440892098500626e-15
2016,7,4.635673264799999,4.635673264800004,Extra Trees,-4.440892098500626e-15
2016,7,4.635673264799999,4.635673264800004,Extra Trees,-4.440892098500626e-15
2016,7,4.635673264799999,4.635673264800004,Extra Trees,-4.440892098500626e-15
2016,7,4.635673264799999,4.635673264800004,Extra Trees,-4.440892098500626e-15
2016,7,4.635673264799999,4.635673264800004,Extra Trees,-4.440892098500626e-15
2016,7,4.635673264799999,4.635673264800004,Extra Trees,-4.440892098500626e-15
2016,7,4.635673264799999,4.635673264800004,Extra Trees,-4.440892098500626e-15
2016,8,3.863061054,3.863061054000009,Extra Trees,-8.881784197001252e-15
2016,8,3.863061054,3.863061054000009,Extra Trees,-8.881784197001252e-15
2016,8,3.863061054,3.863061054000009,Extra Trees,-8.881784197001252e-15
2016,8,3.863061054,3.863061054000009,Extra Trees,-8.881784197001252e-15
2016,8,3.863061054,3.863061054000009,Extra Trees,-8.881784197001252e-15
2016,8,3.863061054,3.863061054000009,Extra Trees,-8.881784197001252e-15
2016,8,3.863061054,3.863061054000009,Extra Trees,-8.881784197001252e-15
2016,8,3.863061054,3.863061054000009,Extra Trees,-8.881784197001252e-15
2016,9,4.635673264799999,4.635673264800004,Extra Trees,-4.440892098500626e-15
2016,9,4.635673264799999,4.635673264800004,Extra Trees,-4.440892098500626e-15
2016,9,4.635673264799999,4.635673264800004,Extra Trees,-4.440892098500626e-15
2016,9,4.635673264799999,4.635673264800004,Extra Trees,-4.440892098500626e-15
2016,9,4.635673264799999,4.635673264800004,Extra Trees,-4.440892098500626e-15
2016,9,4.635673264799999,4.635673264800004,Extra Trees,-4.440892098500626e-15
2016,9,4.635673264799999,4.635673264800004,Extra Trees,-4.440892098500626e-15
2016,9,4.635673264799999,4.635673264800004,Extra Trees,-4.440892098500626e-15
2016,10,7.726122108,7.726122108000018,Extra Trees,-1.7763568394002505e-14
2016,10,7.726122108,7.726122108000018,Extra Trees,-1.7763568394002505e-14
2016,10,7.726122108,7.726122108000018,Extra Trees,-1.7763568394002505e-14
2016,10,7.726122108,7.726122108000018,Extra Trees,-1.7763568394002505e-14
2016,10,7.726122108,7.726122108000018,Extra Trees,-1.7763568394002505e-14
2016,10,7.726122108,7.726122108000018,Extra Trees,-1.7763568394002505e-14
2016,10,7.726122108,7.726122108000018,Extra Trees,-1.7763568394002505e-14
2016,10,7.726122108,7.726122108000018,Extra Trees,-1.7763568394002505e-14
2016,11,9.271346529599999,9.271346529600008,Extra Trees,-8.881784197001252e-15
2016,11,9.271346529599999,9.271346529600008,Extra Trees,-8.881784197001252e-15
2016,11,9.271346529599999,9.271346529600008,Extra Trees,-8.881784197001252e-15
2016,11,9.271346529599999,9.271346529600008,Extra Trees,-8.881784197001252e-15
2016,11,9.271346529599999,9.271346529600008,Extra Trees,-8.881784197001252e-15
2016,11,9.271346529599999,9.271346529600008,Extra Trees,-8.881784197001252e-15
2016,11,9.271346529599999,9.271346529600008,Extra Trees,-8.881784197001252e-15
2016,11,9.271346529599999,9.271346529600008,Extra Trees,-8.881784197001252e-15
2016,12,4.635673264799999,4.635673264800004,Extra Trees,-4.440892098500626e-15
2016,12,4.635673264799999,4.635673264800004,Extra Trees,-4.440892098500626e-15
2016,12,4.635673264799999,4.635673264800004,Extra Trees,-4.440892098500626e-15
2016,12,4.635673264799999,4.635673264800004,Extra Trees,-4.440892098500626e-15
2016,12,4.635673264799999,4.635673264800004,Extra Trees,-4.440892098500626e-15
2016,12,4.635673264799999,4.635673264800004,Extra Trees,-4.440892098500626e-15
2016,12,4.635673264799999,4.635673264800004,Extra Trees,-4.440892098500626e-15
2016,12,4.635673264799999,4.635673264800004,Extra Trees,-4.440892098500626e-15
2017,1,4.610952144,4.610952144000006,Extra Trees,-6.217248937900877e-15
2017,1,4.610952144,4.610952144000006,Extra Trees,-6.217248937900877e-15
2017,1,4.610952144,4.610952144000006,Extra Trees,-6.217248937900877e-15
2017,1,4.610952144,4.610952144000006,Extra Trees,-6.217248937900877e-15
2017,1,4.610952144,4.610952144000006,Extra Trees,-6.217248937900877e-15
2017,1,4.610952144,4.610952144000006,Extra Trees,-6.217248937900877e-15
2017,1,4.610952144,4.610952144000006,Extra Trees,-6.217248937900877e-15
2017,1,4.610952144,4.610952144000006,Extra Trees,-6.217248937900877e-15
2017,2,3.84246012,3.842460119999999,Extra Trees,1.3322676295501878e-15
2017,2,3.84246012,3.842460119999999,Extra Trees,1.3322676295501878e-15
2017,2,3.84246012,3.842460119999999,Extra Trees,1.3322676295501878e-15
2017,2,3.84246012,3.842460119999999,Extra Trees,1.3322676295501878e-15
2017,2,3.84246012,3.842460119999999,Extra Trees,1.3322676295501878e-15
2017,2,3.84246012,3.842460119999999,Extra Trees,1.3322676295501878e-15
2017,2,3.84246012,3.842460119999999,Extra Trees,1.3322676295501878e-15
2017,2,3.84246012,3.842460119999999,Extra Trees,1.3322676295501878e-15
2017,3,6.1479361919999995,6.147936191999986,Extra Trees,1.3322676295501878e-14
2017,3,6.1479361919999995,6.147936191999986,Extra Trees,1.3322676295501878e-14
2017,3,6.1479361919999995,6.147936191999986,Extra Trees,1.3322676295501878e-14
2017,3,6.1479361919999995,6.147936191999986,Extra Trees,1.3322676295501878e-14
2017,3,6.1479361919999995,6.147936191999986,Extra Trees,1.3322676295501878e-14
2017,3,6.1479361919999995,6.147936191999986,Extra Trees,1.3322676295501878e-14
2017,3,6.1479361919999995,6.147936191999986,Extra Trees,1.3322676295501878e-14
2017,3,6.1479361919999995,6.147936191999986,Extra Trees,1.3322676295501878e-14
2017,4,9.221904288,9.221904288000012,Extra Trees,-1.2434497875801753e-14
2017,4,9.221904288,9.221904288000012,Extra Trees,-1.2434497875801753e-14
2017,4,9.221904288,9.221904288000012,Extra Trees,-1.2434497875801753e-14
2017,4,9.221904288,9.221904288000012,Extra Trees,-1.2434497875801753e-14
2017,4,9.221904288,9.221904288000012,Extra Trees,-1.2434497875801753e-14
2017,4,9.221904288,9.221904288000012,Extra Trees,-1.2434497875801753e-14
2017,4,9.221904288,9.221904288000012,Extra Trees,-1.2434497875801753e-14
2017,4,9.221904288,9.221904288000012,Extra Trees,-1.2434497875801753e-14
2017,5,10.758888336,10.758888336000014,Extra Trees,-1.4210854715202004e-14
2017,5,10.758888336,10.758888336000014,Extra Trees,-1.4210854715202004e-14
2017,5,10.758888336,10.758888336000014,Extra Trees,-1.4210854715202004e-14
2017,5,10.758888336,10.758888336000014,Extra Trees,-1.4210854715202004e-14
2017,5,10.758888336,10.758888336000014,Extra Trees,-1.4210854715202004e-14
2017,5,10.758888336,10.758888336000014,Extra Trees,-1.4210854715202004e-14
2017,5,10.758888336,10.758888336000014,Extra Trees,-1.4210854715202004e-14
2017,5,10.758888336,10.758888336000014,Extra Trees,-1.4210854715202004e-14
2017,6,7.68492024,7.684920239999998,Extra Trees,2.6645352591003757e-15
2017,6,7.68492024,7.684920239999998,Extra Trees,2.6645352591003757e-15
2017,6,7.68492024,7.684920239999998,Extra Trees,2.6645352591003757e-15
2017,6,7.68492024,7.684920239999998,Extra Trees,2.6645352591003757e-15
2017,6,7.68492024,7.684920239999998,Extra Trees,2.6645352591003757e-15
2017,6,7.68492024,7.684920239999998,Extra Trees,2.6645352591003757e-15
2017,6,7.68492024,7.684920239999998,Extra Trees,2.6645352591003757e-15
2017,6,7.68492024,7.684920239999998,Extra Trees,2.6645352591003757e-15
2017,7,4.610952144,4.610952144000006,Extra Trees,-6.217248937900877e-15
2017,7,4.610952144,4.610952144000006,Extra Trees,-6.217248937900877e-15
2017,7,4.610952144,4.610952144000006,Extra Trees,-6.217248937900877e-15
2017,7,4.610952144,4.610952144000006,Extra Trees,-6.217248937900877e-15
2017,7,4.610952144,4.610952144000006,Extra Trees,-6.217248937900877e-15
2017,7,4.610952144,4.610952144000006,Extra Trees,-6.217248937900877e-15
2017,7,4.610952144,4.610952144000006,Extra Trees,-6.217248937900877e-15
2017,7,4.610952144,4.610952144000006,Extra Trees,-6.217248937900877e-15
2017,8,3.84246012,3.842460119999999,Extra Trees,1.3322676295501878e-15
2017,8,3.84246012,3.842460119999999,Extra Trees,1.3322676295501878e-15
2017,8,3.84246012,3.842460119999999,Extra Trees,1.3322676295501878e-15
2017,8,3.84246012,3.842460119999999,Extra Trees,1.3322676295501878e-15
2017,8,3.84246012,3.842460119999999,Extra Trees,1.3322676295501878e-15
2017,8,3.84246012,3.842460119999999,Extra Trees,1.3322676295501878e-15
2017,8,3.84246012,3.842460119999999,Extra Trees,1.3322676295501878e-15
2017,8,3.84246012,3.842460119999999,Extra Trees,1.3322676295501878e-15
2017,9,4.610952144,4.610952144000006,Extra Trees,-6.217248937900877e-15
2017,9,4.610952144,4.610952144000006,Extra Trees,-6.217248937900877e-15
2017,9,4.610952144,4.610952144000006,Extra Trees,-6.217248937900877e-15
2017,9,4.610952144,4.610952144000006,Extra Trees,-6.217248937900877e-15
2017,9,4.610952144,4.610952144000006,Extra Trees,-6.217248937900877e-15
2017,9,4.610952144,4.610952144000006,Extra Trees,-6.217248937900877e-15
2017,9,4.610952144,4.610952144000006,Extra Trees,-6.217248937900877e-15
2017,9,4.610952144,4.610952144000006,Extra Trees,-6.217248937900877e-15
2017,10,7.68492024,7.684920239999998,Extra Trees,2.6645352591003757e-15
2017,10,7.68492024,7.684920239999998,Extra Trees,2.6645352591003757e-15
2017,10,7.68492024,7.684920239999998,Extra Trees,2.6645352591003757e-15
2017,10,7.68492024,7.684920239999998,Extra Trees,2.6645352591003757e-15
2017,10,7.68492024,7.684920239999998,Extra Trees,2.6645352591003757e-15
2017,10,7.68492024,7.684920239999998,Extra Trees,2.6645352591003757e-15
2017,10,7.68492024,7.684920239999998,Extra Trees,2.6645352591003757e-15
2017,10,7.68492024,7.684920239999998,Extra Trees,2.6645352591003757e-15
2017,11,9.221904288,9.221904288000012,Extra Trees,-1.2434497875801753e-14
2017,11,9.221904288,9.221904288000012,Extra Trees,-1.2434497875801753e-14
2017,11,9.221904288,9.221904288000012,Extra Trees,-1.2434497875801753e-14
2017,11,9.221904288,9.221904288000012,Extra Trees,-1.2434497875801753e-14
2017,11,9.221904288,9.221904288000012,Extra Trees,-1.2434497875801753e-14
2017,11,9.221904288,9.221904288000012,Extra Trees,-1.2434497875801753e-14
2017,11,9.221904288,9.221904288000012,Extra Trees,-1.2434497875801753e-14
2017,11,9.221904288,9.221904288000012,Extra Trees,-1.2434497875801753e-14
2017,12,4.610952144,4.610952144000006,Extra Trees,-6.217248937900877e-15
2017,12,4.610952144,4.610952144000006,Extra Trees,-6.217248937900877e-15
2017,12,4.610952144,4.610952144000006,Extra Trees,-6.217248937900877e-15
2017,12,4.610952144,4.610952144000006,Extra Trees,-6.217248937900877e-15
2017,12,4.610952144,4.610952144000006,Extra Trees,-6.217248937900877e-15
2017,12,4.610952144,4.610952144000006,Extra Trees,-6.217248937900877e-15
2017,12,4.610952144,4.610952144000006,Extra Trees,-6.217248937900877e-15
2017,12,4.610952144,4.610952144000006,Extra Trees,-6.217248937900877e-15
2018,1,4.448978508,4.448978507999994,Extra Trees,5.329070518200751e-15
2018,1,4.448978508,4.448978507999994,Extra Trees,5.329070518200751e-15
2018,1,4.448978508,4.448978507999994,Extra Trees,5.329070518200751e-15
2018,1,4.448978508,4.448978507999994,Extra Trees,5.329070518200751e-15
2018,1,4.448978508,4.448978507999994,Extra Trees,5.329070518200751e-15
2018,1,4.448978508,4.448978507999994,Extra Trees,5.329070518200751e-15
2018,1,4.448978508,4.448978507999994,Extra Trees,5.329070518200751e-15
2018,1,4.448978508,4.448978507999994,Extra Trees,5.329070518200751e-15
2018,2,3.70748209,3.7074820899999996,Extra Trees,4.440892098500626e-16
2018,2,3.70748209,3.7074820899999996,Extra Trees,4.440892098500626e-16
2018,2,3.70748209,3.7074820899999996,Extra Trees,4.440892098500626e-16
2018,2,3.70748209,3.7074820899999996,Extra Trees,4.440892098500626e-16
2018,2,3.70748209,3.7074820899999996,Extra Trees,4.440892098500626e-16
2018,2,3.70748209,3.7074820899999996,Extra Trees,4.440892098500626e-16
2018,2,3.70748209,3.7074820899999996,Extra Trees,4.440892098500626e-16
2018,2,3.70748209,3.7074820899999996,Extra Trees,4.440892098500626e-16
2018,3,5.931971344,5.931971343999988,Extra Trees,1.1546319456101628e-14
2018,3,5.931971344,5.931971343999988,Extra Trees,1.1546319456101628e-14
2018,3,5.931971344,5.931971343999988,Extra Trees,1.1546319456101628e-14
2018,3,5.931971344,5.931971343999988,Extra Trees,1.1546319456101628e-14
2018,3,5.931971344,5.931971343999988,Extra Trees,1.1546319456101628e-14
2018,3,5.931971344,5.931971343999988,Extra Trees,1.1546319456101628e-14
2018,3,5.931971344,5.931971343999988,Extra Trees,1.1546319456101628e-14
2018,3,5.931971344,5.931971343999988,Extra Trees,1.1546319456101628e-14
2018,4,8.897957016,8.897957015999989,Extra Trees,1.0658141036401503e-14
2018,4,8.897957016,8.897957015999989,Extra Trees,1.0658141036401503e-14
2018,4,8.897957016,8.897957015999989,Extra Trees,1.0658141036401503e-14
2018,4,8.897957016,8.897957015999989,Extra Trees,1.0658141036401503e-14
2018,4,8.897957016,8.897957015999989,Extra Trees,1.0658141036401503e-14
2018,4,8.897957016,8.897957015999989,Extra Trees,1.0658141036401503e-14
2018,4,8.897957016,8.897957015999989,Extra Trees,1.0658141036401503e-14
2018,4,8.897957016,8.897957015999989,Extra Trees,1.0658141036401503e-14
2018,5,10.380949852,10.380949851999985,Extra Trees,1.5987211554602254e-14
2018,5,10.380949852,10.380949851999985,Extra Trees,1.5987211554602254e-14
2018,5,10.380949852,10.380949851999985,Extra Trees,1.5987211554602254e-14
2018,5,10.380949852,10.380949851999985,Extra Trees,1.5987211554602254e-14
2018,5,10.380949852,10.380949851999985,Extra Trees,1.5987211554602254e-14
2018,5,10.380949852,10.380949851999985,Extra Trees,1.5987211554602254e-14
2018,5,10.380949852,10.380949851999985,Extra Trees,1.5987211554602254e-14
2018,5,10.380949852,10.380949851999985,Extra Trees,1.5987211554602254e-14
2018,6,7.41496418,7.414964179999999,Extra Trees,8.881784197001252e-16
2018,6,7.41496418,7.414964179999999,Extra Trees,8.881784197001252e-16
2018,6,7.41496418,7.414964179999999,Extra Trees,8.881784197001252e-16
2018,6,7.41496418,7.414964179999999,Extra Trees,8.881784197001252e-16
2018,6,7.41496418,7.414964179999999,Extra Trees,8.881784197001252e-16
2018,6,7.41496418,7.414964179999999,Extra Trees,8.881784197001252e-16
2018,6,7.41496418,7.414964179999999,Extra Trees,8.881784197001252e-16
2018,6,7.41496418,7.414964179999999,Extra Trees,8.881784197001252e-16
2018,7,4.448978508,4.448978507999994,Extra Trees,5.329070518200751e-15
2018,7,4.448978508,4.448978507999994,Extra Trees,5.329070518200751e-15
2018,7,4.448978508,4.448978507999994,Extra Trees,5.329070518200751e-15
2018,7,4.448978508,4.448978507999994,Extra Trees,5.329070518200751e-15
2018,7,4.448978508,4.448978507999994,Extra Trees,5.329070518200751e-15
2018,7,4.448978508,4.448978507999994,Extra Trees,5.329070518200751e-15
2018,7,4.448978508,4.448978507999994,Extra Trees,5.329070518200751e-15
2018,7,4.448978508,4.448978507999994,Extra Trees,5.329070518200751e-15
2018,8,3.70748209,3.7074820899999996,Extra Trees,4.440892098500626e-16
2018,8,3.70748209,3.7074820899999996,Extra Trees,4.440892098500626e-16
2018,8,3.70748209,3.7074820899999996,Extra Trees,4.440892098500626e-16
2018,8,3.70748209,3.7074820899999996,Extra Trees,4.440892098500626e-16
2018,8,3.70748209,3.7074820899999996,Extra Trees,4.440892098500626e-16
2018,8,3.70748209,3.7074820899999996,Extra Trees,4.440892098500626e-16
2018,8,3.70748209,3.7074820899999996,Extra Trees,4.440892098500626e-16
2018,8,3.70748209,3.7074820899999996,Extra Trees,4.440892098500626e-16
2018,9,4.448978508,4.448978507999994,Extra Trees,5.329070518200751e-15
2018,9,4.448978508,4.448978507999994,Extra Trees,5.329070518200751e-15
2018,9,4.448978508,4.448978507999994,Extra Trees,5.329070518200751e-15
2018,9,4.448978508,4.448978507999994,Extra Trees,5.329070518200751e-15
2018,9,4.448978508,4.448978507999994,Extra Trees,5.329070518200751e-15
2018,9,4.448978508,4.448978507999994,Extra Trees,5.329070518200751e-15
2018,9,4.448978508,4.448978507999994,Extra Trees,5.329070518200751e-15
2018,9,4.448978508,4.448978507999994,Extra Trees,5.329070518200751e-15
2018,10,7.41496418,7.414964179999999,Extra Trees,8.881784197001252e-16
2018,10,7.41496418,7.414964179999999,Extra Trees,8.881784197001252e-16
2018,10,7.41496418,7.414964179999999,Extra Trees,8.881784197001252e-16
2018,10,7.41496418,7.414964179999999,Extra Trees,8.881784197001252e-16
2018,10,7.41496418,7.414964179999999,Extra Trees,8.881784197001252e-16
2018,10,7.41496418,7.414964179999999,Extra Trees,8.881784197001252e-16
2018,10,7.41496418,7.414964179999999,Extra Trees,8.881784197001252e-16
2018,10,7.41496418,7.414964179999999,Extra Trees,8.881784197001252e-16
2018,11,8.897957016,8.897957015999989,Extra Trees,1.0658141036401503e-14
2018,11,8.897957016,8.897957015999989,Extra Trees,1.0658141036401503e-14
2018,11,8.897957016,8.897957015999989,Extra Trees,1.0658141036401503e-14
2018,11,8.897957016,8.897957015999989,Extra Trees,1.0658141036401503e-14
2018,11,8.897957016,8.897957015999989,Extra Trees,1.0658141036401503e-14
2018,11,8.897957016,8.897957015999989,Extra Trees,1.0658141036401503e-14
2018,11,8.897957016,8.897957015999989,Extra Trees,1.0658141036401503e-14
2018,11,8.897957016,8.897957015999989,Extra Trees,1.0658141036401503e-14
2018,12,4.448978508,4.448978507999994,Extra Trees,5.329070518200751e-15
2018,12,4.448978508,4.448978507999994,Extra Trees,5.329070518200751e-15
2018,12,4.448978508,4.448978507999994,Extra Trees,5.329070518200751e-15
2018,12,4.448978508,4.448978507999994,Extra Trees,5.329070518200751e-15
2018,12,4.448978508,4.448978507999994,Extra Trees,5.329070518200751e-15
2018,12,4.448978508,4.448978507999994,Extra Trees,5.329070518200751e-15
2018,12,4.448978508,4.448978507999994,Extra Trees,5.329070518200751e-15
2018,12,4.448978508,4.448978507999994,Extra Trees,5.329070518200751e-15
2019,1,4.300280139,4.300280138999995,Extra Trees,4.440892098500626e-15
2019,1,4.300280139,4.300280138999995,Extra Trees,4.440892098500626e-15
2019,1,4.300280139,4.300280138999995,Extra Trees,4.440892098500626e-15
2019,1,4.300280139,4.300280138999995,Extra Trees,4.440892098500626e-15
2019,1,4.300280139,4.300280138999995,Extra Trees,4.440892098500626e-15
2019,1,4.300280139,4.300280138999995,Extra Trees,4.440892098500626e-15
2019,1,4.300280139,4.300280138999995,Extra Trees,4.440892098500626e-15
2019,1,4.300280139,4.300280138999995,Extra Trees,4.440892098500626e-15
2019,2,3.5835667825,3.5835667824999913,Extra Trees,8.881784197001252e-15
2019,2,3.5835667825,3.5835667824999913,Extra Trees,8.881784197001252e-15
2019,2,3.5835667825,3.5835667824999913,Extra Trees,8.881784197001252e-15
2019,2,3.5835667825,3.5835667824999913,Extra Trees,8.881784197001252e-15
2019,2,3.5835667825,3.5835667824999913,Extra Trees,8.881784197001252e-15
2019,2,3.5835667825,3.5835667824999913,Extra Trees,8.881784197001252e-15
2019,2,3.5835667825,3.5835667824999913,Extra Trees,8.881784197001252e-15
2019,2,3.5835667825,3.5835667824999913,Extra Trees,8.881784197001252e-15
2019,3,5.733706852,5.733706852000003,Extra Trees,-2.6645352591003757e-15
2019,3,5.733706852,5.733706852000003,Extra Trees,-2.6645352591003757e-15
2019,3,5.733706852,5.733706852000003,Extra Trees,-2.6645352591003757e-15
2019,3,5.733706852,5.733706852000003,Extra Trees,-2.6645352591003757e-15
2019,3,5.733706852,5.733706852000003,Extra Trees,-2.6645352591003757e-15
2019,3,5.733706852,5.733706852000003,Extra Trees,-2.6645352591003757e-15
2019,3,5.733706852,5.733706852000003,Extra Trees,-2.6645352591003757e-15
2019,3,5.733706852,5.733706852000003,Extra Trees,-2.6645352591003757e-15
2019,4,8.600560278,8.60056027799999,Extra Trees,8.881784197001252e-15
2019,4,8.600560278,8.60056027799999,Extra Trees,8.881784197001252e-15
2019,4,8.600560278,8.60056027799999,Extra Trees,8.881784197001252e-15
2019,4,8.600560278,8.60056027799999,Extra Trees,8.881784197001252e-15
2019,4,8.600560278,8.60056027799999,Extra Trees,8.881784197001252e-15
2019,4,8.600560278,8.60056027799999,Extra Trees,8.881784197001252e-15
2019,4,8.600560278,8.60056027799999,Extra Trees,8.881784197001252e-15
2019,4,8.600560278,8.60056027799999,Extra Trees,8.881784197001252e-15
2019,5,10.033986991,10.033986991000004,Extra Trees,-3.552713678800501e-15
2019,5,10.033986991,10.033986991000004,Extra Trees,-3.552713678800501e-15
2019,5,10.033986991,10.033986991000004,Extra Trees,-3.552713678800501e-15
2019,5,10.033986991,10.033986991000004,Extra Trees,-3.552713678800501e-15
2019,5,10.033986991,10.033986991000004,Extra Trees,-3.552713678800501e-15
2019,5,10.033986991,10.033986991000004,Extra Trees,-3.552713678800501e-15
2019,5,10.033986991,10.033986991000004,Extra Trees,-3.552713678800501e-15
2019,5,10.033986991,10.033986991000004,Extra Trees,-3.552713678800501e-15
2019,6,7.167133565,7.1671335649999826,Extra Trees,1.7763568394002505e-14
2019,6,7.167133565,7.1671335649999826,Extra Trees,1.7763568394002505e-14
2019,6,7.167133565,7.1671335649999826,Extra Trees,1.7763568394002505e-14
2019,6,7.167133565,7.1671335649999826,Extra Trees,1.7763568394002505e-14
2019,6,7.167133565,7.1671335649999826,Extra Trees,1.7763568394002505e-14
2019,6,7.167133565,7.1671335649999826,Extra Trees,1.7763568394002505e-14
2019,6,7.167133565,7.1671335649999826,Extra Trees,1.7763568394002505e-14
2019,6,7.167133565,7.1671335649999826,Extra Trees,1.7763568394002505e-14
2019,7,4.300280139,4.300280138999995,Extra Trees,4.440892098500626e-15
2019,7,4.300280139,4.300280138999995,Extra Trees,4.440892098500626e-15
2019,7,4.300280139,4.300280138999995,Extra Trees,4.440892098500626e-15
2019,7,4.300280139,4.300280138999995,Extra Trees,4.440892098500626e-15
2019,7,4.300280139,4.300280138999995,Extra Trees,4.440892098500626e-15
2019,7,4.300280139,4.300280138999995,Extra Trees,4.440892098500626e-15
2019,7,4.300280139,4.300280138999995,Extra Trees,4.440892098500626e-15
2019,7,4.300280139,4.300280138999995,Extra Trees,4.440892098500626e-15
2019,8,3.5835667825,3.5835667824999913,Extra Trees,8.881784197001252e-15
2019,8,3.5835667825,3.5835667824999913,Extra Trees,8.881784197001252e-15
2019,8,3.5835667825,3.5835667824999913,Extra Trees,8.881784197001252e-15
2019,8,3.5835667825,3.5835667824999913,Extra Trees,8.881784197001252e-15
2019,8,3.5835667825,3.5835667824999913,Extra Trees,8.881784197001252e-15
2019,8,3.5835667825,3.5835667824999913,Extra Trees,8.881784197001252e-15
2019,8,3.5835667825,3.5835667824999913,Extra Trees,8.881784197001252e-15
2019,8,3.5835667825,3.5835667824999913,Extra Trees,8.881784197001252e-15
2019,9,4.300280139,4.300280138999995,Extra Trees,4.440892098500626e-15
2019,9,4.300280139,4.300280138999995,Extra Trees,4.440892098500626e-15
2019,9,4.300280139,4.300280138999995,Extra Trees,4.440892098500626e-15
2019,9,4.300280139,4.300280138999995,Extra Trees,4.440892098500626e-15
2019,9,4.300280139,4.300280138999995,Extra Trees,4.440892098500626e-15
2019,9,4.300280139,4.300280138999995,Extra Trees,4.440892098500626e-15
2019,9,4.300280139,4.300280138999995,Extra Trees,4.440892098500626e-15
2019,9,4.300280139,4.300280138999995,Extra Trees,4.440892098500626e-15
2019,10,7.167133565,7.1671335649999826,Extra Trees,1.7763568394002505e-14
2019,10,7.167133565,7.1671335649999826,Extra Trees,1.7763568394002505e-14
2019,10,7.167133565,7.1671335649999826,Extra Trees,1.7763568394002505e-14
2019,10,7.167133565,7.1671335649999826,Extra Trees,1.7763568394002505e-14
2019,10,7.167133565,7.1671335649999826,Extra Trees,1.7763568394002505e-14
2019,10,7.167133565,7.1671335649999826,Extra Trees,1.7763568394002505e-14
2019,10,7.167133565,7.1671335649999826,Extra Trees,1.7763568394002505e-14
2019,10,7.167133565,7.1671335649999826,Extra Trees,1.7763568394002505e-14
2019,11,8.600560278,8.60056027799999,Extra Trees,8.881784197001252e-15
2019,11,8.600560278,8.60056027799999,Extra Trees,8.881784197001252e-15
2019,11,8.600560278,8.60056027799999,Extra Trees,8.881784197001252e-15
2019,11,8.600560278,8.60056027799999,Extra Trees,8.881784197001252e-15
2019,11,8.600560278,8.60056027799999,Extra Trees,8.881784197001252e-15
2019,11,8.600560278,8.60056027799999,Extra Trees,8.881784197001252e-15
2019,11,8.600560278,8.60056027799999,Extra Trees,8.881784197001252e-15
2019,11,8.600560278,8.60056027799999,Extra Trees,8.881784197001252e-15
2019,12,4.300280139,4.300280138999995,Extra Trees,4.440892098500626e-15
2019,12,4.300280139,4.300280138999995,Extra Trees,4.440892098500626e-15
2019,12,4.300280139,4.300280138999995,Extra Trees,4.440892098500626e-15
2019,12,4.300280139,4.300280138999995,Extra Trees,4.440892098500626e-15
2019,12,4.300280139,4.300280138999995,Extra Trees,4.440892098500626e-15
2019,12,4.300280139,4.300280138999995,Extra Trees,4.440892098500626e-15
2019,12,4.300280139,4.300280138999995,Extra Trees,4.440892098500626e-15
2019,12,4.300280139,4.300280138999995,Extra Trees,4.440892098500626e-15
2020,1,5.0999261106,5.040955274665996,Extra Trees,0.05897083593400421
2020,1,5.0999261106,5.531542164705996,Extra Trees,-0.4316160541059961
2020,1,5.0999261106,5.534076150279997,Extra Trees,-0.4341500396799969
2020,1,5.0999261106,5.560163119081997,Extra Trees,-0.46023700848199667
2020,1,5.0999261106,5.555513572981998,Extra Trees,-0.455587462381998
2020,1,5.0999261106,5.517412670655998,Extra Trees,-0.4174865600559974
2020,1,5.0999261106,5.574986860173999,Extra Trees,-0.47506074957399846
2020,1,5.0999261106,5.543103833077996,Extra Trees,-0.44317772247799603
2020,2,4.249938425500001,5.031502910096997,Extra Trees,-0.7815644845969958
2020,2,4.249938425500001,4.779716137863997,Extra Trees,-0.5297777123639964
2020,2,4.249938425500001,4.772564181133998,Extra Trees,-0.5226257556339968
2020,2,4.249938425500001,4.760523534054998,Extra Trees,-0.5105851085549968
2020,2,4.249938425500001,4.761743697429998,Extra Trees,-0.5118052719299975
2020,2,4.249938425500001,4.785048906829998,Extra Trees,-0.5351104813299976
2020,2,4.249938425500001,4.746717290074997,Extra Trees,-0.4967788645749964
2020,2,4.249938425500001,4.755865905574998,Extra Trees,-0.5059274800749973
2020,3,6.799901480800001,7.360942743312002,Extra Trees,-0.5610412625120009
2020,3,6.799901480800001,7.2551964373479985,Extra Trees,-0.45529495654799756
2020,3,6.799901480800001,7.271045146211998,Extra Trees,-0.47114366541199715
2020,3,6.799901480800001,7.2778588027799955,Extra Trees,-0.47795732197999463
2020,3,6.799901480800001,7.306045291105995,Extra Trees,-0.5061438103059945
2020,3,6.799901480800001,7.293228643259996,Extra Trees,-0.4933271624599955
2020,3,6.799901480800001,7.271224959439995,Extra Trees,-0.47132347863999424
2020,3,6.799901480800001,7.277154502321996,Extra Trees,-0.477253021521995
2020,4,10.1998522212,10.211135280469994,Extra Trees,-0.011283059269993956
2020,4,10.1998522212,10.933502885919998,Extra Trees,-0.7336506647199972
2020,4,10.1998522212,10.944847540683995,Extra Trees,-0.7449953194839942
2020,4,10.1998522212,10.984296066055993,Extra Trees,-0.7844438448559927
2020,4,10.1998522212,10.890141561389996,Extra Trees,-0.6902893401899952
2020,4,10.1998522212,10.982324761987993,Extra Trees,-0.7824725407879924
2020,4,10.1998522212,11.024137329863995,Extra Trees,-0.8242851086639948
2020,4,10.1998522212,11.030522202083993,Extra Trees,-0.830669980883993
2020,5,11.899827591400001,12.017802433845993,Extra Trees,-0.11797484244599232
2020,5,11.899827591400001,12.30983547832599,Extra Trees,-0.4100078869259889
2020,5,11.899827591400001,12.265203133335987,Extra Trees,-0.3653755419359861
2020,5,11.899827591400001,12.200482456715985,Extra Trees,-0.30065486531598395
2020,5,11.899827591400001,12.203952085325987,Extra Trees,-0.3041244939259862
2020,5,11.899827591400001,12.203952085325987,Extra Trees,-0.3041244939259862
2020,5,11.899827591400001,12.304759832747987,Extra Trees,-0.40493224134798567
2020,5,11.899827591400001,12.406195882865989,Extra Trees,-0.5063682914659875
2020,6,8.499876851000002,8.803974091109996,Extra Trees,-0.3040972401099946
2020,6,8.499876851000002,8.805590423299998,Extra Trees,-0.3057135722999966
2020,6,8.499876851000002,8.737993546499997,Extra Trees,-0.23811669549999515
2020,6,8.499876851000002,8.785212603219996,Extra Trees,-0.28533575221999463
2020,6,8.499876851000002,8.758715735289998,Extra Trees,-0.2588388842899967
2020,6,8.499876851000002,8.785739922899998,Extra Trees,-0.28586307189999616
2020,6,8.499876851000002,8.586350311949996,Extra Trees,-0.08647346094999442
2020,6,8.499876851000002,8.58438181397,Extra Trees,-0.08450496296999788
2020,7,5.0999261106,5.743750854239998,Extra Trees,-0.643824743639998
2020,7,5.0999261106,5.859184284127997,Extra Trees,-0.7592581735279964
2020,7,5.0999261106,5.776754230382997,Extra Trees,-0.6768281197829964
2020,7,5.0999261106,5.709162237724999,Extra Trees,-0.6092361271249986
2020,7,5.0999261106,5.730509283721999,Extra Trees,-0.6305831731219991
2020,7,5.0999261106,5.729014388084998,Extra Trees,-0.629088277484998
2020,7,5.0999261106,5.682067338739999,Extra Trees,-0.5821412281399985
2020,7,5.0999261106,5.6530984166769995,Extra Trees,-0.5531723060769993
2020,8,4.249938425500001,4.919115955341997,Extra Trees,-0.6691775298419964
2020,8,4.249938425500001,4.780712324214997,Extra Trees,-0.5307738987149966
2020,8,4.249938425500001,4.666149292889997,Extra Trees,-0.4162108673899958
2020,8,4.249938425500001,4.725981053184998,Extra Trees,-0.47604262768499694
2020,8,4.249938425500001,4.753498243519997,Extra Trees,-0.5035598180199958
2020,8,4.249938425500001,4.776387232889999,Extra Trees,-0.5264488073899978
2020,8,4.249938425500001,4.769946723564998,Extra Trees,-0.5200082980649974
2020,8,4.249938425500001,4.779943281489998,Extra Trees,-0.530004855989997
2020,9,5.0999261106,4.998734981720995,Extra Trees,0.10119112887900528
2020,9,5.0999261106,5.5399132331779954,Extra Trees,-0.4399871225779952
2020,9,5.0999261106,5.483113365157997,Extra Trees,-0.3831872545579964
2020,9,5.0999261106,5.581160916275998,Extra Trees,-0.48123480567599763
2020,9,5.0999261106,5.569412432007999,Extra Trees,-0.46948632140799873
2020,9,5.0999261106,5.550216654889997,Extra Trees,-0.45029054428999693
2020,9,5.0999261106,5.582828473617999,Extra Trees,-0.48290236301799894
2020,9,5.0999261106,5.546281507944997,Extra Trees,-0.4463553973449965
2020,10,8.499876851000002,8.55993223690999,Extra Trees,-0.0600553859099886
2020,10,8.499876851000002,8.906686850929994,Extra Trees,-0.4068099999299921
2020,10,8.499876851000002,8.889127597179995,Extra Trees,-0.389250746179993
2020,10,8.499876851000002,8.944547933579996,Extra Trees,-0.444671082579994
2020,10,8.499876851000002,8.994591848899995,Extra Trees,-0.49471499789999385
2020,10,8.499876851000002,9.013964573799996,Extra Trees,-0.514087722799994
2020,10,8.499876851000002,9.129517512689997,Extra Trees,-0.6296406616899954
2020,10,8.499876851000002,9.102767828279998,Extra Trees,-0.602890977279996
2020,11,10.1998522212,10.03799479328999,Extra Trees,0.1618574279100109
2020,11,10.1998522212,10.528382002133995,Extra Trees,-0.32852978093399443
2020,11,10.1998522212,10.500347793619996,Extra Trees,-0.3004955724199956
2020,11,10.1998522212,10.613387051071996,Extra Trees,-0.4135348298719954
2020,11,10.1998522212,10.537469182519994,Extra Trees,-0.3376169613199931
2020,11,10.1998522212,10.635172592019995,Extra Trees,-0.4353203708199942
2020,11,10.1998522212,10.650618532399996,Extra Trees,-0.45076631119999533
2020,11,10.1998522212,10.623203554823995,Extra Trees,-0.42335133362399446
2020,12,5.0999261106,5.719852393539998,Extra Trees,-0.6199262829399981
2020,12,5.0999261106,5.497767748541996,Extra Trees,-0.3978416379419958
2020,12,5.0999261106,5.4984859346559976,Extra Trees,-0.3985598240559973
2020,12,5.0999261106,5.3970872614999985,Extra Trees,-0.2971611508999983
2020,12,5.0999261106,5.427819961027999,Extra Trees,-0.3278938504279987
2020,12,5.0999261106,5.394521173833998,Extra Trees,-0.29459506323399776
2020,12,5.0999261106,5.382217543781998,Extra Trees,-0.2822914331819977
2020,12,5.0999261106,5.377367684627997,Extra Trees,-0.2774415740279972
2021,1,5.3212221576,5.566771704234998,Extra Trees,-0.24554954663499728
2021,1,5.3212221576,5.7154853977799975,Extra Trees,-0.39426324017999725
2021,1,5.3212221576,5.692330001247998,Extra Trees,-0.371107843647998
2021,1,5.3212221576,5.6799606939719975,Extra Trees,-0.35873853637199726
2021,1,5.3212221576,5.696141677711998,Extra Trees,-0.37491952011199814
2021,1,5.3212221576,5.676350963117998,Extra Trees,-0.35512880551799775
2021,1,5.3212221576,5.676956651273997,Extra Trees,-0.3557344936739968
2021,1,5.3212221576,5.6751124373299975,Extra Trees,-0.3538902797299972
2021,2,4.434351798000001,5.122391857693995,Extra Trees,-0.6880400596939946
2021,2,4.434351798000001,4.898177102967996,Extra Trees,-0.4638253049679957
2021,2,4.434351798000001,4.9076455710929965,Extra Trees,-0.4732937730929958
2021,2,4.434351798000001,4.886758046414996,Extra Trees,-0.4524062484149951
2021,2,4.434351798000001,4.897429548447997,Extra Trees,-0.4630777504479964
2021,2,4.434351798000001,4.898893903789997,Extra Trees,-0.4645421057899961
2021,2,4.434351798000001,4.893565434844997,Extra Trees,-0.4592136368449964
2021,2,4.434351798000001,4.859766189419997,Extra Trees,-0.42541439141999593
2021,3,7.0949628768,7.506213308183998,Extra Trees,-0.41125043138399775
2021,3,7.0949628768,7.632944689801998,Extra Trees,-0.5379818130019975
2021,3,7.0949628768,7.653983978265999,Extra Trees,-0.5590211014659987
2021,3,7.0949628768,7.707278267583995,Extra Trees,-0.6123153907839942
2021,3,7.0949628768,7.718737902049996,Extra Trees,-0.6237750252499961
2021,3,7.0949628768,7.704999075431996,Extra Trees,-0.6100361986319953
2021,3,7.0949628768,7.791944304161996,Extra Trees,-0.6969814273619956
2021,3,7.0949628768,7.793755275169996,Extra Trees,-0.6987923983699957
2021,4,10.6424443152,10.322027476527996,Extra Trees,0.32041683867200454
2021,4,10.6424443152,11.303442303578002,Extra Trees,-0.6609979883780017
2021,4,10.6424443152,11.318183774318001,Extra Trees,-0.6757394591180006
2021,4,10.6424443152,11.371719870674,Extra Trees,-0.7292755554739987
2021,4,10.6424443152,11.301604657654002,Extra Trees,-0.6591603424540011
2021,4,10.6424443152,11.353891974946,Extra Trees,-0.7114476597459998
2021,4,10.6424443152,11.493503630658,Extra Trees,-0.8510593154579986
2021,4,10.6424443152,11.49977552589,Extra Trees,-0.8573312106899991
2021,5,12.416185034400002,12.221634991803993,Extra Trees,0.19455004259600805
2021,5,12.416185034400002,12.566463226809992,Extra Trees,-0.1502781924099903
2021,5,12.416185034400002,12.634032911677991,Extra Trees,-0.2178478772779897
2021,5,12.416185034400002,12.574660601967992,Extra Trees,-0.15847556756799008
2021,5,12.416185034400002,12.61549222951799,Extra Trees,-0.19930719511798856
2021,5,12.416185034400002,12.620375130491992,Extra Trees,-0.20419009609199001
2021,5,12.416185034400002,13.146985587417992,Extra Trees,-0.7308005530179909
2021,5,12.416185034400002,13.184631337507993,Extra Trees,-0.7684463031079911
2021,6,8.868703596000001,9.677983949895998,Extra Trees,-0.8092803538959963
2021,6,8.868703596000001,9.420489054757995,Extra Trees,-0.551785458757994
2021,6,8.868703596000001,9.383829680687994,Extra Trees,-0.5151260846879921
2021,6,8.868703596000001,9.379491374407996,Extra Trees,-0.5107877784079946
2021,6,8.868703596000001,9.419276365807995,Extra Trees,-0.5505727698079941
2021,6,8.868703596000001,9.382329172787996,Extra Trees,-0.5136255767879945
2021,6,8.868703596000001,8.772092037149996,Extra Trees,0.09661155885000561
2021,6,8.868703596000001,8.872684945229995,Extra Trees,-0.003981349229993825
2021,7,5.3212221576,6.2493800906319965,Extra Trees,-0.9281579330319962
2021,7,5.3212221576,6.224666298271999,Extra Trees,-0.9034441406719989
2021,7,5.3212221576,6.163750023279999,Extra Trees,-0.8425278656799984
2021,7,5.3212221576,6.029896030012,Extra Trees,-0.7086738724119996
2021,7,5.3212221576,6.110111744394,Extra Trees,-0.7888895867939993
2021,7,5.3212221576,6.050859931233999,Extra Trees,-0.729637773633999
2021,7,5.3212221576,5.872305544746,Extra Trees,-0.5510833871459999
2021,7,5.3212221576,5.799222629741,Extra Trees,-0.47800047214099983
2021,8,4.434351798000001,5.124761472041997,Extra Trees,-0.6904096740419963
2021,8,4.434351798000001,5.076933767605996,Extra Trees,-0.6425819696059953
2021,8,4.434351798000001,5.052568051460995,Extra Trees,-0.6182162534609947
2021,8,4.434351798000001,5.063043529549996,Extra Trees,-0.6286917315499956
2021,8,4.434351798000001,5.079881787866996,Extra Trees,-0.6455299898669953
2021,8,4.434351798000001,5.075978512523997,Extra Trees,-0.641626714523996
2021,8,4.434351798000001,5.075938702538997,Extra Trees,-0.6415869045389959
2021,8,4.434351798000001,5.078450540318996,Extra Trees,-0.6440987423189952
2021,9,5.3212221576,5.077235262538998,Extra Trees,0.24398689506100268
2021,9,5.3212221576,5.752641157451998,Extra Trees,-0.4314189998519975
2021,9,5.3212221576,5.6632565054049975,Extra Trees,-0.3420343478049972
2021,9,5.3212221576,5.741710800393999,Extra Trees,-0.4204886427939991
2021,9,5.3212221576,5.7500032040079985,Extra Trees,-0.4287810464079982
2021,9,5.3212221576,5.731063447609999,Extra Trees,-0.40984129000999836
2021,9,5.3212221576,5.722263805137999,Extra Trees,-0.40104164753799854
2021,9,5.3212221576,5.745667555803998,Extra Trees,-0.4244453982039973
2021,10,8.868703596000001,8.706598043959993,Extra Trees,0.16210555204000876
2021,10,8.868703596000001,9.184657223877993,Extra Trees,-0.31595362787799175
2021,10,8.868703596000001,9.189055066851992,Extra Trees,-0.3203514708519908
2021,10,8.868703596000001,9.235997316159994,Extra Trees,-0.3672937201599922
2021,10,8.868703596000001,9.239287289345992,Extra Trees,-0.3705836933459903
2021,10,8.868703596000001,9.283874613977993,Extra Trees,-0.4151710179779915
2021,10,8.868703596000001,9.447253999913993,Extra Trees,-0.5785504039139919
2021,10,8.868703596000001,9.455279799775994,Extra Trees,-0.5865762037759925
2021,11,10.6424443152,9.880260498541993,Extra Trees,0.7621838166580073
2021,11,10.6424443152,10.380720396839997,Extra Trees,0.2617239183600031
2021,11,10.6424443152,10.424887157701995,Extra Trees,0.21755715749800508
2021,11,10.6424443152,10.604673854935998,Extra Trees,0.03777046026400299
2021,11,10.6424443152,10.566545859159998,Extra Trees,0.07589845604000267
2021,11,10.6424443152,10.520196249849999,Extra Trees,0.12224806535000177
2021,11,10.6424443152,10.731291261499997,Extra Trees,-0.08884694629999679
2021,11,10.6424443152,10.807817806831999,Extra Trees,-0.165373491631998
2021,12,5.3212221576,7.005687088036001,Extra Trees,-1.6844649304360004
2021,12,5.3212221576,5.783597987931996,Extra Trees,-0.4623758303319958
2021,12,5.3212221576,5.7967498285039945,Extra Trees,-0.47552767090399417
2021,12,5.3212221576,5.628833318389997,Extra Trees,-0.30761116078999695
2021,12,5.3212221576,5.606544173415997,Extra Trees,-0.28532201581599637
2021,12,5.3212221576,5.680542791123997,Extra Trees,-0.3593206335239971
2021,12,5.3212221576,5.544011388233997,Extra Trees,-0.22278923063399692
2021,12,5.3212221576,5.565226627435997,Extra Trees,-0.2440044698359971
2022,1,4.925635077,5.48222079656,Extra Trees,-0.5565857195600001
2022,1,4.925635077,5.4720714642580015,Extra Trees,-0.5464363872580016
2022,1,4.925635077,5.472542651686001,Extra Trees,-0.546907574686001
2022,1,4.925635077,5.465787160324003,Extra Trees,-0.5401520833240028
2022,1,4.925635077,5.448961318677004,Extra Trees,-0.5233262416770037
2022,1,4.925635077,5.470474393108003,Extra Trees,-0.5448393161080034
2022,1,4.925635077,5.471931503098002,Extra Trees,-0.5462964260980021
2022,1,4.925635077,5.471931503098002,Extra Trees,-0.5462964260980021
2022,2,4.1046958975,4.9221011793840015,Extra Trees,-0.8174052818840014
2022,2,4.1046958975,4.736817389825003,Extra Trees,-0.6321214923250027
2022,2,4.1046958975,4.739239400580003,Extra Trees,-0.6345435030800033
2022,2,4.1046958975,4.732687842905003,Extra Trees,-0.6279919454050029
2022,2,4.1046958975,4.720942509150003,Extra Trees,-0.6162466116500029
2022,2,4.1046958975,4.733192583035002,Extra Trees,-0.6284966855350023
2022,2,4.1046958975,4.724871786940002,Extra Trees,-0.6201758894400022
2022,2,4.1046958975,4.731262634020004,Extra Trees,-0.6265667365200036
2022,3,6.5675134360000005,7.353494843513999,Extra Trees,-0.7859814075139981
2022,3,6.5675134360000005,7.4180899120060015,Extra Trees,-0.8505764760060011
2022,3,6.5675134360000005,7.423467387310001,Extra Trees,-0.855953951310001
2022,3,6.5675134360000005,7.4655968745819985,Extra Trees,-0.898083438581998
2022,3,6.5675134360000005,7.500710224943999,Extra Trees,-0.9331967889439987
2022,3,6.5675134360000005,7.461638928061999,Extra Trees,-0.8941254920619981
2022,3,6.5675134360000005,7.4720855739099985,Extra Trees,-0.904572137909998
2022,3,6.5675134360000005,7.483103537341999,Extra Trees,-0.9155901013419987
2022,4,9.851270154,10.313030708978001,Extra Trees,-0.4617605549780013
2022,4,9.851270154,11.028082126150009,Extra Trees,-1.1768119721500092
2022,4,9.851270154,11.087791892914009,Extra Trees,-1.2365217389140088
2022,4,9.851270154,11.107970233642007,Extra Trees,-1.2567000796420071
2022,4,9.851270154,10.997861798758006,Extra Trees,-1.146591644758006
2022,4,9.851270154,11.115982860682006,Extra Trees,-1.2647127066820065
2022,4,9.851270154,11.136887659138006,Extra Trees,-1.2856175051380063
2022,4,9.851270154,11.160178737658008,Extra Trees,-1.3089085836580079
2022,5,11.493148513000001,12.195517082809989,Extra Trees,-0.7023685698099875
2022,5,11.493148513000001,12.331840712267988,Extra Trees,-0.838692199267987
2022,5,11.493148513000001,12.403337862145989,Extra Trees,-0.9101893491459876
2022,5,11.493148513000001,12.286152760993987,Extra Trees,-0.7930042479939861
2022,5,11.493148513000001,12.215021925721988,Extra Trees,-0.7218734127219868
2022,5,11.493148513000001,12.286152760993987,Extra Trees,-0.7930042479939861
2022,5,11.493148513000001,12.470561633317988,Extra Trees,-0.977413120317987
2022,5,11.493148513000001,12.538131318185988,Extra Trees,-1.0449828051859864
2022,6,8.209391795,8.94907524127001,Extra Trees,-0.7396834462700106
2022,6,8.209391795,8.639899661234006,Extra Trees,-0.43050786623400583
2022,6,8.209391795,8.736058450560009,Extra Trees,-0.5266666555600086
2022,6,8.209391795,8.740593865030009,Extra Trees,-0.5312020700300089
2022,6,8.209391795,8.640226108474007,Extra Trees,-0.4308343134740067
2022,6,8.209391795,8.715698290092009,Extra Trees,-0.5063064950920086
2022,6,8.209391795,8.517688740652009,Extra Trees,-0.3082969456520086
2022,6,8.209391795,8.517635958872008,Extra Trees,-0.3082441638720077
2022,7,4.925635077,5.895826513427998,Extra Trees,-0.9701914364279984
2022,7,4.925635077,5.856841116705003,Extra Trees,-0.9312060397050033
2022,7,4.925635077,5.756164837340004,Extra Trees,-0.8305297603400037
2022,7,4.925635077,5.592111402436002,Extra Trees,-0.666476325436002
2022,7,4.925635077,5.727353465189002,Extra Trees,-0.801718388189002
2022,7,4.925635077,5.746048947499002,Extra Trees,-0.820413870499002
2022,7,4.925635077,5.6010043849240025,Extra Trees,-0.6753693079240026
2022,7,4.925635077,5.567780883544004,Extra Trees,-0.6421458065440042
2022,8,4.1046958975,4.8740285925250015,Extra Trees,-0.7693326950250015
2022,8,4.1046958975,4.790380664820002,Extra Trees,-0.6856847673200015
2022,8,4.1046958975,4.724543575855002,Extra Trees,-0.6198476783550015
2022,8,4.1046958975,4.756579158790002,Extra Trees,-0.6518832612900018
2022,8,4.1046958975,4.770040498437003,Extra Trees,-0.6653446009370025
2022,8,4.1046958975,4.759340190145003,Extra Trees,-0.6546442926450027
2022,8,4.1046958975,4.754651815245003,Extra Trees,-0.6499559177450029
2022,8,4.1046958975,4.773965309288003,Extra Trees,-0.6692694117880027
2022,9,4.925635077,5.2023943172059965,Extra Trees,-0.2767592402059966
2022,9,4.925635077,5.457780533158001,Extra Trees,-0.532145456158001
2022,9,4.925635077,5.416066991999004,Extra Trees,-0.49043191499900374
2022,9,4.925635077,5.466492868564,Extra Trees,-0.540857791564
2022,9,4.925635077,5.447768527767002,Extra Trees,-0.5221334507670017
2022,9,4.925635077,5.416151078195003,Extra Trees,-0.4905160011950027
2022,9,4.925635077,5.453510894026001,Extra Trees,-0.5278758170260014
2022,9,4.925635077,5.445334842335001,Extra Trees,-0.5196997653350008
2022,10,8.209391795,8.521134249238003,Extra Trees,-0.3117424542380025
2022,10,8.209391795,8.845222230050005,Extra Trees,-0.6358304350500052
2022,10,8.209391795,8.847472451630004,Extra Trees,-0.6380806566300041
2022,10,8.209391795,8.912177330860008,Extra Trees,-0.7027855358600075
2022,10,8.209391795,8.992930310100009,Extra Trees,-0.7835385151000089
2022,10,8.209391795,8.969833989228007,Extra Trees,-0.7604421942280073
2022,10,8.209391795,9.08964369096001,Extra Trees,-0.8802518959600096
2022,10,8.209391795,9.07231559880001,Extra Trees,-0.86292380380001
2022,11,9.851270154,10.196928185577999,Extra Trees,-0.3456580315779991
2022,11,9.851270154,10.545502722374009,Extra Trees,-0.6942325683740087
2022,11,9.851270154,10.529840945498009,Extra Trees,-0.678570791498009
2022,11,9.851270154,10.561750326450008,Extra Trees,-0.7104801724500085
2022,11,9.851270154,10.503910686174004,Extra Trees,-0.6526405321740043
2022,11,9.851270154,10.564024825002004,Extra Trees,-0.7127546710020045
2022,11,9.851270154,10.597668105974005,Extra Trees,-0.7463979519740054
2022,11,9.851270154,10.572449583042005,Extra Trees,-0.7211794290420048
2022,12,4.925635077,6.106964646706001,Extra Trees,-1.1813295697060013
2022,12,4.925635077,5.700672261529999,Extra Trees,-0.7750371845299995
2022,12,4.925635077,5.657123063852002,Extra Trees,-0.7314879868520023
2022,12,4.925635077,5.513527683260003,Extra Trees,-0.5878926062600032
2022,12,4.925635077,5.514780568904002,Extra Trees,-0.5891454919040022
2022,12,4.925635077,5.516697497870002,Extra Trees,-0.5910624208700019
2022,12,4.925635077,5.549995445494001,Extra Trees,-0.6243603684940009
2022,12,4.925635077,5.547408968278002,Extra Trees,-0.6217738912780018
2023,1,4.4264350848,4.865107237127997,Extra Trees,-0.4386721523279977
2023,1,4.4264350848,4.692766831682995,Extra Trees,-0.26633174688299555
2023,1,4.4264350848,4.695858048182995,Extra Trees,-0.2694229633829952
2023,1,4.4264350848,4.6786258040169955,Extra Trees,-0.2521907192169959
2023,1,4.4264350848,4.681489684511995,Extra Trees,-0.25505459971199507
2023,1,4.4264350848,4.686020813926995,Extra Trees,-0.2595857291269956
2023,1,4.4264350848,4.653853338608995,Extra Trees,-0.22741825380899527
2023,1,4.4264350848,4.6907499667439945,Extra Trees,-0.2643148819439949
2023,2,3.6886959040000002,4.140490859829998,Extra Trees,-0.45179495582999785
2023,2,3.6886959040000002,3.9963471563549966,Extra Trees,-0.30765125235499635
2023,2,3.6886959040000002,3.9963471563549966,Extra Trees,-0.30765125235499635
2023,2,3.6886959040000002,3.9905298030899963,Extra Trees,-0.301833899089996
2023,2,3.6886959040000002,3.9879408697149965,Extra Trees,-0.29924496571499626
2023,2,3.6886959040000002,3.9879408697149965,Extra Trees,-0.29924496571499626
2023,2,3.6886959040000002,3.9867017166399963,Extra Trees,-0.29800581263999604
2023,2,3.6886959040000002,3.9867017166399963,Extra Trees,-0.29800581263999604
2023,3,5.9019134464,6.288000753423993,Extra Trees,-0.38608730702399274
2023,3,5.9019134464,6.304044676703993,Extra Trees,-0.40213123030399256
2023,3,5.9019134464,6.301755199583993,Extra Trees,-0.39984175318399284
2023,3,5.9019134464,6.308209752847992,Extra Trees,-0.40629630644799164
2023,3,5.9019134464,6.304268855183993,Extra Trees,-0.40235540878399334
2023,3,5.9019134464,6.302109206703992,Extra Trees,-0.4001957603039923
2023,3,5.9019134464,6.250640255863994,Extra Trees,-0.3487268094639937
2023,3,5.9019134464,6.286674528223991,Extra Trees,-0.38476108182399127
2023,4,8.8528701696,9.184578625565994,Extra Trees,-0.33170845596599463
2023,4,8.8528701696,9.291558483577994,Extra Trees,-0.4386883139779947
2023,4,8.8528701696,9.331400289613992,Extra Trees,-0.47853012001399264
2023,4,8.8528701696,9.329028878961994,Extra Trees,-0.4761587093619948
2023,4,8.8528701696,9.257573642609993,Extra Trees,-0.40470347300999343
2023,4,8.8528701696,9.257839147949992,Extra Trees,-0.40496897834999324
2023,4,8.8528701696,9.306730022415994,Extra Trees,-0.45385985281599517
2023,4,8.8528701696,9.326870497787993,Extra Trees,-0.4740003281879943
2023,5,10.328348531200001,10.490232631512,Extra Trees,-0.1618841003119993
2023,5,10.328348531200001,10.765549344687999,Extra Trees,-0.43720081348799766
2023,5,10.328348531200001,10.761460203617998,Extra Trees,-0.4331116724179971
2023,5,10.328348531200001,10.774057583978,Extra Trees,-0.4457090527779979
2023,5,10.328348531200001,10.625872191675999,Extra Trees,-0.29752366047599743
2023,5,10.328348531200001,10.759869313307997,Extra Trees,-0.43152078210799516
2023,5,10.328348531200001,10.636478368627998,Extra Trees,-0.3081298374279964
2023,5,10.328348531200001,10.839850449549994,Extra Trees,-0.5115019183499925
2023,6,7.3773918080000005,7.658797443569995,Extra Trees,-0.2814056355699943
2023,6,7.3773918080000005,7.655263552759993,Extra Trees,-0.27787174475999254
2023,6,7.3773918080000005,7.666223333889994,Extra Trees,-0.28883152588999383
2023,6,7.3773918080000005,7.674939724119995,Extra Trees,-0.29754791611999476
2023,6,7.3773918080000005,7.674139165889995,Extra Trees,-0.29674735788999484
2023,6,7.3773918080000005,7.654655978679996,Extra Trees,-0.2772641706799952
2023,6,7.3773918080000005,7.4463873763219945,Extra Trees,-0.06899556832199405
2023,6,7.3773918080000005,7.521273831291996,Extra Trees,-0.1438820232919955
2023,7,4.4264350848,5.133681115367998,Extra Trees,-0.7072460305679984
2023,7,4.4264350848,4.9871635324179975,Extra Trees,-0.5607284476179979
2023,7,4.4264350848,4.887636754930996,Extra Trees,-0.461201670130996
2023,7,4.4264350848,4.909667944794995,Extra Trees,-0.4832328599949953
2023,7,4.4264350848,4.904380120385995,Extra Trees,-0.47794503558599555
2023,7,4.4264350848,4.903705295204995,Extra Trees,-0.4772702104049955
2023,7,4.4264350848,4.811137855549994,Extra Trees,-0.38470277074999437
2023,7,4.4264350848,4.808979827934994,Extra Trees,-0.38254474313499465
2023,8,3.6886959040000002,4.340905837672998,Extra Trees,-0.6522099336729976
2023,8,3.6886959040000002,3.9997417656299974,Extra Trees,-0.31104586162999714
2023,8,3.6886959040000002,4.019999423674998,Extra Trees,-0.3313035196749974
2023,8,3.6886959040000002,4.000175242804996,Extra Trees,-0.3114793388049959
2023,8,3.6886959040000002,3.9941366350899967,Extra Trees,-0.3054407310899965
2023,8,3.6886959040000002,4.033955267479996,Extra Trees,-0.34525936347999586
2023,8,3.6886959040000002,4.009209943344996,Extra Trees,-0.3205140393449959
2023,8,3.6886959040000002,4.007970790269996,Extra Trees,-0.3192748862699961
2023,9,4.4264350848,4.575199755215996,Extra Trees,-0.1487646704159964
2023,9,4.4264350848,4.700592237127994,Extra Trees,-0.2741571523279944
2023,9,4.4264350848,4.624007526357994,Extra Trees,-0.1975724415579947
2023,9,4.4264350848,4.548729320673996,Extra Trees,-0.12229423587399602
2023,9,4.4264350848,4.680222013683994,Extra Trees,-0.25378692888399446
2023,9,4.4264350848,4.679939364143994,Extra Trees,-0.25350427934399455
2023,9,4.4264350848,4.684888874322994,Extra Trees,-0.2584537895229948
2023,9,4.4264350848,4.679238035882994,Extra Trees,-0.25280295108299455
2023,10,7.3773918080000005,7.710638351655991,Extra Trees,-0.3332465436559904
2023,10,7.3773918080000005,7.671613504271997,Extra Trees,-0.2942216962719968
2023,10,7.3773918080000005,7.711248289221998,Extra Trees,-0.3338564812219973
2023,10,7.3773918080000005,7.763655791861994,Extra Trees,-0.38626398386199323
2023,10,7.3773918080000005,7.823416573747994,Extra Trees,-0.44602476574799343
2023,10,7.3773918080000005,7.812553125611995,Extra Trees,-0.4351613176119944
2023,10,7.3773918080000005,7.8126754773679945,Extra Trees,-0.435283669367994
2023,10,7.3773918080000005,7.787406895861993,Extra Trees,-0.4100150878619928
2023,11,8.8528701696,9.304033392441998,Extra Trees,-0.4511632228419984
2023,11,8.8528701696,9.163514048375994,Extra Trees,-0.31064387877599486
2023,11,8.8528701696,9.173119778335993,Extra Trees,-0.3202496087359936
2023,11,8.8528701696,9.170816252771996,Extra Trees,-0.31794608317199646
2023,11,8.8528701696,9.100289968531998,Extra Trees,-0.2474197989319986
2023,11,8.8528701696,9.130382482285997,Extra Trees,-0.27751231268599774
2023,11,8.8528701696,9.148486171765995,Extra Trees,-0.29561600216599615
2023,11,8.8528701696,9.185580946935994,Extra Trees,-0.3327107773359952
2023,12,4.4264350848,5.146001850123998,Extra Trees,-0.7195667653239983
2023,12,4.4264350848,4.701996154037996,Extra Trees,-0.2755610692379964
2023,12,4.4264350848,4.703615890397996,Extra Trees,-0.27718080559799674
2023,12,4.4264350848,4.703103173849996,Extra Trees,-0.2766680890499966
2023,12,4.4264350848,4.701616190159996,Extra Trees,-0.2751811053599962
2023,12,4.4264350848,4.704722910209996,Extra Trees,-0.2782878254099961
2023,12,4.4264350848,4.7048556628799965,Extra Trees,-0.27842057807999687
2023,12,4.4264350848,4.715397301379997,Extra Trees,-0.2889622165799972
2024,1,4.450098509999999,4.699628916422996,Extra Trees,-0.24953040642299662
2024,1,4.450098509999999,4.748609801561994,Extra Trees,-0.2985112915619945
2024,1,4.450098509999999,4.739388039585994,Extra Trees,-0.28928952958599474
2024,1,4.450098509999999,4.671528549560995,Extra Trees,-0.22143003956099605
2024,1,4.450098509999999,4.733857049305994,Extra Trees,-0.28375853930599515
2024,1,4.450098509999999,4.743041646715994,Extra Trees,-0.29294313671599514
2024,1,4.450098509999999,4.734616815800994,Extra Trees,-0.2845183058009946
2024,1,4.450098509999999,4.655996727921996,Extra Trees,-0.20589821792199636
2024,2,3.708415425,4.286484516828997,Extra Trees,-0.578069091828997
2024,2,3.708415425,4.0683959159599965,Extra Trees,-0.3599804909599964
2024,2,3.708415425,4.100583745713997,Extra Trees,-0.39216832071399654
2024,2,3.708415425,4.068327110009996,Extra Trees,-0.3599116850099957
2024,2,3.708415425,4.074380244237997,Extra Trees,-0.3659648192379965
2024,2,3.708415425,4.072997393149996,Extra Trees,-0.364581968149996
2024,2,3.708415425,4.058247835489996,Extra Trees,-0.3498324104899959
2024,2,3.708415425,4.059654448479996,Extra Trees,-0.35123902347999625
2024,3,5.933464679999999,6.446506943651998,Extra Trees,-0.5130422636519985
2024,3,5.933464679999999,6.397594756065993,Extra Trees,-0.46413007606599344
2024,3,5.933464679999999,6.400336360513993,Extra Trees,-0.46687168051399386
2024,3,5.933464679999999,6.436703195995993,Extra Trees,-0.503238515995994
2024,3,5.933464679999999,6.459304835433994,Extra Trees,-0.5258401554339951
2024,3,5.933464679999999,6.432578736847993,Extra Trees,-0.4991140568479935
2024,3,5.933464679999999,6.3957977257319945,Extra Trees,-0.4623330457319952
2024,3,5.933464679999999,6.434893159051994,Extra Trees,-0.5014284790519952
2024,4,8.900197019999998,9.234526943989996,Extra Trees,-0.3343299239899977
2024,4,8.900197019999998,9.241124236935997,Extra Trees,-0.3409272169359987
2024,4,8.900197019999998,9.32988372259599,Extra Trees,-0.4296867025959923
2024,4,8.900197019999998,9.366664807101994,Extra Trees,-0.46646778710199577
2024,4,8.900197019999998,9.295475076089993,Extra Trees,-0.3952780560899942
2024,4,8.900197019999998,9.338477877479994,Extra Trees,-0.43828085747999523
2024,4,8.900197019999998,9.353547737895994,Extra Trees,-0.45335071789599546
2024,4,8.900197019999998,9.386752481215993,Extra Trees,-0.48655546121599436
2024,5,10.38356319,10.716490030999992,Extra Trees,-0.3329268409999919
2024,5,10.38356319,10.825179976813995,Extra Trees,-0.4416167868139951
2024,5,10.38356319,10.957965722133995,Extra Trees,-0.5744025321339947
2024,5,10.38356319,10.962631689355996,Extra Trees,-0.579068499355996
2024,5,10.38356319,10.952222803525997,Extra Trees,-0.5686596135259965
2024,5,10.38356319,10.952222803525997,Extra Trees,-0.5686596135259965
2024,5,10.38356319,11.037589252617995,Extra Trees,-0.6540260626179943
2024,5,10.38356319,11.036083157775995,Extra Trees,-0.6525199677759943
2024,6,7.41683085,7.916116488849995,Extra Trees,-0.49928563884999466
2024,6,7.41683085,7.771484907029995,Extra Trees,-0.354654057029995
2024,6,7.41683085,7.776441519329996,Extra Trees,-0.35961066932999586
2024,6,7.41683085,7.803826552229996,Extra Trees,-0.3869957022299957
2024,6,7.41683085,7.719182820329995,Extra Trees,-0.30235197032999483
2024,6,7.41683085,7.817153968069995,Extra Trees,-0.4003231180699949
2024,6,7.41683085,7.752330814231997,Extra Trees,-0.3354999642319969
2024,6,7.41683085,7.762157775491997,Extra Trees,-0.34532692549199684
2024,7,4.450098509999999,5.045685484144998,Extra Trees,-0.5955869741449984
2024,7,4.450098509999999,5.027547776867995,Extra Trees,-0.5774492668679958
2024,7,4.450098509999999,4.9178021297679955,Extra Trees,-0.46770361976799624
2024,7,4.450098509999999,4.846663789618994,Extra Trees,-0.39656527961899446
2024,7,4.450098509999999,4.889733339190994,Extra Trees,-0.43963482919099484
2024,7,4.450098509999999,4.912819657320995,Extra Trees,-0.46272114732099556
2024,7,4.450098509999999,4.829551058191995,Extra Trees,-0.3794525481919955
2024,7,4.450098509999999,4.847402365825995,Extra Trees,-0.3973038558259958
2024,8,3.708415425,4.243052488134998,Extra Trees,-0.5346370631349977
2024,8,3.708415425,4.067323737897996,Extra Trees,-0.35890831289799596
2024,8,3.708415425,4.064956058972996,Extra Trees,-0.35654063397299574
2024,8,3.708415425,4.061939861807996,Extra Trees,-0.35352443680799617
2024,8,3.708415425,4.064418167957996,Extra Trees,-0.3560027429579957
2024,8,3.708415425,4.063179014882996,Extra Trees,-0.35476358988299594
2024,8,3.708415425,4.052974586624995,Extra Trees,-0.34455916162499456
2024,8,3.708415425,4.064418167957996,Extra Trees,-0.3560027429579957
2024,9,4.450098509999999,4.741869962564998,Extra Trees,-0.2917714525649986
2024,9,4.450098509999999,4.7512107152469945,Extra Trees,-0.3011122052469952
2024,9,4.450098509999999,4.683506993152995,Extra Trees,-0.23340848315299567
2024,9,4.450098509999999,4.722801070935994,Extra Trees,-0.2727025609359952
2024,9,4.450098509999999,4.746532947165994,Extra Trees,-0.2964344371659946
2024,9,4.450098509999999,4.765508429210994,Extra Trees,-0.31540991921099515
2024,9,4.450098509999999,4.760056680462994,Extra Trees,-0.3099581704629948
2024,9,4.450098509999999,4.763069830068995,Extra Trees,-0.3129713200689954
2024,10,7.41683085,7.763577200519994,Extra Trees,-0.3467463505199939
2024,10,7.41683085,7.802193938801997,Extra Trees,-0.38536308880199677
2024,10,7.41683085,7.770299453321997,Extra Trees,-0.35346860332199714
2024,10,7.41683085,7.870759949143997,Extra Trees,-0.4539290991439966
2024,10,7.41683085,7.848707079489995,Extra Trees,-0.43187622948999493
2024,10,7.41683085,7.876022300613996,Extra Trees,-0.4591914506139956
2024,10,7.41683085,7.8557249272039975,Extra Trees,-0.4388940772039973
2024,10,7.41683085,7.897701579015997,Extra Trees,-0.48087072901599637
2024,11,8.900197019999998,9.376176448350002,Extra Trees,-0.4759794283500032
2024,11,8.900197019999998,9.279840428789992,Extra Trees,-0.3796434087899936
2024,11,8.900197019999998,9.272564995519991,Extra Trees,-0.37236797551999246
2024,11,8.900197019999998,9.229629670969993,Extra Trees,-0.32943265096999497
2024,11,8.900197019999998,9.255001182187993,Extra Trees,-0.35480416218799427
2024,11,8.900197019999998,9.223518301659993,Extra Trees,-0.32332128165999485
2024,11,8.900197019999998,9.268720409999991,Extra Trees,-0.3685233899999929
2024,11,8.900197019999998,9.265029667575991,Extra Trees,-0.36483264757599265
2024,12,4.450098509999999,5.302010904415998,Extra Trees,-0.851912394415999
2024,12,4.450098509999999,4.975960333079996,Extra Trees,-0.525861823079997
2024,12,4.450098509999999,4.976527358393997,Extra Trees,-0.5264288483939978
2024,12,4.450098509999999,4.835622496961996,Extra Trees,-0.38552398696199663
2024,12,4.450098509999999,4.838976428219996,Extra Trees,-0.38887791821999684
2024,12,4.450098509999999,4.845057115649996,Extra Trees,-0.39495860564999674
2024,12,4.450098509999999,4.844306824727997,Extra Trees,-0.39420831472799733
2024,12,4.450098509999999,4.840976128457997,Extra Trees,-0.3908776184579974
2001,1,14.593574718,14.573616027832031,XGBoost,0.01995869016796803
2001,2,12.161312265,12.15440845489502,XGBoost,0.006903810104979868
2001,3,19.458099624,19.430530548095703,XGBoost,0.027569075904295914
2001,4,29.187149436,29.191511154174805,XGBoost,-0.0043617181748061284
2001,5,34.051674342,33.913089752197266,XGBoost,0.1385845898027327
2001,6,24.32262453,24.283571243286133,XGBoost,0.03905328671386599
2001,7,14.593574718,14.58198356628418,XGBoost,0.011591151715819592
2001,8,12.161312265,12.159601211547852,XGBoost,0.001711053452147837
2001,9,14.593574718,14.603900909423828,XGBoost,-0.010326191423828845
2001,10,24.32262453,24.300765991210938,XGBoost,0.0218585387890613
2001,11,29.187149436,29.185094833374023,XGBoost,0.0020546026259751216
2001,12,14.593574718,14.585984230041504,XGBoost,0.007590487958495373
2002,1,13.653268812,13.62639045715332,XGBoost,0.026878354846679997
2002,2,11.377724010000001,11.449736595153809,XGBoost,-0.07201258515380715
2002,3,18.204358416,18.104063034057617,XGBoost,0.10029538194238441
2002,4,27.306537624,27.26951026916504,XGBoost,0.03702735483496156
2002,5,31.857627228000002,31.875024795532227,XGBoost,-0.017397567532224656
2002,6,22.755448020000003,22.747142791748047,XGBoost,0.00830522825195601
2002,7,13.653268812,13.706937789916992,XGBoost,-0.05366897791699188
2002,8,11.377724010000001,11.283766746520996,XGBoost,0.09395726347900535
2002,9,13.653268812,13.616347312927246,XGBoost,0.036921499072754216
2002,10,22.755448020000003,22.911521911621094,XGBoost,-0.15607389162109087
2002,11,27.306537624,27.315134048461914,XGBoost,-0.008596424461913443
2002,12,13.653268812,13.670576095581055,XGBoost,-0.017307283581054378
2003,1,13.208306627999999,13.20653247833252,XGBoost,0.0017741496674794632
2003,2,11.006922190000001,10.940542221069336,XGBoost,0.066379968930665
2003,3,17.611075504000002,17.696632385253906,XGBoost,-0.08555688125390404
2003,4,26.416613255999998,26.469507217407227,XGBoost,-0.052893961407228574
2003,5,30.819382132000005,30.800207138061523,XGBoost,0.01917499393848132
2003,6,22.013844380000002,22.023279190063477,XGBoost,-0.009434810063474686
2003,7,13.208306627999999,13.211292266845703,XGBoost,-0.0029856388457041305
2003,8,11.006922190000001,10.942096710205078,XGBoost,0.06482547979492281
2003,9,13.208306627999999,13.145942687988281,XGBoost,0.062363940011717744
2003,10,22.013844380000002,21.97423553466797,XGBoost,0.03960884533203313
2003,11,26.416613255999998,26.44571876525879,XGBoost,-0.029105509258791074
2003,12,13.208306627999999,13.215898513793945,XGBoost,-0.007591885793946318
2004,1,11.065235658,11.154803276062012,XGBoost,-0.08956761806201108
2004,2,9.221029715,9.277115821838379,XGBoost,-0.05608610683837867
2004,3,14.753647544000001,14.808167457580566,XGBoost,-0.05451991358056496
2004,4,22.130471316,22.0825252532959,XGBoost,0.04794606270410284
2004,5,25.818883202000002,25.83738899230957,XGBoost,-0.018505790309568226
2004,6,18.44205943,18.395751953125,XGBoost,0.046307476875000475
2004,7,11.065235658,11.001847267150879,XGBoost,0.06338839084912173
2004,8,9.221029715,9.03594970703125,XGBoost,0.18508000796875024
2004,9,11.065235658,11.172439575195312,XGBoost,-0.10720391719531186
2004,10,18.44205943,18.45511245727539,XGBoost,-0.01305302727539015
2004,11,22.130471316,22.204774856567383,XGBoost,-0.07430354056738153
2004,12,11.065235658,11.046683311462402,XGBoost,0.018552346537598297
2005,1,8.335110228,8.443764686584473,XGBoost,-0.10865445858447309
2005,2,6.9459251900000005,7.192093372344971,XGBoost,-0.24616818234497018
2005,3,11.113480304,10.861138343811035,XGBoost,0.25234196018896426
2005,4,16.670220456,16.692636489868164,XGBoost,-0.02241603386816493
2005,5,19.448590532,19.63023567199707,XGBoost,-0.18164513999706955
2005,6,13.891850380000001,13.748063087463379,XGBoost,0.14378729253662215
2005,7,8.335110228,8.50906753540039,XGBoost,-0.17395730740039106
2005,8,6.9459251900000005,6.968472957611084,XGBoost,-0.022547767611083458
2005,9,8.335110228,8.274470329284668,XGBoost,0.0606398987153316
2005,10,13.891850380000001,13.864192008972168,XGBoost,0.027658371027833084
2005,11,16.670220456,16.331567764282227,XGBoost,0.33865269171777257
2005,12,8.335110228,8.357199668884277,XGBoost,-0.022089440884277778
2006,1,7.531516901999999,7.40074348449707,XGBoost,0.1307734175029287
2006,2,6.276264085,6.191267490386963,XGBoost,0.08499659461303732
2006,3,10.042022536,9.660751342773438,XGBoost,0.3812711932265618
2006,4,15.063033803999998,15.22037410736084,XGBoost,-0.15734030336084182
2006,5,17.573539438,17.507198333740234,XGBoost,0.06634110425976658
2006,6,12.55252817,12.609023094177246,XGBoost,-0.056494924177245665
2006,7,7.531516901999999,7.5838236808776855,XGBoost,-0.05230677887768653
2006,8,6.276264085,6.302628040313721,XGBoost,-0.02636395531372049
2006,9,7.531516901999999,7.604676723480225,XGBoost,-0.0731598214802256
2006,10,12.55252817,12.62357234954834,XGBoost,-0.07104417954833941
2006,11,15.063033803999998,15.095834732055664,XGBoost,-0.032800928055666034
2006,12,7.531516901999999,7.582909107208252,XGBoost,-0.05139220520825294
2007,1,5.6901060612,5.844621658325195,XGBoost,-0.15451559712519547
2007,2,4.741755051,4.761646270751953,XGBoost,-0.01989121975195296
2007,3,7.5868080816,7.576233863830566,XGBoost,0.01057421776943368
2007,4,11.3802121224,11.165510177612305,XGBoost,0.214701944787695
2007,5,13.2769141428,13.428707122802734,XGBoost,-0.15179298000273356
2007,6,9.483510102,9.430375099182129,XGBoost,0.053135002817871424
2007,7,5.6901060612,6.051572322845459,XGBoost,-0.36146626164545914
2007,8,4.741755051,4.667137622833252,XGBoost,0.07461742816674821
2007,9,5.6901060612,5.538427352905273,XGBoost,0.1516787082947264
2007,10,9.483510102,9.386428833007812,XGBoost,0.09708126899218783
2007,11,11.3802121224,11.434427261352539,XGBoost,-0.05421513895253938
2007,12,5.6901060612,5.699364185333252,XGBoost,-0.00925812413325211
2008,1,4.7865969468,4.835238933563232,XGBoost,-0.048641986763232836
2008,2,3.988830789,4.020630836486816,XGBoost,-0.03180004748681631
2008,3,6.3821292624,6.454137802124023,XGBoost,-0.0720085397240231
2008,4,9.5731938936,9.185860633850098,XGBoost,0.3873332597499015
2008,5,11.1687262092,11.109464645385742,XGBoost,0.05926156381425862
2008,6,7.977661578,8.027584075927734,XGBoost,-0.04992249792773418
2008,7,4.7865969468,4.922062397003174,XGBoost,-0.13546545020317424
2008,8,3.988830789,4.048379421234131,XGBoost,-0.05954863223413076
2008,9,4.7865969468,4.689600467681885,XGBoost,0.09699647911811482
2008,10,7.977661578,7.97984504699707,XGBoost,-0.002183468997070115
2008,11,9.5731938936,9.523265838623047,XGBoost,0.049928054976952296
2008,12,4.7865969468,4.838209629058838,XGBoost,-0.051612682258838305
2009,1,4.6557684545999996,4.508495330810547,XGBoost,0.14727312378945268
2009,2,3.8798070455,3.9404194355010986,XGBoost,-0.060612390001098415
2009,3,6.2076912728,6.2549614906311035,XGBoost,-0.04727021783110352
2009,4,9.311536909199999,9.220123291015625,XGBoost,0.0914136181843741
2009,5,10.863459727400002,10.703227043151855,XGBoost,0.16023268424814674
2009,6,7.759614091,7.797104358673096,XGBoost,-0.03749026767309527
2009,7,4.6557684545999996,4.828517913818359,XGBoost,-0.17274945921835982
2009,8,3.8798070455,3.9289844036102295,XGBoost,-0.049177358110229275
2009,9,4.6557684545999996,4.626046180725098,XGBoost,0.029722273874901894
2009,10,7.759614091,7.757240295410156,XGBoost,0.0023737955898441854
2009,11,9.311536909199999,9.35745906829834,XGBoost,-0.04592215909834074
2009,12,4.6557684545999996,4.695553302764893,XGBoost,-0.03978484816489303
2010,1,4.8163530444,4.748402118682861,XGBoost,0.06795092571713823
2010,1,4.8163530444,4.789251327514648,XGBoost,0.027101716885351124
2010,1,4.8163530444,4.834266185760498,XGBoost,-0.017913141360498486
2010,1,4.8163530444,4.859013557434082,XGBoost,-0.04266051303408247
2010,1,4.8163530444,4.867213249206543,XGBoost,-0.05086020480654341
2010,1,4.8163530444,4.8217597007751465,XGBoost,-0.005406656375146923
2010,1,4.8163530444,4.834112167358398,XGBoost,-0.017759122958398876
2010,1,4.8163530444,4.817506313323975,XGBoost,-0.0011532689239750482
2010,2,4.0136275370000005,4.085626602172852,XGBoost,-0.07199906517285104
2010,2,4.0136275370000005,4.009494781494141,XGBoost,0.0041327555058598975
2010,2,4.0136275370000005,4.0185627937316895,XGBoost,-0.004935256731688931
2010,2,4.0136275370000005,4.026638031005859,XGBoost,-0.013010494005858853
2010,2,4.0136275370000005,4.015445232391357,XGBoost,-0.0018176953913568994
2010,2,4.0136275370000005,4.019109725952148,XGBoost,-0.005482188952147915
2010,2,4.0136275370000005,4.00556755065918,XGBoost,0.008059986340820835
2010,2,4.0136275370000005,3.9807965755462646,XGBoost,0.032830961453735874
2010,3,6.4218040592,6.415755271911621,XGBoost,0.006048787288379209
2010,3,6.4218040592,6.477255821228027,XGBoost,-0.05545176202802704
2010,3,6.4218040592,6.451447486877441,XGBoost,-0.029643427677441103
2010,3,6.4218040592,6.436666011810303,XGBoost,-0.014861952610302431
2010,3,6.4218040592,6.4695515632629395,XGBoost,-0.04774750406293915
2010,3,6.4218040592,6.419050693511963,XGBoost,0.0027533656880374124
2010,3,6.4218040592,6.560848712921143,XGBoost,-0.13904465372114228
2010,3,6.4218040592,6.464725971221924,XGBoost,-0.042921912021923525
2010,4,9.6327060888,9.611434936523438,XGBoost,0.021271152276561622
2010,4,9.6327060888,9.66161060333252,XGBoost,-0.02890451453252041
2010,4,9.6327060888,9.645424842834473,XGBoost,-0.012718754034473534
2010,4,9.6327060888,9.639997482299805,XGBoost,-0.007291393499805565
2010,4,9.6327060888,9.638152122497559,XGBoost,-0.005446033697559471
2010,4,9.6327060888,9.61953353881836,XGBoost,0.013172549981639747
2010,4,9.6327060888,9.699599266052246,XGBoost,-0.06689317725224697
2010,4,9.6327060888,9.699779510498047,XGBoost,-0.06707342169804775
2010,5,11.2381571036,11.20318603515625,XGBoost,0.03497106844375075
2010,5,11.2381571036,11.209964752197266,XGBoost,0.028192351402735127
2010,5,11.2381571036,11.223206520080566,XGBoost,0.014950583519434346
2010,5,11.2381571036,11.206156730651855,XGBoost,0.032000372948145284
2010,5,11.2381571036,11.233210563659668,XGBoost,0.004946539940332784
2010,5,11.2381571036,11.22394847869873,XGBoost,0.014208624901270284
2010,5,11.2381571036,11.231956481933594,XGBoost,0.006200621666407002
2010,5,11.2381571036,11.23538589477539,XGBoost,0.0027712088246101274
2010,6,8.027255074000001,8.028975486755371,XGBoost,-0.0017204127553700488
2010,6,8.027255074000001,8.037232398986816,XGBoost,-0.009977324986815361
2010,6,8.027255074000001,8.03692626953125,XGBoost,-0.009671195531248955
2010,6,8.027255074000001,8.055869102478027,XGBoost,-0.0286140284780263
2010,6,8.027255074000001,8.051194190979004,XGBoost,-0.02393911697900286
2010,6,8.027255074000001,8.046138763427734,XGBoost,-0.01888368942773333
2010,6,8.027255074000001,7.946676254272461,XGBoost,0.08057881972754011
2010,6,8.027255074000001,7.967925548553467,XGBoost,0.05932952544653425
2010,7,4.8163530444,4.814682960510254,XGBoost,0.001670083889745655
2010,7,4.8163530444,4.851491928100586,XGBoost,-0.035138883700586376
2010,7,4.8163530444,4.841099262237549,XGBoost,-0.024746217837549267
2010,7,4.8163530444,4.854581832885742,XGBoost,-0.038228788485742626
2010,7,4.8163530444,4.8082356452941895,XGBoost,0.008117399105810108
2010,7,4.8163530444,4.8513617515563965,XGBoost,-0.03500870715639692
2010,7,4.8163530444,4.816765308380127,XGBoost,-0.00041226398012739196
2010,7,4.8163530444,4.827269077301025,XGBoost,-0.01091603290102583
2010,8,4.0136275370000005,4.041028022766113,XGBoost,-0.02740048576611276
2010,8,4.0136275370000005,4.014833450317383,XGBoost,-0.00120591331738229
2010,8,4.0136275370000005,4.031848430633545,XGBoost,-0.0182208936335444
2010,8,4.0136275370000005,4.038191795349121,XGBoost,-0.02456425834912057
2010,8,4.0136275370000005,4.026638031005859,XGBoost,-0.013010494005858853
2010,8,4.0136275370000005,4.026626110076904,XGBoost,-0.012998573076903774
2010,8,4.0136275370000005,4.038548946380615,XGBoost,-0.024921409380614712
2010,8,4.0136275370000005,4.016623497009277,XGBoost,-0.0029959600092768213
2010,9,4.8163530444,4.794963359832764,XGBoost,0.02138968456723589
2010,9,4.8163530444,4.808037281036377,XGBoost,0.008315763363622608
2010,9,4.8163530444,4.847626209259033,XGBoost,-0.03127316485903364
2010,9,4.8163530444,4.828869342803955,XGBoost,-0.012516298403955517
2010,9,4.8163530444,4.809588432312012,XGBoost,0.006764612087987842
2010,9,4.8163530444,4.818904876708984,XGBoost,-0.002551832308984814
2010,9,4.8163530444,4.808645248413086,XGBoost,0.007707795986913624
2010,9,4.8163530444,4.800914287567139,XGBoost,0.01543875683286089
2010,10,8.027255074000001,7.957084655761719,XGBoost,0.0701704182382823
2010,10,8.027255074000001,8.084633827209473,XGBoost,-0.05737875320947161
2010,10,8.027255074000001,8.049988746643066,XGBoost,-0.02273367264306536
2010,10,8.027255074000001,8.048715591430664,XGBoost,-0.021460517430663018
2010,10,8.027255074000001,8.044654846191406,XGBoost,-0.017399772191405205
2010,10,8.027255074000001,8.053833961486816,XGBoost,-0.02657888748681536
2010,10,8.027255074000001,8.05996036529541,XGBoost,-0.03270529129540911
2010,10,8.027255074000001,8.0279541015625,XGBoost,-0.000699027562498955
2010,11,9.6327060888,9.586641311645508,XGBoost,0.04606477715449131
2010,11,9.6327060888,9.634419441223145,XGBoost,-0.001713352423145409
2010,11,9.6327060888,9.593347549438477,XGBoost,0.03935853936152256
2010,11,9.6327060888,9.616093635559082,XGBoost,0.01661245324091709
2010,11,9.6327060888,9.633100509643555,XGBoost,-0.00039442084355556517
2010,11,9.6327060888,9.665193557739258,XGBoost,-0.03248746893925869
2010,11,9.6327060888,9.66213321685791,XGBoost,-0.029427128057911034
2010,11,9.6327060888,9.657447814941406,XGBoost,-0.024741726141407128
2010,12,4.8163530444,4.807527542114258,XGBoost,0.008825502285741749
2010,12,4.8163530444,4.806591510772705,XGBoost,0.009761533627294483
2010,12,4.8163530444,4.815298557281494,XGBoost,0.0010544871185054205
2010,12,4.8163530444,4.817697048187256,XGBoost,-0.0013440037872562982
2010,12,4.8163530444,4.8202972412109375,XGBoost,-0.003944196810937939
2010,12,4.8163530444,4.814909934997559,XGBoost,0.0014431094024409674
2010,12,4.8163530444,4.807060718536377,XGBoost,0.009292325863622608
2010,12,4.8163530444,4.81028938293457,XGBoost,0.006063661465429249
2011,1,4.9549168757999995,4.802170753479004,XGBoost,0.1527461223209956
2011,1,4.9549168757999995,4.9582295417785645,XGBoost,-0.0033126659785649437
2011,1,4.9549168757999995,4.968359470367432,XGBoost,-0.013442594567432131
2011,1,4.9549168757999995,4.948663234710693,XGBoost,0.00625364108930615
2011,1,4.9549168757999995,4.951465606689453,XGBoost,0.0034512691105463844
2011,1,4.9549168757999995,4.9670844078063965,XGBoost,-0.012167532006396975
2011,1,4.9549168757999995,4.938710689544678,XGBoost,0.016206186255321775
2011,1,4.9549168757999995,4.95635461807251,XGBoost,-0.0014377422725102562
2011,2,4.1290973965,4.201465606689453,XGBoost,-0.07236821018945339
2011,2,4.1290973965,4.12239408493042,XGBoost,0.006703311569579817
2011,2,4.1290973965,4.126133918762207,XGBoost,0.002963477737792708
2011,2,4.1290973965,4.116390705108643,XGBoost,0.012706691391357161
2011,2,4.1290973965,4.149950981140137,XGBoost,-0.02085358464013698
2011,2,4.1290973965,4.136216640472412,XGBoost,-0.00711924397241237
2011,2,4.1290973965,4.118740558624268,XGBoost,0.010356837875732161
2011,2,4.1290973965,4.122095584869385,XGBoost,0.007001811630614974
2011,3,6.6065558344,6.621289253234863,XGBoost,-0.014733418834863343
2011,3,6.6065558344,6.604592323303223,XGBoost,0.0019635110967772818
2011,3,6.6065558344,6.595532417297363,XGBoost,0.011023417102636657
2011,3,6.6065558344,6.622674465179443,XGBoost,-0.01611863077944342
2011,3,6.6065558344,6.636631965637207,XGBoost,-0.030076131237207093
2011,3,6.6065558344,6.608095645904541,XGBoost,-0.0015398115045410776
2011,3,6.6065558344,6.648146152496338,XGBoost,-0.04159031809633795
2011,3,6.6065558344,6.656792640686035,XGBoost,-0.05023680628603522
2011,4,9.909833751599999,9.809806823730469,XGBoost,0.10002692786953027
2011,4,9.909833751599999,9.8737211227417,XGBoost,0.0361126288582998
2011,4,9.909833751599999,9.864457130432129,XGBoost,0.04537662116787011
2011,4,9.909833751599999,9.837892532348633,XGBoost,0.0719412192513662
2011,4,9.909833751599999,9.911495208740234,XGBoost,-0.0016614571402353562
2011,4,9.909833751599999,9.896411895751953,XGBoost,0.013421855848045894
2011,4,9.909833751599999,9.898575782775879,XGBoost,0.011257968824120113
2011,4,9.909833751599999,9.876852989196777,XGBoost,0.032980762403221675
2011,5,11.5614727102,11.566324234008789,XGBoost,-0.004851523808788727
2011,5,11.5614727102,11.521178245544434,XGBoost,0.04029446465556674
2011,5,11.5614727102,11.52484130859375,XGBoost,0.036631401606250336
2011,5,11.5614727102,11.510337829589844,XGBoost,0.051134880610156586
2011,5,11.5614727102,11.52579116821289,XGBoost,0.03568154198710971
2011,5,11.5614727102,11.52247142791748,XGBoost,0.03900128228251987
2011,5,11.5614727102,11.505439758300781,XGBoost,0.056032951899219086
2011,5,11.5614727102,11.494986534118652,XGBoost,0.06648617608134799
2011,6,8.258194793,8.365659713745117,XGBoost,-0.10746492074511771
2011,6,8.258194793,8.280229568481445,XGBoost,-0.022034775481445834
2011,6,8.258194793,8.255638122558594,XGBoost,0.0025566704414057284
2011,6,8.258194793,8.267475128173828,XGBoost,-0.009280335173828647
2011,6,8.258194793,8.308571815490723,XGBoost,-0.05037702249072318
2011,6,8.258194793,8.282855987548828,XGBoost,-0.024661194548828647
2011,6,8.258194793,8.153109550476074,XGBoost,0.10508524252392526
2011,6,8.258194793,8.17008113861084,XGBoost,0.08811365438915963
2011,7,4.9549168757999995,4.935333728790283,XGBoost,0.019583147009716306
2011,7,4.9549168757999995,4.978884220123291,XGBoost,-0.023967344323291506
2011,7,4.9549168757999995,4.94763708114624,XGBoost,0.007279794653759275
2011,7,4.9549168757999995,4.965128421783447,XGBoost,-0.010211545983447756
2011,7,4.9549168757999995,4.962226390838623,XGBoost,-0.0073095150386235375
2011,7,4.9549168757999995,4.9875102043151855,XGBoost,-0.03259332851518604
2011,7,4.9549168757999995,4.935710906982422,XGBoost,0.019205968817577634
2011,7,4.9549168757999995,4.939483642578125,XGBoost,0.01543323322187451
2011,8,4.1290973965,4.141900539398193,XGBoost,-0.01280314289819362
2011,8,4.1290973965,4.138043403625488,XGBoost,-0.008946007125488542
2011,8,4.1290973965,4.134157657623291,XGBoost,-0.005060261123291276
2011,8,4.1290973965,4.136244773864746,XGBoost,-0.0071473773647463545
2011,8,4.1290973965,4.127286911010742,XGBoost,0.0018104854892575517
2011,8,4.1290973965,4.1472249031066895,XGBoost,-0.018127506606689714
2011,8,4.1290973965,4.155332088470459,XGBoost,-0.026234691970459245
2011,8,4.1290973965,4.1453728675842285,XGBoost,-0.016275471084228776
2011,9,4.9549168757999995,4.979310512542725,XGBoost,-0.0243936367427251
2011,9,4.9549168757999995,4.945230960845947,XGBoost,0.009685914954052244
2011,9,4.9549168757999995,4.9683356285095215,XGBoost,-0.013418752709521975
2011,9,4.9549168757999995,4.945830345153809,XGBoost,0.009086530646190916
2011,9,4.9549168757999995,4.935919284820557,XGBoost,0.01899759097944287
2011,9,4.9549168757999995,4.962751865386963,XGBoost,-0.007834989586963381
2011,9,4.9549168757999995,4.946420192718506,XGBoost,0.00849668308149365
2011,9,4.9549168757999995,4.94264554977417,XGBoost,0.012271326025829588
2011,10,8.258194793,8.195934295654297,XGBoost,0.0622604973457026
2011,10,8.258194793,8.278738975524902,XGBoost,-0.020544182524902865
2011,10,8.258194793,8.23095989227295,XGBoost,0.02723490072705026
2011,10,8.258194793,8.257694244384766,XGBoost,0.0005005486152338534
2011,10,8.258194793,8.264814376831055,XGBoost,-0.006619583831055209
2011,10,8.258194793,8.286410331726074,XGBoost,-0.02821553872607474
2011,10,8.258194793,8.304302215576172,XGBoost,-0.0461074225761724
2011,10,8.258194793,8.338689804077148,XGBoost,-0.08049501107714896
2011,11,9.909833751599999,9.894489288330078,XGBoost,0.015344463269920894
2011,11,9.909833751599999,9.966961860656738,XGBoost,-0.05712810905673926
2011,11,9.909833751599999,9.84963607788086,XGBoost,0.060197673719139644
2011,11,9.909833751599999,9.92518424987793,XGBoost,-0.015350498277930669
2011,11,9.909833751599999,9.924996376037598,XGBoost,-0.015162624437598637
2011,11,9.909833751599999,9.824661254882812,XGBoost,0.08517249671718652
2011,11,9.909833751599999,9.870206832885742,XGBoost,0.03962691871425683
2011,11,9.909833751599999,9.835071563720703,XGBoost,0.0747621878792959
2011,12,4.9549168757999995,4.9186272621154785,XGBoost,0.036289613684520994
2011,12,4.9549168757999995,4.9892144203186035,XGBoost,-0.034297544518604006
2011,12,4.9549168757999995,4.954064846038818,XGBoost,0.00085202976118115
2011,12,4.9549168757999995,5.006999969482422,XGBoost,-0.052083093682422366
2011,12,4.9549168757999995,4.956296920776367,XGBoost,-0.001380044976367678
2011,12,4.9549168757999995,4.955593585968018,XGBoost,-0.0006767101680180687
2011,12,4.9549168757999995,4.955535411834717,XGBoost,-0.0006185360347172875
2011,12,4.9549168757999995,4.964441299438477,XGBoost,-0.009524423638477053
2012,1,5.053509131999999,5.028434753417969,XGBoost,0.025074378582030654
2012,1,5.053509131999999,5.070769786834717,XGBoost,-0.017260654834717393
2012,1,5.053509131999999,5.070248126983643,XGBoost,-0.016738994983643174
2012,1,5.053509131999999,5.063177585601807,XGBoost,-0.009668453601807236
2012,1,5.053509131999999,5.047688961029053,XGBoost,0.00582017097094667
2012,1,5.053509131999999,5.059825897216797,XGBoost,-0.006316765216797471
2012,1,5.053509131999999,5.04257869720459,XGBoost,0.01093043479540956
2012,1,5.053509131999999,5.05424690246582,XGBoost,-0.0007377704658209083
2012,2,4.21125761,4.239830017089844,XGBoost,-0.0285724070898441
2012,2,4.21125761,4.201600551605225,XGBoost,0.009657058394775042
2012,2,4.21125761,4.21004581451416,XGBoost,0.0012117954858394953
2012,2,4.21125761,4.183355331420898,XGBoost,0.027902278579101214
2012,2,4.21125761,4.218909740447998,XGBoost,-0.007652130447998395
2012,2,4.21125761,4.207972526550293,XGBoost,0.0032850834497066828
2012,2,4.21125761,4.188299179077148,XGBoost,0.022958430922851214
2012,2,4.21125761,4.198051929473877,XGBoost,0.013205680526122698
2012,3,6.738012176,6.7155680656433105,XGBoost,0.02244411035668925
2012,3,6.738012176,6.7370452880859375,XGBoost,0.0009668879140622977
2012,3,6.738012176,6.705230712890625,XGBoost,0.0327814631093748
2012,3,6.738012176,6.729459285736084,XGBoost,0.008552890263915813
2012,3,6.738012176,6.693048477172852,XGBoost,0.044963698827148235
2012,3,6.738012176,6.733672618865967,XGBoost,0.004339557134033001
2012,3,6.738012176,6.770380020141602,XGBoost,-0.032367844141601765
2012,3,6.738012176,6.7731032371521,XGBoost,-0.03509106115209981
2012,4,10.107018263999999,10.046025276184082,XGBoost,0.06099298781591678
2012,4,10.107018263999999,10.094687461853027,XGBoost,0.012330802146971465
2012,4,10.107018263999999,10.12296199798584,XGBoost,-0.015943733985841035
2012,4,10.107018263999999,10.112807273864746,XGBoost,-0.005789009864747285
2012,4,10.107018263999999,10.093274116516113,XGBoost,0.013744147483885527
2012,4,10.107018263999999,10.093751907348633,XGBoost,0.013266356651365996
2012,4,10.107018263999999,10.155420303344727,XGBoost,-0.048402039344727754
2012,4,10.107018263999999,10.188607215881348,XGBoost,-0.08158895188134885
2012,5,11.791521308,11.806005477905273,XGBoost,-0.014484169905273347
2012,5,11.791521308,11.792522430419922,XGBoost,-0.001001122419921785
2012,5,11.791521308,11.793561935424805,XGBoost,-0.0020406274248045975
2012,5,11.791521308,11.77877426147461,XGBoost,0.012747046525390715
2012,5,11.791521308,11.806869506835938,XGBoost,-0.01534819883593741
2012,5,11.791521308,11.784554481506348,XGBoost,0.006966826493652434
2012,5,11.791521308,11.777191162109375,XGBoost,0.01433014589062509
2012,5,11.791521308,11.740409851074219,XGBoost,0.05111145692578134
2012,6,8.42251522,8.41015338897705,XGBoost,0.012361831022948522
2012,6,8.42251522,8.452282905578613,XGBoost,-0.029767685578613978
2012,6,8.42251522,8.426383018493652,XGBoost,-0.0038677984936530407
2012,6,8.42251522,8.467026710510254,XGBoost,-0.0445114905102546
2012,6,8.42251522,8.408295631408691,XGBoost,0.014219588591307897
2012,6,8.42251522,8.406536102294922,XGBoost,0.015979117705077428
2012,6,8.42251522,8.405399322509766,XGBoost,0.017115897490233678
2012,6,8.42251522,8.42828369140625,XGBoost,-0.005768471406250697
2012,7,5.053509131999999,5.124629020690918,XGBoost,-0.07111988869091856
2012,7,5.053509131999999,5.0871381759643555,XGBoost,-0.033629043964356065
2012,7,5.053509131999999,5.065743923187256,XGBoost,-0.012234791187256455
2012,7,5.053509131999999,5.067721366882324,XGBoost,-0.014212234882324815
2012,7,5.053509131999999,5.060380458831787,XGBoost,-0.006871326831787705
2012,7,5.053509131999999,5.091948509216309,XGBoost,-0.03843937721630919
2012,7,5.053509131999999,5.036335468292236,XGBoost,0.017173663707763076
2012,7,5.053509131999999,5.034979820251465,XGBoost,0.01852931174853456
2012,8,4.21125761,4.209799289703369,XGBoost,0.0014583202966305109
2012,8,4.21125761,4.223327159881592,XGBoost,-0.012069549881592145
2012,8,4.21125761,4.225996017456055,XGBoost,-0.014738407456055036
2012,8,4.21125761,4.227735996246338,XGBoost,-0.01647838624633824
2012,8,4.21125761,4.228905200958252,XGBoost,-0.0176475909582523
2012,8,4.21125761,4.229412078857422,XGBoost,-0.018154468857422223
2012,8,4.21125761,4.2295823097229,XGBoost,-0.01832469972290074
2012,8,4.21125761,4.22475004196167,XGBoost,-0.01349243196167027
2012,9,5.053509131999999,5.019383430480957,XGBoost,0.03412570151904237
2012,9,5.053509131999999,5.057309627532959,XGBoost,-0.00380049553295958
2012,9,5.053509131999999,5.056398868560791,XGBoost,-0.0028897365607916115
2012,9,5.053509131999999,5.040970325469971,XGBoost,0.012538806530028701
2012,9,5.053509131999999,5.0360798835754395,XGBoost,0.01742924842455995
2012,9,5.053509131999999,5.042857646942139,XGBoost,0.010651485057860732
2012,9,5.053509131999999,5.036256313323975,XGBoost,0.017252818676024795
2012,9,5.053509131999999,5.036402702331543,XGBoost,0.017106429668456435
2012,10,8.42251522,8.391315460205078,XGBoost,0.031199759794921178
2012,10,8.42251522,8.469561576843262,XGBoost,-0.047046356843262416
2012,10,8.42251522,8.433576583862305,XGBoost,-0.011061363862305384
2012,10,8.42251522,8.475571632385254,XGBoost,-0.0530564123852546
2012,10,8.42251522,8.428557395935059,XGBoost,-0.006042175935059291
2012,10,8.42251522,8.448783874511719,XGBoost,-0.026268654511719447
2012,10,8.42251522,8.438848495483398,XGBoost,-0.016333275483399134
2012,10,8.42251522,8.442116737365723,XGBoost,-0.019601517365723353
2012,11,10.107018263999999,10.04655647277832,XGBoost,0.060461791221678496
2012,11,10.107018263999999,10.128003120422363,XGBoost,-0.020984856422364473
2012,11,10.107018263999999,10.100651741027832,XGBoost,0.006366522972166777
2012,11,10.107018263999999,10.10497760772705,XGBoost,0.002040656272948027
2012,11,10.107018263999999,10.1039457321167,XGBoost,0.0030725318832995896
2012,11,10.107018263999999,10.079816818237305,XGBoost,0.02720144576269412
2012,11,10.107018263999999,10.09038257598877,XGBoost,0.016635688011229277
2012,11,10.107018263999999,10.090065956115723,XGBoost,0.016952307884276152
2012,12,5.053509131999999,5.046494483947754,XGBoost,0.007014648052245498
2012,12,5.053509131999999,5.065047740936279,XGBoost,-0.011538608936279893
2012,12,5.053509131999999,5.0630364418029785,XGBoost,-0.009527309802979111
2012,12,5.053509131999999,5.0552544593811035,XGBoost,-0.0017453273811041115
2012,12,5.053509131999999,5.052601337432861,XGBoost,0.000907794567138076
2012,12,5.053509131999999,5.060372352600098,XGBoost,-0.006863220600098252
2012,12,5.053509131999999,5.068437099456787,XGBoost,-0.014927967456787705
2012,12,5.053509131999999,5.056905746459961,XGBoost,-0.0033966144599615333
2013,1,5.126418222,5.12724494934082,XGBoost,-0.0008267273408204545
2013,1,5.126418222,5.109617710113525,XGBoost,0.016800511886474467
2013,1,5.126418222,5.103660583496094,XGBoost,0.022757638503906108
2013,1,5.126418222,5.112546443939209,XGBoost,0.013871778060790874
2013,1,5.126418222,5.119075775146484,XGBoost,0.007342446853515483
2013,1,5.126418222,5.12064790725708,XGBoost,0.00577031474291978
2013,1,5.126418222,5.099854946136475,XGBoost,0.02656327586352525
2013,1,5.126418222,5.086456775665283,XGBoost,0.039961446334716655
2013,2,4.272015185,4.325275897979736,XGBoost,-0.053260712979736446
2013,2,4.272015185,4.289285182952881,XGBoost,-0.017269997952880978
2013,2,4.272015185,4.29369592666626,XGBoost,-0.021680741666259884
2013,2,4.272015185,4.27462911605835,XGBoost,-0.0026139310583497277
2013,2,4.272015185,4.267045021057129,XGBoost,0.004970163942870975
2013,2,4.272015185,4.285524368286133,XGBoost,-0.01350918328613293
2013,2,4.272015185,4.250428199768066,XGBoost,0.021586985231933475
2013,2,4.272015185,4.264337539672852,XGBoost,0.007677645327148319
2013,3,6.835224296,6.831047058105469,XGBoost,0.004177237894531061
2013,3,6.835224296,6.816648483276367,XGBoost,0.018575812723632623
2013,3,6.835224296,6.810601234436035,XGBoost,0.024623061563964654
2013,3,6.835224296,6.834906101226807,XGBoost,0.00031819477319317
2013,3,6.835224296,6.8782267570495605,XGBoost,-0.043002461049560736
2013,3,6.835224296,6.8220696449279785,XGBoost,0.013154651072021295
2013,3,6.835224296,6.8682708740234375,XGBoost,-0.03304657802343769
2013,3,6.835224296,6.890685081481934,XGBoost,-0.05546078548193378
2013,4,10.252836444,10.266924858093262,XGBoost,-0.014088414093262003
2013,4,10.252836444,10.196495056152344,XGBoost,0.056341387847655966
2013,4,10.252836444,10.225860595703125,XGBoost,0.026975848296874716
2013,4,10.252836444,10.240763664245605,XGBoost,0.012072779754394247
2013,4,10.252836444,10.265799522399902,XGBoost,-0.012963078399902628
2013,4,10.252836444,10.23472785949707,XGBoost,0.018108584502929403
2013,4,10.252836444,10.339337348937988,XGBoost,-0.08650090493798857
2013,4,10.252836444,10.31178092956543,XGBoost,-0.05894448556542997
2013,5,11.961642518000001,11.755650520324707,XGBoost,0.2059919976752944
2013,5,11.961642518000001,11.990289688110352,XGBoost,-0.028647170110350118
2013,5,11.961642518000001,11.971413612365723,XGBoost,-0.009771094365721211
2013,5,11.961642518000001,11.957466125488281,XGBoost,0.004176392511720195
2013,5,11.961642518000001,11.991676330566406,XGBoost,-0.030033812566404805
2013,5,11.961642518000001,11.981949806213379,XGBoost,-0.02030728821337746
2013,5,11.961642518000001,11.928064346313477,XGBoost,0.03357817168652488
2013,5,11.961642518000001,11.973641395568848,XGBoost,-0.011998877568846211
2013,6,8.54403037,8.569610595703125,XGBoost,-0.025580225703125237
2013,6,8.54403037,8.503321647644043,XGBoost,0.040708722355956795
2013,6,8.54403037,8.51223373413086,XGBoost,0.03179663586914039
2013,6,8.54403037,8.515974044799805,XGBoost,0.028056325200195076
2013,6,8.54403037,8.5501127243042,XGBoost,-0.0060823543041994554
2013,6,8.54403037,8.504781723022461,XGBoost,0.039248646977538826
2013,6,8.54403037,8.478797912597656,XGBoost,0.06523245740234351
2013,6,8.54403037,8.519454002380371,XGBoost,0.02457636761962867
2013,7,5.126418222,5.156373023986816,XGBoost,-0.029954801986816548
2013,7,5.126418222,5.143816947937012,XGBoost,-0.01739872593701186
2013,7,5.126418222,5.121864318847656,XGBoost,0.004553903152343608
2013,7,5.126418222,5.130918025970459,XGBoost,-0.004499803970459126
2013,7,5.126418222,5.102431774139404,XGBoost,0.02398644786059556
2013,7,5.126418222,5.14198637008667,XGBoost,-0.015568148086670064
2013,7,5.126418222,5.076632976531982,XGBoost,0.049785245468017436
2013,7,5.126418222,5.0681891441345215,XGBoost,0.058229077865478374
2013,8,4.272015185,4.283904075622559,XGBoost,-0.011888890622558712
2013,8,4.272015185,4.295467853546143,XGBoost,-0.023452668546142696
2013,8,4.272015185,4.29792594909668,XGBoost,-0.025910764096679806
2013,8,4.272015185,4.304842472076416,XGBoost,-0.032827287076416134
2013,8,4.272015185,4.299187183380127,XGBoost,-0.02717199838012707
2013,8,4.272015185,4.295280933380127,XGBoost,-0.02326574838012707
2013,8,4.272015185,4.308263301849365,XGBoost,-0.03624811684936535
2013,8,4.272015185,4.320163726806641,XGBoost,-0.04814854180664074
2013,9,5.126418222,5.0995378494262695,XGBoost,0.026880372573730327
2013,9,5.126418222,5.101763725280762,XGBoost,0.02465449671923814
2013,9,5.126418222,5.12111234664917,XGBoost,0.005305875350829936
2013,9,5.126418222,5.10206413269043,XGBoost,0.02435408930957017
2013,9,5.126418222,5.100855827331543,XGBoost,0.02556239466845689
2013,9,5.126418222,5.103261470794678,XGBoost,0.023156751205322124
2013,9,5.126418222,5.100031852722168,XGBoost,0.02638636927783189
2013,9,5.126418222,5.089669704437256,XGBoost,0.036748517562744
2013,10,8.54403037,8.535632133483887,XGBoost,0.008398236516113045
2013,10,8.54403037,8.567239761352539,XGBoost,-0.0232093913525393
2013,10,8.54403037,8.573258399963379,XGBoost,-0.029228029963379143
2013,10,8.54403037,8.5617036819458,XGBoost,-0.017673311945801018
2013,10,8.54403037,8.500388145446777,XGBoost,0.04364222455322242
2013,10,8.54403037,8.520630836486816,XGBoost,0.023399533513183357
2013,10,8.54403037,8.57840633392334,XGBoost,-0.03437596392334008
2013,10,8.54403037,8.540276527404785,XGBoost,0.003753842595214607
2013,11,10.252836444,10.223275184631348,XGBoost,0.02956125936865206
2013,11,10.252836444,10.216066360473633,XGBoost,0.036770083526366903
2013,11,10.252836444,10.183621406555176,XGBoost,0.06921503744482393
2013,11,10.252836444,10.23427677154541,XGBoost,0.01855967245458956
2013,11,10.252836444,10.185556411743164,XGBoost,0.06728003225683565
2013,11,10.252836444,10.198318481445312,XGBoost,0.054517962554687216
2013,11,10.252836444,10.250802993774414,XGBoost,0.0020334502255856535
2013,11,10.252836444,10.245516777038574,XGBoost,0.007319666961425497
2013,12,5.126418222,5.132076263427734,XGBoost,-0.005658041427734517
2013,12,5.126418222,5.154394149780273,XGBoost,-0.02797592778027358
2013,12,5.126418222,5.146316051483154,XGBoost,-0.01989782948315444
2013,12,5.126418222,5.128228664398193,XGBoost,-0.0018104423981935014
2013,12,5.126418222,5.138348579406738,XGBoost,-0.011930357406738423
2013,12,5.126418222,5.137771129608154,XGBoost,-0.011352907608154439
2013,12,5.126418222,5.128670692443848,XGBoost,-0.0022524704438477983
2013,12,5.126418222,5.110645294189453,XGBoost,0.015772927810546733
2014,1,5.0658494064,5.067718505859375,XGBoost,-0.0018690994593750787
2014,1,5.0658494064,5.079322338104248,XGBoost,-0.013472931704248126
2014,1,5.0658494064,5.085766792297363,XGBoost,-0.01991738589736336
2014,1,5.0658494064,5.065341949462891,XGBoost,0.0005074569371092963
2014,1,5.0658494064,5.081406593322754,XGBoost,-0.015557186922753985
2014,1,5.0658494064,5.06842041015625,XGBoost,-0.0025710037562500787
2014,1,5.0658494064,5.047214984893799,XGBoost,0.018634421506201093
2014,1,5.0658494064,5.046442985534668,XGBoost,0.019406420865331953
2014,2,4.221541172,4.353768348693848,XGBoost,-0.13222717669384743
2014,2,4.221541172,4.221103191375732,XGBoost,0.0004379806242678086
2014,2,4.221541172,4.220870018005371,XGBoost,0.0006711539946291367
2014,2,4.221541172,4.224238395690918,XGBoost,-0.0026972236909177383
2014,2,4.221541172,4.257237434387207,XGBoost,-0.0356962623872068
2014,2,4.221541172,4.225694179534912,XGBoost,-0.004153007534911879
2014,2,4.221541172,4.220571517944336,XGBoost,0.000969654055664293
2014,2,4.221541172,4.183537483215332,XGBoost,0.0380036887846682
2014,3,6.7544658752,6.787991523742676,XGBoost,-0.03352564854267559
2014,3,6.7544658752,6.730899333953857,XGBoost,0.02356654124614277
2014,3,6.7544658752,6.723761558532715,XGBoost,0.030704316667285347
2014,3,6.7544658752,6.723310947418213,XGBoost,0.0311549277817873
2014,3,6.7544658752,6.770077228546143,XGBoost,-0.015611353346142387
2014,3,6.7544658752,6.750115871429443,XGBoost,0.004350003770556832
2014,3,6.7544658752,6.787562847137451,XGBoost,-0.03309697193745098
2014,3,6.7544658752,6.815155506134033,XGBoost,-0.06068963093403301
2014,4,10.1316988128,9.911105155944824,XGBoost,0.22059365685517562
2014,4,10.1316988128,10.121475219726562,XGBoost,0.010223593073437343
2014,4,10.1316988128,10.092905044555664,XGBoost,0.03879376824433578
2014,4,10.1316988128,10.142404556274414,XGBoost,-0.01070574347441422
2014,4,10.1316988128,10.133859634399414,XGBoost,-0.00216082159941422
2014,4,10.1316988128,10.120699882507324,XGBoost,0.010998930292675624
2014,4,10.1316988128,10.252291679382324,XGBoost,-0.12059286658232438
2014,4,10.1316988128,10.19172477722168,XGBoost,-0.060025964421679845
2014,5,11.820315281600001,11.745577812194824,XGBoost,0.07473746940517678
2014,5,11.820315281600001,11.812458992004395,XGBoost,0.00785628959560647
2014,5,11.820315281600001,11.825557708740234,XGBoost,-0.005242427140233374
2014,5,11.820315281600001,11.782487869262695,XGBoost,0.03782741233730569
2014,5,11.820315281600001,11.796609878540039,XGBoost,0.023705403059961938
2014,5,11.820315281600001,11.814715385437012,XGBoost,0.005599896162989282
2014,5,11.820315281600001,11.750469207763672,XGBoost,0.06984607383632913
2014,5,11.820315281600001,11.76439380645752,XGBoost,0.05592147514248147
2014,6,8.443082344,8.486394882202148,XGBoost,-0.04331253820214798
2014,6,8.443082344,8.402973175048828,XGBoost,0.040109168951172336
2014,6,8.443082344,8.41681957244873,XGBoost,0.026262771551269992
2014,6,8.443082344,8.42913818359375,XGBoost,0.013944160406250461
2014,6,8.443082344,8.438776016235352,XGBoost,0.0043063277646488984
2014,6,8.443082344,8.421074867248535,XGBoost,0.022007476751465305
2014,6,8.443082344,8.358369827270508,XGBoost,0.08471251672949265
2014,6,8.443082344,8.394256591796875,XGBoost,0.04882575220312546
2014,7,5.0658494064,5.253519058227539,XGBoost,-0.18766965182753914
2014,7,5.0658494064,5.087244987487793,XGBoost,-0.021395581087793047
2014,7,5.0658494064,5.0626540184021,XGBoost,0.003195387997900312
2014,7,5.0658494064,5.082749843597412,XGBoost,-0.016900437197412188
2014,7,5.0658494064,5.06308126449585,XGBoost,0.002768141904150312
2014,7,5.0658494064,5.0865092277526855,XGBoost,-0.020659821352685626
2014,7,5.0658494064,5.037937164306641,XGBoost,0.027912242093359296
2014,7,5.0658494064,5.0257887840271,XGBoost,0.04006062237290031
2014,8,4.221541172,4.219918727874756,XGBoost,0.001622444125244371
2014,8,4.221541172,4.235801696777344,XGBoost,-0.01426052477734352
2014,8,4.221541172,4.236252307891846,XGBoost,-0.014711135891845473
2014,8,4.221541172,4.241481781005859,XGBoost,-0.019940609005859145
2014,8,4.221541172,4.243204116821289,XGBoost,-0.021662944821288832
2014,8,4.221541172,4.24373197555542,XGBoost,-0.02219080355541969
2014,8,4.221541172,4.24366569519043,XGBoost,-0.022124523190429457
2014,8,4.221541172,4.236215114593506,XGBoost,-0.014673942593505629
2014,9,5.0658494064,4.958084583282471,XGBoost,0.10776482311752922
2014,9,5.0658494064,5.0484538078308105,XGBoost,0.017395598569189374
2014,9,5.0658494064,5.061948299407959,XGBoost,0.003901106992040937
2014,9,5.0658494064,5.051986217498779,XGBoost,0.013863188901220624
2014,9,5.0658494064,5.044186592102051,XGBoost,0.02166281429794914
2014,9,5.0658494064,5.064186096191406,XGBoost,0.0016633102085936713
2014,9,5.0658494064,5.046568393707275,XGBoost,0.01928101269272453
2014,9,5.0658494064,5.066694259643555,XGBoost,-0.0008448532435547662
2014,10,8.443082344,8.55880355834961,XGBoost,-0.11572121434960891
2014,10,8.443082344,8.48625373840332,XGBoost,-0.04317139440331985
2014,10,8.443082344,8.45773983001709,XGBoost,-0.014657486017089383
2014,10,8.443082344,8.489378929138184,XGBoost,-0.04629658513818313
2014,10,8.443082344,8.43596076965332,XGBoost,0.0071215743466801484
2014,10,8.443082344,8.464604377746582,XGBoost,-0.02152203374658157
2014,10,8.443082344,8.455610275268555,XGBoost,-0.012527931268554227
2014,10,8.443082344,8.462841987609863,XGBoost,-0.01975964360986282
2014,11,10.1316988128,10.03758430480957,XGBoost,0.09411450799042953
2014,11,10.1316988128,10.102555274963379,XGBoost,0.029143537836620936
2014,11,10.1316988128,10.115338325500488,XGBoost,0.01636048729951156
2014,11,10.1316988128,10.120723724365234,XGBoost,0.010975088434765468
2014,11,10.1316988128,10.103151321411133,XGBoost,0.02854749138886703
2014,11,10.1316988128,10.105644226074219,XGBoost,0.026054586725781093
2014,11,10.1316988128,10.145146369934082,XGBoost,-0.013447557134082189
2014,11,10.1316988128,10.119718551635742,XGBoost,0.011980261164257655
2014,12,5.0658494064,5.104008674621582,XGBoost,-0.03815926822158211
2014,12,5.0658494064,5.087284564971924,XGBoost,-0.021435158571923907
2014,12,5.0658494064,5.049715042114258,XGBoost,0.01613436428574211
2014,12,5.0658494064,5.077653408050537,XGBoost,-0.011804001650537188
2014,12,5.0658494064,5.066761493682861,XGBoost,-0.0009120872828614068
2014,12,5.0658494064,5.065767765045166,XGBoost,8.164135483390567e-05
2014,12,5.0658494064,5.062732219696045,XGBoost,0.0031171867039549994
2014,12,5.0658494064,5.069965839385986,XGBoost,-0.004116432985986407
2015,1,4.907798133,4.877943992614746,XGBoost,0.029854140385253913
2015,1,4.907798133,4.951903820037842,XGBoost,-0.04410568703784179
2015,1,4.907798133,4.955351829528809,XGBoost,-0.04755369652880859
2015,1,4.907798133,4.944549560546875,XGBoost,-0.03675142754687499
2015,1,4.907798133,4.940014839172363,XGBoost,-0.032216706172363274
2015,1,4.907798133,4.927611827850342,XGBoost,-0.01981369485034179
2015,1,4.907798133,4.917669773101807,XGBoost,-0.009871640101806634
2015,1,4.907798133,4.929418563842773,XGBoost,-0.02162043084277343
2015,2,4.089831777500001,4.1879754066467285,XGBoost,-0.09814362914672792
2015,2,4.089831777500001,4.070943832397461,XGBoost,0.01888794510253966
2015,2,4.089831777500001,4.075270175933838,XGBoost,0.014561601566162707
2015,2,4.089831777500001,4.075871467590332,XGBoost,0.013960309909668567
2015,2,4.089831777500001,4.097372055053711,XGBoost,-0.0075402775537103395
2015,2,4.089831777500001,4.069416522979736,XGBoost,0.02041525452026427
2015,2,4.089831777500001,4.068408489227295,XGBoost,0.021423288272705676
2015,2,4.089831777500001,4.0824432373046875,XGBoost,0.007388540195313098
2015,3,6.543730844000001,6.431422233581543,XGBoost,0.11230861041845763
2015,3,6.543730844000001,6.559717178344727,XGBoost,-0.01598633434472596
2015,3,6.543730844000001,6.557486534118652,XGBoost,-0.013755690118651742
2015,3,6.543730844000001,6.52564001083374,XGBoost,0.018090833166260367
2015,3,6.543730844000001,6.585616111755371,XGBoost,-0.04188526775537049
2015,3,6.543730844000001,6.5537004470825195,XGBoost,-0.00996960308251893
2015,3,6.543730844000001,6.686697006225586,XGBoost,-0.14296616222558534
2015,3,6.543730844000001,6.6412858963012695,XGBoost,-0.09755505230126893
2015,4,9.815596266,9.816568374633789,XGBoost,-0.0009721086337890483
2015,4,9.815596266,9.86501693725586,XGBoost,-0.04942067125585936
2015,4,9.815596266,9.86284065246582,XGBoost,-0.0472443864658203
2015,4,9.815596266,9.84825325012207,XGBoost,-0.0326569841220703
2015,4,9.815596266,9.881388664245605,XGBoost,-0.06579239824560545
2015,4,9.815596266,9.844422340393066,XGBoost,-0.028826074393066392
2015,4,9.815596266,9.852461814880371,XGBoost,-0.03686554888037108
2015,4,9.815596266,9.848491668701172,XGBoost,-0.03289540270117186
2015,5,11.451528977000002,11.37178897857666,XGBoost,0.07973999842334223
2015,5,11.451528977000002,11.451845169067383,XGBoost,-0.0003161920673804275
2015,5,11.451528977000002,11.46191692352295,XGBoost,-0.010387946522946834
2015,5,11.451528977000002,11.443218231201172,XGBoost,0.00831074579883051
2015,5,11.451528977000002,11.44417953491211,XGBoost,0.00734944208789301
2015,5,11.451528977000002,11.439414978027344,XGBoost,0.012113998972658635
2015,5,11.451528977000002,11.469825744628906,XGBoost,-0.018296767628903865
2015,5,11.451528977000002,11.444793701171875,XGBoost,0.006735275828127385
2015,6,8.179663555000001,8.148354530334473,XGBoost,0.03130902466552854
2015,6,8.179663555000001,8.184739112854004,XGBoost,-0.00507555785400271
2015,6,8.179663555000001,8.192143440246582,XGBoost,-0.012479885246580835
2015,6,8.179663555000001,8.214261054992676,XGBoost,-0.034597499992674585
2015,6,8.179663555000001,8.210872650146484,XGBoost,-0.03120909514648318
2015,6,8.179663555000001,8.208300590515137,XGBoost,-0.028637035515135523
2015,6,8.179663555000001,8.125090599060059,XGBoost,0.0545729559399426
2015,6,8.179663555000001,8.133366584777832,XGBoost,0.046296970222169165
2015,7,4.907798133,4.930909633636475,XGBoost,-0.023111500636474602
2015,7,4.907798133,4.932669639587402,XGBoost,-0.024871506587402337
2015,7,4.907798133,4.939524173736572,XGBoost,-0.03172604073657226
2015,7,4.907798133,4.940828323364258,XGBoost,-0.033030190364257805
2015,7,4.907798133,4.927412986755371,XGBoost,-0.019614853755371087
2015,7,4.907798133,4.947731018066406,XGBoost,-0.03993288506640624
2015,7,4.907798133,4.90183162689209,XGBoost,0.005966506107910163
2015,7,4.907798133,4.9122467041015625,XGBoost,-0.004448571101562493
2015,8,4.089831777500001,4.185219764709473,XGBoost,-0.09538798720947206
2015,8,4.089831777500001,4.080648422241211,XGBoost,0.00918335525878966
2015,8,4.089831777500001,4.118716239929199,XGBoost,-0.02888446242919862
2015,8,4.089831777500001,4.108708381652832,XGBoost,-0.018876604152831433
2015,8,4.089831777500001,4.091114521026611,XGBoost,-0.00128274352661073
2015,8,4.089831777500001,4.105992794036865,XGBoost,-0.016161016536864636
2015,8,4.089831777500001,4.095849514007568,XGBoost,-0.006017736507567761
2015,8,4.089831777500001,4.119299411773682,XGBoost,-0.029467634273681043
2015,9,4.907798133,4.8451433181762695,XGBoost,0.06265481482373048
2015,9,4.907798133,4.902591228485107,XGBoost,0.005206904514892585
2015,9,4.907798133,4.938452243804932,XGBoost,-0.030654110804931634
2015,9,4.907798133,4.917869567871094,XGBoost,-0.010071434871093743
2015,9,4.907798133,4.905909061431885,XGBoost,0.0018890715681152415
2015,9,4.907798133,4.918498516082764,XGBoost,-0.010700383082763665
2015,9,4.907798133,4.891493320465088,XGBoost,0.016304812534912116
2015,9,4.907798133,4.905572891235352,XGBoost,0.0022252417646484446
2015,10,8.179663555000001,8.05000114440918,XGBoost,0.1296624105908215
2015,10,8.179663555000001,8.249427795410156,XGBoost,-0.06976424041015505
2015,10,8.179663555000001,8.29063892364502,XGBoost,-0.11097536864501834
2015,10,8.179663555000001,8.238030433654785,XGBoost,-0.05836687865478396
2015,10,8.179663555000001,8.232039451599121,XGBoost,-0.0523758965991199
2015,10,8.179663555000001,8.235511779785156,XGBoost,-0.055848224785155054
2015,10,8.179663555000001,8.215323448181152,XGBoost,-0.03565989318115115
2015,10,8.179663555000001,8.187682151794434,XGBoost,-0.008018596794432398
2015,11,9.815596266,9.813520431518555,XGBoost,0.0020758344814453267
2015,11,9.815596266,9.829099655151367,XGBoost,-0.013503389151367173
2015,11,9.815596266,9.868953704833984,XGBoost,-0.05335743883398436
2015,11,9.815596266,9.804807662963867,XGBoost,0.010788603036132827
2015,11,9.815596266,9.839842796325684,XGBoost,-0.02424653032568358
2015,11,9.815596266,9.819910049438477,XGBoost,-0.004313783438476548
2015,11,9.815596266,9.803537368774414,XGBoost,0.012058897225585952
2015,11,9.815596266,9.755755424499512,XGBoost,0.059840841500488295
2015,12,4.907798133,4.924087047576904,XGBoost,-0.01628891457690429
2015,12,4.907798133,4.903826713562012,XGBoost,0.003971419437988288
2015,12,4.907798133,4.906567096710205,XGBoost,0.001231036289794929
2015,12,4.907798133,4.907050609588623,XGBoost,0.0007475234113769602
2015,12,4.907798133,4.899932384490967,XGBoost,0.00786574850903321
2015,12,4.907798133,4.9099812507629395,XGBoost,-0.002183117762939446
2015,12,4.907798133,4.9129815101623535,XGBoost,-0.0051833771623535085
2015,12,4.907798133,4.893050670623779,XGBoost,0.01474746237622071
2016,1,4.635673264799999,4.662123680114746,XGBoost,-0.026450415314746678
2016,1,4.635673264799999,4.621580600738525,XGBoost,0.014092664061474025
2016,1,4.635673264799999,4.626213073730469,XGBoost,0.009460191069530666
2016,1,4.635673264799999,4.6327338218688965,XGBoost,0.0029394429311029313
2016,1,4.635673264799999,4.622086048126221,XGBoost,0.013587216673778713
2016,1,4.635673264799999,4.62046480178833,XGBoost,0.015208463011669338
2016,1,4.635673264799999,4.6290507316589355,XGBoost,0.006622533141063869
2016,1,4.635673264799999,4.619206428527832,XGBoost,0.016466836272167384
2016,2,3.863061054,3.939495325088501,XGBoost,-0.07643427108850087
2016,2,3.863061054,3.8599016666412354,XGBoost,0.0031593873587647536
2016,2,3.863061054,3.8688981533050537,XGBoost,-0.005837099305053606
2016,2,3.863061054,3.853652000427246,XGBoost,0.009409053572754011
2016,2,3.863061054,3.85083270072937,XGBoost,0.012228353270629988
2016,2,3.863061054,3.8602588176727295,XGBoost,0.002802236327270613
2016,2,3.863061054,3.834594249725342,XGBoost,0.02846680427465831
2016,2,3.863061054,3.8568389415740967,XGBoost,0.0062221124259034255
2016,3,6.1808976864,6.20688533782959,XGBoost,-0.02598765142959003
2016,3,6.1808976864,6.148458957672119,XGBoost,0.03243872872788067
2016,3,6.1808976864,6.155622959136963,XGBoost,0.025274727263036922
2016,3,6.1808976864,6.135372638702393,XGBoost,0.045525047697607235
2016,3,6.1808976864,6.223159313201904,XGBoost,-0.042261626801904484
2016,3,6.1808976864,6.162653923034668,XGBoost,0.018243763365331844
2016,3,6.1808976864,6.120593547821045,XGBoost,0.06030413857895489
2016,3,6.1808976864,6.130828857421875,XGBoost,0.05006882897812481
2016,4,9.271346529599999,9.416718482971191,XGBoost,-0.14537195337119257
2016,4,9.271346529599999,9.21304988861084,XGBoost,0.05829664098915899
2016,4,9.271346529599999,9.222018241882324,XGBoost,0.04932828771767461
2016,4,9.271346529599999,9.240763664245605,XGBoost,0.030582865354393363
2016,4,9.271346529599999,9.220730781555176,XGBoost,0.05061574804482305
2016,4,9.271346529599999,9.23778247833252,XGBoost,0.0335640512674793
2016,4,9.271346529599999,9.259885787963867,XGBoost,0.011460741636131644
2016,4,9.271346529599999,9.248038291931152,XGBoost,0.023308237668846488
2016,5,10.816570951200001,10.700491905212402,XGBoost,0.11607904598759866
2016,5,10.816570951200001,10.799766540527344,XGBoost,0.016804410672657255
2016,5,10.816570951200001,10.796652793884277,XGBoost,0.01991815731572366
2016,5,10.816570951200001,10.792272567749023,XGBoost,0.024298383450977568
2016,5,10.816570951200001,10.786913871765137,XGBoost,0.029657079434864286
2016,5,10.816570951200001,10.784481048583984,XGBoost,0.03208990261601663
2016,5,10.816570951200001,10.834660530090332,XGBoost,-0.018089578890331026
2016,5,10.816570951200001,10.812121391296387,XGBoost,0.004449559903614286
2016,6,7.726122108,7.694667816162109,XGBoost,0.031454291837890835
2016,6,7.726122108,7.704049587249756,XGBoost,0.02207252075024435
2016,6,7.726122108,7.720839500427246,XGBoost,0.005282607572754117
2016,6,7.726122108,7.714859962463379,XGBoost,0.011262145536621304
2016,6,7.726122108,7.7631611824035645,XGBoost,-0.03703907440356424
2016,6,7.726122108,7.717707633972168,XGBoost,0.008414474027832242
2016,6,7.726122108,7.721303462982178,XGBoost,0.004818645017822476
2016,6,7.726122108,7.726864337921143,XGBoost,-0.0007422299211423677
2016,7,4.635673264799999,4.563937187194824,XGBoost,0.0717360776051752
2016,7,4.635673264799999,4.612008571624756,XGBoost,0.023664693175243556
2016,7,4.635673264799999,4.611218452453613,XGBoost,0.024454812346386134
2016,7,4.635673264799999,4.65242338180542,XGBoost,-0.016750117005420506
2016,7,4.635673264799999,4.622661590576172,XGBoost,0.01301167422382754
2016,7,4.635673264799999,4.614713191986084,XGBoost,0.02096007281391543
2016,7,4.635673264799999,4.596587181091309,XGBoost,0.03908608370869082
2016,7,4.635673264799999,4.600353240966797,XGBoost,0.03532002383320254
2016,8,3.863061054,3.8733294010162354,XGBoost,-0.010268347016235246
2016,8,3.863061054,3.858929395675659,XGBoost,0.0041316583243409255
2016,8,3.863061054,3.8699045181274414,XGBoost,-0.006843464127441301
2016,8,3.863061054,3.8777146339416504,XGBoost,-0.014653579941650285
2016,8,3.863061054,3.868840456008911,XGBoost,-0.005779402008911028
2016,8,3.863061054,3.882134199142456,XGBoost,-0.01907314514245595
2016,8,3.863061054,3.872446060180664,XGBoost,-0.009385006180663957
2016,8,3.863061054,3.88301157951355,XGBoost,-0.0199505255135497
2016,9,4.635673264799999,4.628633499145508,XGBoost,0.007039765654491603
2016,9,4.635673264799999,4.619571208953857,XGBoost,0.016102055846141994
2016,9,4.635673264799999,4.65176248550415,XGBoost,-0.016089220704150975
2016,9,4.635673264799999,4.6255645751953125,XGBoost,0.010108689604686916
2016,9,4.635673264799999,4.622542381286621,XGBoost,0.013130883513378322
2016,9,4.635673264799999,4.625408172607422,XGBoost,0.01026509219257754
2016,9,4.635673264799999,4.619863986968994,XGBoost,0.015809277831005275
2016,9,4.635673264799999,4.644985198974609,XGBoost,-0.00931193417460996
2016,10,7.726122108,7.779892921447754,XGBoost,-0.053770813447753696
2016,10,7.726122108,7.699621200561523,XGBoost,0.026500907438476773
2016,10,7.726122108,7.659980297088623,XGBoost,0.06614181091137716
2016,10,7.726122108,7.666757106781006,XGBoost,0.05936500121899435
2016,10,7.726122108,7.707027435302734,XGBoost,0.019094672697265835
2016,10,7.726122108,7.654274940490723,XGBoost,0.07184716750927755
2016,10,7.726122108,7.818027973175049,XGBoost,-0.09190586517504862
2016,10,7.726122108,7.761953830718994,XGBoost,-0.03583172271899393
2016,11,9.271346529599999,9.274007797241211,XGBoost,-0.002661267641212106
2016,11,9.271346529599999,9.235749244689941,XGBoost,0.035597284910057425
2016,11,9.271346529599999,9.18144416809082,XGBoost,0.08990236150917852
2016,11,9.271346529599999,9.24438762664795,XGBoost,0.026958902952049613
2016,11,9.271346529599999,9.207472801208496,XGBoost,0.06387372839150274
2016,11,9.271346529599999,9.20539379119873,XGBoost,0.06595273840126836
2016,11,9.271346529599999,9.260089874267578,XGBoost,0.011256655332420706
2016,11,9.271346529599999,9.2587890625,XGBoost,0.012557467099998831
2016,12,4.635673264799999,4.66280460357666,XGBoost,-0.02713133877666074
2016,12,4.635673264799999,4.63914155960083,XGBoost,-0.0034682948008306624
2016,12,4.635673264799999,4.638195037841797,XGBoost,-0.0025217730417974593
2016,12,4.635673264799999,4.6161627769470215,XGBoost,0.01951048785297793
2016,12,4.635673264799999,4.628978252410889,XGBoost,0.006695012389110744
2016,12,4.635673264799999,4.633046627044678,XGBoost,0.0026266377553216813
2016,12,4.635673264799999,4.63240909576416,XGBoost,0.0032641690358392594
2016,12,4.635673264799999,4.632009029388428,XGBoost,0.0036642354115716813
2017,1,4.610952144,4.521482467651367,XGBoost,0.08946967634863245
2017,1,4.610952144,4.613724708557129,XGBoost,-0.0027725645571292645
2017,1,4.610952144,4.618888854980469,XGBoost,-0.007936710980469108
2017,1,4.610952144,4.601802825927734,XGBoost,0.009149318072265267
2017,1,4.610952144,4.62019681930542,XGBoost,-0.00924467530542028
2017,1,4.610952144,4.618371963500977,XGBoost,-0.007419819500976921
2017,1,4.610952144,4.606380462646484,XGBoost,0.004571681353515267
2017,1,4.610952144,4.626710414886475,XGBoost,-0.015758270886474968
2017,2,3.84246012,3.8602490425109863,XGBoost,-0.017788922510986183
2017,2,3.84246012,3.8421714305877686,XGBoost,0.00028868941223159084
2017,2,3.84246012,3.8442163467407227,XGBoost,-0.0017562267407225107
2017,2,3.84246012,3.8426899909973145,XGBoost,-0.0002298709973143076
2017,2,3.84246012,3.8388988971710205,XGBoost,0.0035612228289796377
2017,2,3.84246012,3.836810350418091,XGBoost,0.005649769581909325
2017,2,3.84246012,3.8160791397094727,XGBoost,0.02638098029052749
2017,2,3.84246012,3.8286147117614746,XGBoost,0.013845408238525536
2017,3,6.1479361919999995,6.236611366271973,XGBoost,-0.08867517427197313
2017,3,6.1479361919999995,6.13702392578125,XGBoost,0.010912266218749522
2017,3,6.1479361919999995,6.148314476013184,XGBoost,-0.00037828401318407145
2017,3,6.1479361919999995,6.156546592712402,XGBoost,-0.008610400712402821
2017,3,6.1479361919999995,6.166641712188721,XGBoost,-0.01870552018872118
2017,3,6.1479361919999995,6.147122383117676,XGBoost,0.000813808882323741
2017,3,6.1479361919999995,6.085230350494385,XGBoost,0.06270584150561476
2017,3,6.1479361919999995,6.115277290344238,XGBoost,0.03265890165576124
2017,4,9.221904288,8.98621654510498,XGBoost,0.23568774289501881
2017,4,9.221904288,9.16427993774414,XGBoost,0.05762435025585866
2017,4,9.221904288,9.22922134399414,XGBoost,-0.0073170559941413416
2017,4,9.221904288,9.205191612243652,XGBoost,0.01671267575634694
2017,4,9.221904288,9.220938682556152,XGBoost,0.0009656054438469397
2017,4,9.221904288,9.221796989440918,XGBoost,0.00010729855908131469
2017,4,9.221904288,9.218012809753418,XGBoost,0.0038914782465813147
2017,4,9.221904288,9.195298194885254,XGBoost,0.026606093114745377
2017,5,10.758888336,10.690662384033203,XGBoost,0.06822595196679693
2017,5,10.758888336,10.786934852600098,XGBoost,-0.028046516600097604
2017,5,10.758888336,10.790095329284668,XGBoost,-0.031206993284667917
2017,5,10.758888336,10.776246070861816,XGBoost,-0.017357734861816354
2017,5,10.758888336,10.769728660583496,XGBoost,-0.010840324583496042
2017,5,10.758888336,10.769698143005371,XGBoost,-0.010809807005371042
2017,5,10.758888336,10.75999641418457,XGBoost,-0.0011080781845702603
2017,5,10.758888336,10.768595695495605,XGBoost,-0.009707359495605417
2017,6,7.68492024,7.706322193145752,XGBoost,-0.021401953145751662
2017,6,7.68492024,7.687446117401123,XGBoost,-0.002525877401122756
2017,6,7.68492024,7.6934332847595215,XGBoost,-0.008513044759521193
2017,6,7.68492024,7.709437370300293,XGBoost,-0.024517130300292678
2017,6,7.68492024,7.7706217765808105,XGBoost,-0.08570153658081026
2017,6,7.68492024,7.692834854125977,XGBoost,-0.007914614125976271
2017,6,7.68492024,7.694836139678955,XGBoost,-0.009915899678954787
2017,6,7.68492024,7.715703964233398,XGBoost,-0.030783724233398146
2017,7,4.610952144,4.632861137390137,XGBoost,-0.021908993390137077
2017,7,4.610952144,4.610036373138428,XGBoost,0.0009157708615719073
2017,7,4.610952144,4.594786167144775,XGBoost,0.01616597685522425
2017,7,4.610952144,4.62688684463501,XGBoost,-0.015934700635010124
2017,7,4.610952144,4.610341548919678,XGBoost,0.0006105950803219073
2017,7,4.610952144,4.6117401123046875,XGBoost,-0.0007879683046878583
2017,7,4.610952144,4.593166351318359,XGBoost,0.017785792681640267
2017,7,4.610952144,4.569262981414795,XGBoost,0.04168916258520472
2017,8,3.84246012,3.895864248275757,XGBoost,-0.05340412827575669
2017,8,3.84246012,3.8376519680023193,XGBoost,0.00480815199768081
2017,8,3.84246012,3.8456928730010986,XGBoost,-0.0032327530010984873
2017,8,3.84246012,3.8345937728881836,XGBoost,0.007866347111816552
2017,8,3.84246012,3.8412628173828125,XGBoost,0.0011973026171876455
2017,8,3.84246012,3.8497183322906494,XGBoost,-0.0072582122906492685
2017,8,3.84246012,3.839223861694336,XGBoost,0.003236258305664208
2017,8,3.84246012,3.8335092067718506,XGBoost,0.00895091322814956
2017,9,4.610952144,4.600110054016113,XGBoost,0.01084208998388636
2017,9,4.610952144,4.612576484680176,XGBoost,-0.0016243406801761395
2017,9,4.610952144,4.623787879943848,XGBoost,-0.012835735943848015
2017,9,4.610952144,4.606228828430176,XGBoost,0.0047233155698238605
2017,9,4.610952144,4.606990814208984,XGBoost,0.003961329791015267
2017,9,4.610952144,4.612204074859619,XGBoost,-0.001251930859619499
2017,9,4.610952144,4.618695259094238,XGBoost,-0.0077431150942386395
2017,9,4.610952144,4.603217601776123,XGBoost,0.007734542223876595
2017,10,7.68492024,7.743760585784912,XGBoost,-0.05884034578491182
2017,10,7.68492024,7.671824932098389,XGBoost,0.01309530790161162
2017,10,7.68492024,7.647378444671631,XGBoost,0.03754179532836943
2017,10,7.68492024,7.623436450958252,XGBoost,0.06148378904174834
2017,10,7.68492024,7.6927056312561035,XGBoost,-0.007785391256103225
2017,10,7.68492024,7.629812240600586,XGBoost,0.055107999399414354
2017,10,7.68492024,7.765366554260254,XGBoost,-0.08044631426025362
2017,10,7.68492024,7.734260559082031,XGBoost,-0.04934031908203096
2017,11,9.221904288,9.262035369873047,XGBoost,-0.04013108187304759
2017,11,9.221904288,9.237126350402832,XGBoost,-0.015222062402832748
2017,11,9.221904288,9.212301254272461,XGBoost,0.009603033727538346
2017,11,9.221904288,9.231146812438965,XGBoost,-0.00924252443896556
2017,11,9.221904288,9.22232437133789,XGBoost,-0.00042008333789134156
2017,11,9.221904288,9.163007736206055,XGBoost,0.058896551793944596
2017,11,9.221904288,9.229687690734863,XGBoost,-0.007783402734863998
2017,11,9.221904288,9.24976634979248,XGBoost,-0.027862061792481185
2017,12,4.610952144,4.614636421203613,XGBoost,-0.0036842772036136395
2017,12,4.610952144,4.626579761505127,XGBoost,-0.01562761750512731
2017,12,4.610952144,4.605819225311279,XGBoost,0.005132918688720345
2017,12,4.610952144,4.609554767608643,XGBoost,0.0013973763913570636
2017,12,4.610952144,4.622025012969971,XGBoost,-0.011072868969971061
2017,12,4.610952144,4.611570835113525,XGBoost,-0.0006186911135257489
2017,12,4.610952144,4.619346618652344,XGBoost,-0.008394474652344108
2017,12,4.610952144,4.623884201049805,XGBoost,-0.012932057049805046
2018,1,4.448978508,4.4623703956604,XGBoost,-0.01339188766040067
2018,1,4.448978508,4.452514171600342,XGBoost,-0.003535663600342076
2018,1,4.448978508,4.446779727935791,XGBoost,0.002198780064208705
2018,1,4.448978508,4.450503826141357,XGBoost,-0.001525318141357701
2018,1,4.448978508,4.452606201171875,XGBoost,-0.003627693171875279
2018,1,4.448978508,4.447299003601074,XGBoost,0.001679504398925502
2018,1,4.448978508,4.420485496520996,XGBoost,0.028493011479003627
2018,1,4.448978508,4.438943386077881,XGBoost,0.010035121922118861
2018,2,3.70748209,3.7223808765411377,XGBoost,-0.014898786541137632
2018,2,3.70748209,3.7199854850769043,XGBoost,-0.012503395076904233
2018,2,3.70748209,3.7236485481262207,XGBoost,-0.01616645812622064
2018,2,3.70748209,3.7090983390808105,XGBoost,-0.0016162490808104835
2018,2,3.70748209,3.7251312732696533,XGBoost,-0.017649183269653257
2018,2,3.70748209,3.7160675525665283,XGBoost,-0.008585462566528257
2018,2,3.70748209,3.703555107116699,XGBoost,0.003926982883300845
2018,2,3.70748209,3.705742597579956,XGBoost,0.0017394924200440087
2018,3,5.931971344,5.991113185882568,XGBoost,-0.059141841882568436
2018,3,5.931971344,5.940277099609375,XGBoost,-0.008305755609375076
2018,3,5.931971344,5.9784440994262695,XGBoost,-0.04647275542626961
2018,3,5.931971344,5.955073356628418,XGBoost,-0.023102012628418045
2018,3,5.931971344,5.952127933502197,XGBoost,-0.020156589502197342
2018,3,5.931971344,5.94659948348999,XGBoost,-0.01462813948999031
2018,3,5.931971344,5.928741455078125,XGBoost,0.003229888921874924
2018,3,5.931971344,5.960287094116211,XGBoost,-0.028315750116211014
2018,4,8.897957016,8.928009033203125,XGBoost,-0.03005201720312556
2018,4,8.897957016,8.956398010253906,XGBoost,-0.05844099425390681
2018,4,8.897957016,8.8749418258667,XGBoost,0.023015190133300223
2018,4,8.897957016,8.89853572845459,XGBoost,-0.0005787124545904021
2018,4,8.897957016,8.90469741821289,XGBoost,-0.006740402212891183
2018,4,8.897957016,8.863519668579102,XGBoost,0.03443734742089788
2018,4,8.897957016,8.932150840759277,XGBoost,-0.0341938247592779
2018,4,8.897957016,8.920110702514648,XGBoost,-0.022153686514648996
2018,5,10.380949852,10.335714340209961,XGBoost,0.045235511790039595
2018,5,10.380949852,10.41427230834961,XGBoost,-0.03332245634960884
2018,5,10.380949852,10.385659217834473,XGBoost,-0.004709365834472123
2018,5,10.380949852,10.401418685913086,XGBoost,-0.020468833913085405
2018,5,10.380949852,10.41732120513916,XGBoost,-0.03637135313915962
2018,5,10.380949852,10.387226104736328,XGBoost,-0.006276252736327592
2018,5,10.380949852,10.41574478149414,XGBoost,-0.03479492949414009
2018,5,10.380949852,10.41879653930664,XGBoost,-0.03784668730664009
2018,6,7.41496418,7.409193992614746,XGBoost,0.005770187385254033
2018,6,7.41496418,7.32364559173584,XGBoost,0.09131858826416028
2018,6,7.41496418,7.449711799621582,XGBoost,-0.034747619621581904
2018,6,7.41496418,7.351015567779541,XGBoost,0.06394861222045911
2018,6,7.41496418,7.4217729568481445,XGBoost,-0.006808776848144404
2018,6,7.41496418,7.472880840301514,XGBoost,-0.057916660301513545
2018,6,7.41496418,7.358623027801514,XGBoost,0.056341152198486455
2018,6,7.41496418,7.3684539794921875,XGBoost,0.04651020050781263
2018,7,4.448978508,4.443512916564941,XGBoost,0.005465591435058315
2018,7,4.448978508,4.420351505279541,XGBoost,0.028627002720458705
2018,7,4.448978508,4.433233737945557,XGBoost,0.01574477005444308
2018,7,4.448978508,4.448286533355713,XGBoost,0.0006919746442868302
2018,7,4.448978508,4.42025899887085,XGBoost,0.02871950912915011
2018,7,4.448978508,4.431160926818848,XGBoost,0.017817581181152065
2018,7,4.448978508,4.425414085388184,XGBoost,0.023564422611816127
2018,7,4.448978508,4.441939353942871,XGBoost,0.007039154057128627
2018,8,3.70748209,3.758531093597412,XGBoost,-0.051049003597412046
2018,8,3.70748209,3.727628231048584,XGBoost,-0.02014614104858392
2018,8,3.70748209,3.717513084411621,XGBoost,-0.01003099441162103
2018,8,3.70748209,3.720073699951172,XGBoost,-0.012591609951171812
2018,8,3.70748209,3.7145044803619385,XGBoost,-0.007022390361938413
2018,8,3.70748209,3.7141213417053223,XGBoost,-0.006639251705322202
2018,8,3.70748209,3.7132930755615234,XGBoost,-0.005810985561523374
2018,8,3.70748209,3.7208619117736816,XGBoost,-0.013379821773681577
2018,9,4.448978508,4.410747051239014,XGBoost,0.03823145676098605
2018,9,4.448978508,4.444624423980713,XGBoost,0.00435408401928683
2018,9,4.448978508,4.4619855880737305,XGBoost,-0.013007080073730748
2018,9,4.448978508,4.452578544616699,XGBoost,-0.003600036616699498
2018,9,4.448978508,4.443532466888428,XGBoost,0.0054460411115719864
2018,9,4.448978508,4.459560394287109,XGBoost,-0.010581886287109654
2018,9,4.448978508,4.453135013580322,XGBoost,-0.004156505580322545
2018,9,4.448978508,4.460424900054932,XGBoost,-0.01144639205493192
2018,10,7.41496418,7.5225300788879395,XGBoost,-0.10756589888793933
2018,10,7.41496418,7.311212539672852,XGBoost,0.10375164032714856
2018,10,7.41496418,7.239393711090088,XGBoost,0.17557046890991224
2018,10,7.41496418,7.271999835968018,XGBoost,0.14296434403198255
2018,10,7.41496418,7.316341876983643,XGBoost,0.09862230301635755
2018,10,7.41496418,7.26739501953125,XGBoost,0.14756916046875013
2018,10,7.41496418,7.424741744995117,XGBoost,-0.00977756499511706
2018,10,7.41496418,7.43000602722168,XGBoost,-0.01504184722167956
2018,11,8.897957016,8.909648895263672,XGBoost,-0.011691879263672433
2018,11,8.897957016,8.908541679382324,XGBoost,-0.010584663382324777
2018,11,8.897957016,8.936944961547852,XGBoost,-0.03898794554785212
2018,11,8.897957016,8.907176971435547,XGBoost,-0.009219955435547433
2018,11,8.897957016,8.927906036376953,XGBoost,-0.029949020376953683
2018,11,8.897957016,8.923198699951172,XGBoost,-0.025241683951172433
2018,11,8.897957016,8.89310073852539,XGBoost,0.004856277474608817
2018,11,8.897957016,8.855388641357422,XGBoost,0.04256837464257757
2018,12,4.448978508,4.613426685333252,XGBoost,-0.16444817733325223
2018,12,4.448978508,4.451936721801758,XGBoost,-0.0029582138017580917
2018,12,4.448978508,4.451443195343018,XGBoost,-0.0024646873430178573
2018,12,4.448978508,4.467431545257568,XGBoost,-0.01845303725756864
2018,12,4.448978508,4.458771228790283,XGBoost,-0.009792720790283482
2018,12,4.448978508,4.468811511993408,XGBoost,-0.019833003993408482
2018,12,4.448978508,4.458277225494385,XGBoost,-0.009298717494385045
2018,12,4.448978508,4.4802751541137695,XGBoost,-0.03129664611376981
2019,1,4.300280139,4.277325630187988,XGBoost,0.022954508812011554
2019,1,4.300280139,4.241480350494385,XGBoost,0.05879978850561507
2019,1,4.300280139,4.250720024108887,XGBoost,0.049560114891113116
2019,1,4.300280139,4.248602390289307,XGBoost,0.051677748710693194
2019,1,4.300280139,4.248847484588623,XGBoost,0.05143265441137679
2019,1,4.300280139,4.253362655639648,XGBoost,0.0469174833603514
2019,1,4.300280139,4.228799343109131,XGBoost,0.07148079589086898
2019,1,4.300280139,4.253274917602539,XGBoost,0.04700522139746077
2019,2,3.5835667825,3.6122729778289795,XGBoost,-0.028706195328979334
2019,2,3.5835667825,3.6271860599517822,XGBoost,-0.04361927745178207
2019,2,3.5835667825,3.627850294113159,XGBoost,-0.04428351161315902
2019,2,3.5835667825,3.6102449893951416,XGBoost,-0.026678206895141443
2019,2,3.5835667825,3.604381561279297,XGBoost,-0.020814778779296716
2019,2,3.5835667825,3.6088674068450928,XGBoost,-0.025300624345092615
2019,2,3.5835667825,3.6020500659942627,XGBoost,-0.018483283494262537
2019,2,3.5835667825,3.6096463203430176,XGBoost,-0.02607953784301742
2019,3,5.733706852,5.736391067504883,XGBoost,-0.0026842155048827365
2019,3,5.733706852,5.756792068481445,XGBoost,-0.023085216481445237
2019,3,5.733706852,5.764843463897705,XGBoost,-0.031136611897705002
2019,3,5.733706852,5.750154972076416,XGBoost,-0.01644812007641594
2019,3,5.733706852,5.735715866088867,XGBoost,-0.0020090140888671115
2019,3,5.733706852,5.780436038970947,XGBoost,-0.04672918697094719
2019,3,5.733706852,5.729878902435303,XGBoost,0.0038279495646973416
2019,3,5.733706852,5.772941589355469,XGBoost,-0.039234737355468674
2019,4,8.600560278,8.510618209838867,XGBoost,0.08994206816113248
2019,4,8.600560278,8.642376899719238,XGBoost,-0.04181662171923861
2019,4,8.600560278,8.64385986328125,XGBoost,-0.04329958528125033
2019,4,8.600560278,8.612772941589355,XGBoost,-0.012212663589355799
2019,4,8.600560278,8.61336898803711,XGBoost,-0.012808710037109705
2019,4,8.600560278,8.622101783752441,XGBoost,-0.021541505752441736
2019,4,8.600560278,8.627998352050781,XGBoost,-0.02743807405078158
2019,4,8.600560278,8.607441902160645,XGBoost,-0.006881624160644861
2019,5,10.033986991,9.951955795288086,XGBoost,0.08203119571191486
2019,5,10.033986991,10.079668998718262,XGBoost,-0.04568200771826092
2019,5,10.033986991,10.142324447631836,XGBoost,-0.10833745663183514
2019,5,10.033986991,10.116848945617676,XGBoost,-0.08286195461767498
2019,5,10.033986991,10.066622734069824,XGBoost,-0.03263574306982342
2019,5,10.033986991,10.059685707092285,XGBoost,-0.025698716092284357
2019,5,10.033986991,10.047087669372559,XGBoost,-0.013100678372557795
2019,5,10.033986991,10.052221298217773,XGBoost,-0.01823430721777264
2019,6,7.167133565,7.22031307220459,XGBoost,-0.05317950720458953
2019,6,7.167133565,7.211623668670654,XGBoost,-0.04449010367065398
2019,6,7.167133565,7.205212593078613,XGBoost,-0.038079028078612964
2019,6,7.167133565,7.195011615753174,XGBoost,-0.02787805075317351
2019,6,7.167133565,7.265302658081055,XGBoost,-0.09816909308105437
2019,6,7.167133565,7.207218170166016,XGBoost,-0.04008460516601531
2019,6,7.167133565,7.168415546417236,XGBoost,-0.0012819814172360111
2019,6,7.167133565,7.161163806915283,XGBoost,0.005969758084717114
2019,7,4.300280139,4.326173782348633,XGBoost,-0.025893643348632978
2019,7,4.300280139,4.231310844421387,XGBoost,0.06896929457861312
2019,7,4.300280139,4.234148025512695,XGBoost,0.06613211348730452
2019,7,4.300280139,4.231777667999268,XGBoost,0.06850247100073226
2019,7,4.300280139,4.223766326904297,XGBoost,0.07651381209570296
2019,7,4.300280139,4.236379146575928,XGBoost,0.0639009924240721
2019,7,4.300280139,4.239963531494141,XGBoost,0.06031660750585921
2019,7,4.300280139,4.230535984039307,XGBoost,0.0697441549606932
2019,8,3.5835667825,3.6095192432403564,XGBoost,-0.025952460740356287
2019,8,3.5835667825,3.6140706539154053,XGBoost,-0.030503871415405115
2019,8,3.5835667825,3.5875778198242188,XGBoost,-0.0040110373242185915
2019,8,3.5835667825,3.5781729221343994,XGBoost,0.0053938603656007444
2019,8,3.5835667825,3.590148448944092,XGBoost,-0.006581666444091638
2019,8,3.5835667825,3.5949082374572754,XGBoost,-0.011341454957275232
2019,8,3.5835667825,3.597925901412964,XGBoost,-0.014359118912963709
2019,8,3.5835667825,3.594212055206299,XGBoost,-0.01064527270629867
2019,9,4.300280139,4.296062469482422,XGBoost,0.00421766951757796
2019,9,4.300280139,4.323761940002441,XGBoost,-0.02348180100244157
2019,9,4.300280139,4.342855930328369,XGBoost,-0.042575791328369306
2019,9,4.300280139,4.300960063934326,XGBoost,-0.0006799249343263369
2019,9,4.300280139,4.298886299133301,XGBoost,0.0013938398666990537
2019,9,4.300280139,4.326485633850098,XGBoost,-0.02620549485009782
2019,9,4.300280139,4.327590465545654,XGBoost,-0.027310326545654462
2019,9,4.300280139,4.332607269287109,XGBoost,-0.03232713028710954
2019,10,7.167133565,7.165918827056885,XGBoost,0.0012147379431155514
2019,10,7.167133565,7.133384704589844,XGBoost,0.03374886041015657
2019,10,7.167133565,7.105220317840576,XGBoost,0.061913247159424145
2019,10,7.167133565,7.103598117828369,XGBoost,0.06353544717163118
2019,10,7.167133565,7.1366047859191895,XGBoost,0.030528779080810864
2019,10,7.167133565,7.0818281173706055,XGBoost,0.08530544762939485
2019,10,7.167133565,7.195816516876221,XGBoost,-0.028682951876220386
2019,10,7.167133565,7.232003211975098,XGBoost,-0.06486964697509734
2019,11,8.600560278,8.657999038696289,XGBoost,-0.05743876069628939
2019,11,8.600560278,8.644277572631836,XGBoost,-0.04371729463183627
2019,11,8.600560278,8.633886337280273,XGBoost,-0.03332605928027377
2019,11,8.600560278,8.627558708190918,XGBoost,-0.0269984301909183
2019,11,8.600560278,8.630999565124512,XGBoost,-0.03043928712451205
2019,11,8.600560278,8.625466346740723,XGBoost,-0.024906068740722986
2019,11,8.600560278,8.62509536743164,XGBoost,-0.024535089431640955
2019,11,8.600560278,8.648374557495117,XGBoost,-0.04781427949511752
2019,12,4.300280139,4.262165546417236,XGBoost,0.03811459258276351
2019,12,4.300280139,4.305630683898926,XGBoost,-0.005350544898925946
2019,12,4.300280139,4.305584907531738,XGBoost,-0.005304768531738446
2019,12,4.300280139,4.300023555755615,XGBoost,0.00025658324438460056
2019,12,4.300280139,4.2960028648376465,XGBoost,0.0042772741623533506
2019,12,4.300280139,4.3055009841918945,XGBoost,-0.005220845191894696
2019,12,4.300280139,4.326030254364014,XGBoost,-0.025750115364013837
2019,12,4.300280139,4.318666458129883,XGBoost,-0.018386319129882978
2020,1,5.0999261106,4.7720947265625,XGBoost,0.32783138403750023
2020,1,5.0999261106,5.165482997894287,XGBoost,-0.06555688729428688
2020,1,5.0999261106,5.076130390167236,XGBoost,0.0237957204327639
2020,1,5.0999261106,5.069507598876953,XGBoost,0.030418511723047104
2020,1,5.0999261106,5.067879676818848,XGBoost,0.03204643378115257
2020,1,5.0999261106,5.066993713378906,XGBoost,0.03293239722109398
2020,1,5.0999261106,5.048513889312744,XGBoost,0.05141222128725609
2020,1,5.0999261106,5.044866561889648,XGBoost,0.05505954871035179
2020,2,4.249938425500001,4.8033223152160645,XGBoost,-0.5533838897160637
2020,2,4.249938425500001,4.2470879554748535,XGBoost,0.002850470025147267
2020,2,4.249938425500001,4.243972301483154,XGBoost,0.005966124016846486
2020,2,4.249938425500001,4.247452259063721,XGBoost,0.0024861664362800795
2020,2,4.249938425500001,4.229774475097656,XGBoost,0.020163950402344533
2020,2,4.249938425500001,4.2585225105285645,XGBoost,-0.00858408502856367
2020,2,4.249938425500001,4.227635860443115,XGBoost,0.022302565056885548
2020,2,4.249938425500001,4.228148460388184,XGBoost,0.02178996511181719
2020,3,6.799901480800001,7.052731513977051,XGBoost,-0.2528300331770499
2020,3,6.799901480800001,6.778416633605957,XGBoost,0.021484847194043866
2020,3,6.799901480800001,6.7772216796875,XGBoost,0.022679801112500897
2020,3,6.799901480800001,6.86887788772583,XGBoost,-0.06897640692582918
2020,3,6.799901480800001,6.814758777618408,XGBoost,-0.014857296818407306
2020,3,6.799901480800001,6.740954399108887,XGBoost,0.05894708169111418
2020,3,6.799901480800001,7.003145217895508,XGBoost,-0.20324373709550692
2020,3,6.799901480800001,6.893373012542725,XGBoost,-0.09347153174272371
2020,4,10.1998522212,9.967486381530762,XGBoost,0.23236583966923874
2020,4,10.1998522212,10.145651817321777,XGBoost,0.05420040387822311
2020,4,10.1998522212,10.126839637756348,XGBoost,0.0730125834436528
2020,4,10.1998522212,10.152411460876465,XGBoost,0.04744076032353561
2020,4,10.1998522212,10.136751174926758,XGBoost,0.06310104627324264
2020,4,10.1998522212,10.125421524047852,XGBoost,0.0744306971521489
2020,4,10.1998522212,10.345320701599121,XGBoost,-0.14546848039912064
2020,4,10.1998522212,10.330766677856445,XGBoost,-0.13091445665644486
2020,5,11.899827591400001,11.010369300842285,XGBoost,0.889458290557716
2020,5,11.899827591400001,11.748797416687012,XGBoost,0.1510301747129894
2020,5,11.899827591400001,11.729679107666016,XGBoost,0.1701484837339855
2020,5,11.899827591400001,11.774023056030273,XGBoost,0.1258045353697277
2020,5,11.899827591400001,11.750694274902344,XGBoost,0.14913331649765738
2020,5,11.899827591400001,11.75705623626709,XGBoost,0.14277135513291128
2020,5,11.899827591400001,11.713748931884766,XGBoost,0.1860786595152355
2020,5,11.899827591400001,11.708903312683105,XGBoost,0.19092427871689566
2020,6,8.499876851000002,8.600810050964355,XGBoost,-0.1009331999643539
2020,6,8.499876851000002,8.459814071655273,XGBoost,0.04006277934472813
2020,6,8.499876851000002,8.376923561096191,XGBoost,0.12295328990381016
2020,6,8.499876851000002,8.440574645996094,XGBoost,0.059302205003907815
2020,6,8.499876851000002,8.357916831970215,XGBoost,0.14196001902978672
2020,6,8.499876851000002,8.329889297485352,XGBoost,0.16998755351465
2020,6,8.499876851000002,8.342875480651855,XGBoost,0.1570013703481461
2020,6,8.499876851000002,8.309048652648926,XGBoost,0.19082819835107578
2020,7,5.0999261106,6.169371604919434,XGBoost,-1.0694454943194334
2020,7,5.0999261106,5.177722930908203,XGBoost,-0.0777968203082029
2020,7,5.0999261106,5.145962715148926,XGBoost,-0.04603660454892555
2020,7,5.0999261106,5.175840854644775,XGBoost,-0.07591474404477516
2020,7,5.0999261106,5.1512837409973145,XGBoost,-0.051357630397314225
2020,7,5.0999261106,5.058609485626221,XGBoost,0.041316624973779525
2020,7,5.0999261106,5.034079551696777,XGBoost,0.06584655890322288
2020,7,5.0999261106,5.018621444702148,XGBoost,0.08130466589785179
2020,8,4.249938425500001,4.6833882331848145,XGBoost,-0.43344980768481367
2020,8,4.249938425500001,4.257283687591553,XGBoost,-0.007345262091551952
2020,8,4.249938425500001,4.265860557556152,XGBoost,-0.01592213205615156
2020,8,4.249938425500001,4.271315097808838,XGBoost,-0.021376672308837108
2020,8,4.249938425500001,4.25650691986084,XGBoost,-0.006568494360839061
2020,8,4.249938425500001,4.218498229980469,XGBoost,0.03144019551953203
2020,8,4.249938425500001,4.244238376617432,XGBoost,0.005700048882569142
2020,8,4.249938425500001,4.232061386108398,XGBoost,0.017877039391602345
2020,9,5.0999261106,5.014930248260498,XGBoost,0.08499586233950218
2020,9,5.0999261106,5.11259126663208,XGBoost,-0.01266515603207985
2020,9,5.0999261106,5.266312599182129,XGBoost,-0.16638648858212868
2020,9,5.0999261106,5.147085666656494,XGBoost,-0.04715955605649391
2020,9,5.0999261106,5.104701995849609,XGBoost,-0.004775885249609146
2020,9,5.0999261106,5.102647304534912,XGBoost,-0.0027211939349118808
2020,9,5.0999261106,5.00983190536499,XGBoost,0.09009420523501
2020,9,5.0999261106,4.996818542480469,XGBoost,0.10310756811953148
2020,10,8.499876851000002,8.363044738769531,XGBoost,0.13683211223047032
2020,10,8.499876851000002,8.561379432678223,XGBoost,-0.06150258167822109
2020,10,8.499876851000002,8.47788143157959,XGBoost,0.02199541942041172
2020,10,8.499876851000002,8.566407203674316,XGBoost,-0.06653035267431484
2020,10,8.499876851000002,8.507357597351074,XGBoost,-0.0074807463510726535
2020,10,8.499876851000002,8.47089958190918,XGBoost,0.028977269090821878
2020,10,8.499876851000002,8.51247787475586,XGBoost,-0.01260102375585781
2020,10,8.499876851000002,8.484179496765137,XGBoost,0.015697354234864846
2020,11,10.1998522212,9.582075119018555,XGBoost,0.6177771021814458
2020,11,10.1998522212,10.101348876953125,XGBoost,0.09850334424687546
2020,11,10.1998522212,10.07835865020752,XGBoost,0.12149357099248093
2020,11,10.1998522212,10.095407485961914,XGBoost,0.1044447352380864
2020,11,10.1998522212,10.107297897338867,XGBoost,0.09255432386113327
2020,11,10.1998522212,10.078166961669922,XGBoost,0.12168525953007858
2020,11,10.1998522212,10.188332557678223,XGBoost,0.011519663521777801
2020,11,10.1998522212,10.16648006439209,XGBoost,0.03337215680791061
2020,12,5.0999261106,5.180026531219482,XGBoost,-0.0801004206194822
2020,12,5.0999261106,5.046733379364014,XGBoost,0.05319273123598656
2020,12,5.0999261106,5.04459285736084,XGBoost,0.055333253239160385
2020,12,5.0999261106,5.02180814743042,XGBoost,0.0781179631695803
2020,12,5.0999261106,5.056698322296143,XGBoost,0.04322778830385765
2020,12,5.0999261106,5.069199562072754,XGBoost,0.030726548527246322
2020,12,5.0999261106,5.073835849761963,XGBoost,0.026090260838037338
2020,12,5.0999261106,5.078314304351807,XGBoost,0.021611806248193588
2021,1,5.3212221576,4.846206188201904,XGBoost,0.475015969398096
2021,1,5.3212221576,5.1243181228637695,XGBoost,0.19690403473623075
2021,1,5.3212221576,5.105482578277588,XGBoost,0.2157395793224124
2021,1,5.3212221576,5.112236499786377,XGBoost,0.20898565781362333
2021,1,5.3212221576,5.110074043273926,XGBoost,0.2111481143260745
2021,1,5.3212221576,5.115375995635986,XGBoost,0.20584616196401395
2021,1,5.3212221576,5.09954309463501,XGBoost,0.22167906296499051
2021,1,5.3212221576,5.102860927581787,XGBoost,0.21836123001821317
2021,2,4.434351798000001,4.759098052978516,XGBoost,-0.32474625497851495
2021,2,4.434351798000001,4.245074272155762,XGBoost,0.18927752584423896
2021,2,4.434351798000001,4.271630764007568,XGBoost,0.16272103399243232
2021,2,4.434351798000001,4.265639781951904,XGBoost,0.16871201604809638
2021,2,4.434351798000001,4.251204013824463,XGBoost,0.1831477841755378
2021,2,4.434351798000001,4.266130447387695,XGBoost,0.16822135061230536
2021,2,4.434351798000001,4.220951557159424,XGBoost,0.21340024084057685
2021,2,4.434351798000001,4.196529865264893,XGBoost,0.2378219327351081
2021,3,7.0949628768,6.867537498474121,XGBoost,0.22742537832587928
2021,3,7.0949628768,6.879673957824707,XGBoost,0.21528891897529334
2021,3,7.0949628768,6.796583652496338,XGBoost,0.2983792243036625
2021,3,7.0949628768,6.847007751464844,XGBoost,0.24795512533515662
2021,3,7.0949628768,6.850120544433594,XGBoost,0.24484233236640662
2021,3,7.0949628768,6.836296081542969,XGBoost,0.2586667952570316
2021,3,7.0949628768,6.9411139488220215,XGBoost,0.1538489279779789
2021,3,7.0949628768,6.930529594421387,XGBoost,0.16443328237861365
2021,4,10.6424443152,10.050497055053711,XGBoost,0.5919472601462896
2021,4,10.6424443152,10.145064353942871,XGBoost,0.49737996125712947
2021,4,10.6424443152,10.223215103149414,XGBoost,0.4192292120505865
2021,4,10.6424443152,10.083589553833008,XGBoost,0.5588547613669927
2021,4,10.6424443152,10.071824073791504,XGBoost,0.5706202414084967
2021,4,10.6424443152,10.097928047180176,XGBoost,0.5445162680198248
2021,4,10.6424443152,10.292261123657227,XGBoost,0.350183191542774
2021,4,10.6424443152,10.297130584716797,XGBoost,0.3453137304832037
2021,5,12.416185034400002,11.567270278930664,XGBoost,0.8489147554693375
2021,5,12.416185034400002,12.04723834991455,XGBoost,0.36894668448545076
2021,5,12.416185034400002,12.043566703796387,XGBoost,0.3726183306036148
2021,5,12.416185034400002,11.972198486328125,XGBoost,0.44398654807187654
2021,5,12.416185034400002,11.982953071594238,XGBoost,0.43323196280576326
2021,5,12.416185034400002,11.970733642578125,XGBoost,0.44545139182187654
2021,5,12.416185034400002,12.087773323059082,XGBoost,0.3284117113409195
2021,5,12.416185034400002,12.033824920654297,XGBoost,0.38236011374570467
2021,6,8.868703596000001,9.06810474395752,XGBoost,-0.19940114795751818
2021,6,8.868703596000001,8.776228904724121,XGBoost,0.09247469127588026
2021,6,8.868703596000001,8.812211990356445,XGBoost,0.05649160564355604
2021,6,8.868703596000001,8.81912899017334,XGBoost,0.04957460582666151
2021,6,8.868703596000001,8.790521621704102,XGBoost,0.07818197429589979
2021,6,8.868703596000001,8.791790962219238,XGBoost,0.07691263378076307
2021,6,8.868703596000001,8.364847183227539,XGBoost,0.5038564127724623
2021,6,8.868703596000001,8.394156455993652,XGBoost,0.474547140006349
2021,7,5.3212221576,5.1616082191467285,XGBoost,0.15961393845327176
2021,7,5.3212221576,5.139399528503418,XGBoost,0.1818226290965823
2021,7,5.3212221576,5.1107869148254395,XGBoost,0.21043524277456083
2021,7,5.3212221576,5.13192081451416,XGBoost,0.18930134308584012
2021,7,5.3212221576,5.0726423263549805,XGBoost,0.2485798312450198
2021,7,5.3212221576,5.12740421295166,XGBoost,0.19381794464834012
2021,7,5.3212221576,5.063021183013916,XGBoost,0.25820097458608426
2021,7,5.3212221576,5.02938985824585,XGBoost,0.29183229935415067
2021,8,4.434351798000001,4.5818681716918945,XGBoost,-0.14751637369189385
2021,8,4.434351798000001,4.324192523956299,XGBoost,0.11015927404370185
2021,8,4.434351798000001,4.342240333557129,XGBoost,0.09211146444287177
2021,8,4.434351798000001,4.354625701904297,XGBoost,0.0797260960957038
2021,8,4.434351798000001,4.354717254638672,XGBoost,0.0796345433613288
2021,8,4.434351798000001,4.35934591293335,XGBoost,0.07500588506665107
2021,8,4.434351798000001,4.348862648010254,XGBoost,0.08548914998974677
2021,8,4.434351798000001,4.3420562744140625,XGBoost,0.09229552358593818
2021,9,5.3212221576,4.909426212310791,XGBoost,0.41179594528920926
2021,9,5.3212221576,5.162425518035889,XGBoost,0.1587966395641116
2021,9,5.3212221576,5.223104476928711,XGBoost,0.09811768067128934
2021,9,5.3212221576,5.162573337554932,XGBoost,0.15864882004506864
2021,9,5.3212221576,5.161416530609131,XGBoost,0.15980562699086942
2021,9,5.3212221576,5.135184288024902,XGBoost,0.18603786957509794
2021,9,5.3212221576,5.035795211791992,XGBoost,0.2854269458080081
2021,9,5.3212221576,5.054148197174072,XGBoost,0.267073960425928
2021,10,8.868703596000001,8.467832565307617,XGBoost,0.40087103069238417
2021,10,8.868703596000001,8.570116996765137,XGBoost,0.29858659923486464
2021,10,8.868703596000001,8.571048736572266,XGBoost,0.29765485942773573
2021,10,8.868703596000001,8.564423561096191,XGBoost,0.30428003490380995
2021,10,8.868703596000001,8.438084602355957,XGBoost,0.4306189936440443
2021,10,8.868703596000001,8.452423095703125,XGBoost,0.41628050029687635
2021,10,8.868703596000001,8.574224472045898,XGBoost,0.2944791239541029
2021,10,8.868703596000001,8.539806365966797,XGBoost,0.3288972300332045
2021,11,10.6424443152,10.016096115112305,XGBoost,0.6263482000876959
2021,11,10.6424443152,10.166589736938477,XGBoost,0.475854578261524
2021,11,10.6424443152,10.139345169067383,XGBoost,0.5030991461326177
2021,11,10.6424443152,10.169593811035156,XGBoost,0.4728505041648443
2021,11,10.6424443152,10.1318359375,XGBoost,0.5106083777000006
2021,11,10.6424443152,10.147345542907715,XGBoost,0.4950987722922857
2021,11,10.6424443152,10.165273666381836,XGBoost,0.4771706488181646
2021,11,10.6424443152,10.113129615783691,XGBoost,0.5293146994163092
2021,12,5.3212221576,5.527266025543213,XGBoost,-0.2060438679432126
2021,12,5.3212221576,5.482757091522217,XGBoost,-0.16153493392221652
2021,12,5.3212221576,5.493629455566406,XGBoost,-0.17240729796640597
2021,12,5.3212221576,5.374601364135742,XGBoost,-0.05337920653574191
2021,12,5.3212221576,5.453631401062012,XGBoost,-0.13240924346201144
2021,12,5.3212221576,5.530880928039551,XGBoost,-0.2096587704395505
2021,12,5.3212221576,5.076834678649902,XGBoost,0.24438747895009794
2021,12,5.3212221576,5.068162441253662,XGBoost,0.25305971634633817
2022,1,4.925635077,4.941281318664551,XGBoost,-0.015646241664550864
2022,1,4.925635077,4.992003917694092,XGBoost,-0.06636884069409188
2022,1,4.925635077,4.952133655548096,XGBoost,-0.026498578548095786
2022,1,4.925635077,4.955514907836914,XGBoost,-0.029879830836914145
2022,1,4.925635077,4.947524547576904,XGBoost,-0.02188947057690438
2022,1,4.925635077,4.941241264343262,XGBoost,-0.015606187343261801
2022,1,4.925635077,4.943375587463379,XGBoost,-0.01774051046337899
2022,1,4.925635077,4.953760623931885,XGBoost,-0.02812554693188485
2022,2,4.1046958975,4.268678188323975,XGBoost,-0.16398229082397453
2022,2,4.1046958975,4.083825588226318,XGBoost,0.02087030927368172
2022,2,4.1046958975,4.099843978881836,XGBoost,0.004851918618164142
2022,2,4.1046958975,4.094427108764648,XGBoost,0.010268788735351642
2022,2,4.1046958975,4.073657989501953,XGBoost,0.031037907998046954
2022,2,4.1046958975,4.0822553634643555,XGBoost,0.02244053403564461
2022,2,4.1046958975,4.059447765350342,XGBoost,0.04524813214965828
2022,2,4.1046958975,4.076486587524414,XGBoost,0.028209309975586017
2022,3,6.5675134360000005,6.419193744659424,XGBoost,0.14831969134057665
2022,3,6.5675134360000005,6.5941972732543945,XGBoost,-0.02668383725439405
2022,3,6.5675134360000005,6.587556838989258,XGBoost,-0.02004340298925733
2022,3,6.5675134360000005,6.55264139175415,XGBoost,0.014872044245850091
2022,3,6.5675134360000005,6.610299110412598,XGBoost,-0.042785674412597174
2022,3,6.5675134360000005,6.572667121887207,XGBoost,-0.005153685887206549
2022,3,6.5675134360000005,6.773994445800781,XGBoost,-0.20648100980078077
2022,3,6.5675134360000005,6.709265232086182,XGBoost,-0.14175179608618116
2022,4,9.851270154,9.665040016174316,XGBoost,0.18623013782568343
2022,4,9.851270154,9.825267791748047,XGBoost,0.02600236225195296
2022,4,9.851270154,9.88431453704834,XGBoost,-0.03304438304834001
2022,4,9.851270154,9.859604835510254,XGBoost,-0.008334681510254072
2022,4,9.851270154,9.894497871398926,XGBoost,-0.04322771739892595
2022,4,9.851270154,9.892720222473145,XGBoost,-0.0414500684731447
2022,4,9.851270154,9.902975082397461,XGBoost,-0.0517049283974611
2022,4,9.851270154,9.841422080993652,XGBoost,0.00984807300634749
2022,5,11.493148513000001,11.245026588439941,XGBoost,0.24812192456005988
2022,5,11.493148513000001,11.452554702758789,XGBoost,0.040593810241212225
2022,5,11.493148513000001,11.472782135009766,XGBoost,0.020366377990235662
2022,5,11.493148513000001,11.451471328735352,XGBoost,0.041677184264649725
2022,5,11.493148513000001,11.415647506713867,XGBoost,0.0775010062861341
2022,5,11.493148513000001,11.448594093322754,XGBoost,0.04455441967724738
2022,5,11.493148513000001,11.456592559814453,XGBoost,0.03655595318554816
2022,5,11.493148513000001,11.454636573791504,XGBoost,0.03851193920849738
2022,6,8.209391795,9.49592399597168,XGBoost,-1.2865322009716795
2022,6,8.209391795,8.231471061706543,XGBoost,-0.02207926670654281
2022,6,8.209391795,8.221531867980957,XGBoost,-0.012140072980956873
2022,6,8.209391795,8.441164016723633,XGBoost,-0.23177222172363265
2022,6,8.209391795,8.28098201751709,XGBoost,-0.07159022251708969
2022,6,8.209391795,8.209185600280762,XGBoost,0.00020619471923843946
2022,6,8.209391795,8.076493263244629,XGBoost,0.13289853175537125
2022,6,8.209391795,8.102436065673828,XGBoost,0.10695572932617203
2022,7,4.925635077,4.872118949890137,XGBoost,0.0535161271098632
2022,7,4.925635077,4.938918113708496,XGBoost,-0.013283036708496176
2022,7,4.925635077,4.9355149269104,XGBoost,-0.009879849910400473
2022,7,4.925635077,4.949798107147217,XGBoost,-0.02416303014721688
2022,7,4.925635077,4.902549743652344,XGBoost,0.023085333347656167
2022,7,4.925635077,4.88062047958374,XGBoost,0.04501459741625968
2022,7,4.925635077,4.850916385650635,XGBoost,0.07471869134936515
2022,7,4.925635077,4.899292469024658,XGBoost,0.026342607975341714
2022,8,4.1046958975,4.21691370010376,XGBoost,-0.11221780260375969
2022,8,4.1046958975,4.062657833099365,XGBoost,0.042038064400634845
2022,8,4.1046958975,4.101461887359619,XGBoost,0.0032340101403809385
2022,8,4.1046958975,4.06668758392334,XGBoost,0.038008313576660235
2022,8,4.1046958975,4.057036876678467,XGBoost,0.04765902082153328
2022,8,4.1046958975,4.044632434844971,XGBoost,0.060063462655029376
2022,8,4.1046958975,4.089836120605469,XGBoost,0.014859776894531329
2022,8,4.1046958975,4.092489242553711,XGBoost,0.012206654946289142
2022,9,4.925635077,4.616946220397949,XGBoost,0.3086888566020507
2022,9,4.925635077,4.876737117767334,XGBoost,0.04889795923266593
2022,9,4.925635077,4.893311023712158,XGBoost,0.032324053287841714
2022,9,4.925635077,4.8638739585876465,XGBoost,0.06176111841235343
2022,9,4.925635077,4.8596296310424805,XGBoost,0.06600544595751945
2022,9,4.925635077,4.9036641120910645,XGBoost,0.021970964908935464
2022,9,4.925635077,4.868182182312012,XGBoost,0.0574528946879882
2022,9,4.925635077,4.883127689361572,XGBoost,0.04250738763842765
2022,10,8.209391795,7.420797824859619,XGBoost,0.788593970140381
2022,10,8.209391795,8.245630264282227,XGBoost,-0.036238469282226404
2022,10,8.209391795,8.270442962646484,XGBoost,-0.06105116764648422
2022,10,8.209391795,8.28249454498291,XGBoost,-0.07310274998291
2022,10,8.209391795,8.244782447814941,XGBoost,-0.03539065281494125
2022,10,8.209391795,8.238090515136719,XGBoost,-0.028698720136718592
2022,10,8.209391795,8.318556785583496,XGBoost,-0.10916499058349594
2022,10,8.209391795,8.31554126739502,XGBoost,-0.10614947239501937
2022,11,9.851270154,9.363520622253418,XGBoost,0.48774953174658187
2022,11,9.851270154,9.801300048828125,XGBoost,0.049970105171874835
2022,11,9.851270154,9.788538932800293,XGBoost,0.06273122119970687
2022,11,9.851270154,9.853211402893066,XGBoost,-0.0019412488930665717
2022,11,9.851270154,9.87881088256836,XGBoost,-0.02754072856835954
2022,11,9.851270154,9.893299102783203,XGBoost,-0.04202894878320329
2022,11,9.851270154,9.809418678283691,XGBoost,0.04185147571630843
2022,11,9.851270154,9.840740203857422,XGBoost,0.01052995014257796
2022,12,4.925635077,4.708975315093994,XGBoost,0.21665976190600578
2022,12,4.925635077,4.901430130004883,XGBoost,0.024204946995117105
2022,12,4.925635077,4.931118488311768,XGBoost,-0.005483411311767661
2022,12,4.925635077,4.920058727264404,XGBoost,0.00557634973559562
2022,12,4.925635077,4.914667129516602,XGBoost,0.010967947483398355
2022,12,4.925635077,4.923031806945801,XGBoost,0.002603270054199136
2022,12,4.925635077,4.9214372634887695,XGBoost,0.004197813511230386
2022,12,4.925635077,4.923036098480225,XGBoost,0.002598978519775308
2023,1,4.4264350848,4.690613269805908,XGBoost,-0.2641781850059086
2023,1,4.4264350848,4.272115707397461,XGBoost,0.15431937740253865
2023,1,4.4264350848,4.271644115447998,XGBoost,0.15479096935200154
2023,1,4.4264350848,4.26539421081543,XGBoost,0.1610408739845699
2023,1,4.4264350848,4.273693084716797,XGBoost,0.1527420000832027
2023,1,4.4264350848,4.273238658905029,XGBoost,0.1531964258949703
2023,1,4.4264350848,4.26800012588501,XGBoost,0.15843495891498982
2023,1,4.4264350848,4.274517059326172,XGBoost,0.1519180254738277
2023,2,3.6886959040000002,3.684682846069336,XGBoost,0.00401305793066431
2023,2,3.6886959040000002,3.643765687942505,XGBoost,0.044930216057495365
2023,2,3.6886959040000002,3.6492464542388916,XGBoost,0.039449449761108646
2023,2,3.6886959040000002,3.6532082557678223,XGBoost,0.03548764823217798
2023,2,3.6886959040000002,3.6611900329589844,XGBoost,0.027505871041015872
2023,2,3.6886959040000002,3.6628546714782715,XGBoost,0.025841232521728763
2023,2,3.6886959040000002,3.646347761154175,XGBoost,0.04234814284582544
2023,2,3.6886959040000002,3.658475875854492,XGBoost,0.03022002814550806
2023,3,5.9019134464,6.124861717224121,XGBoost,-0.22294827082412105
2023,3,5.9019134464,5.867366790771484,XGBoost,0.034546655628515666
2023,3,5.9019134464,6.376105785369873,XGBoost,-0.474192338969873
2023,3,5.9019134464,6.258216857910156,XGBoost,-0.3563034115101562
2023,3,5.9019134464,5.836739540100098,XGBoost,0.06517390629990238
2023,3,5.9019134464,5.820932388305664,XGBoost,0.08098105809433598
2023,3,5.9019134464,5.711901664733887,XGBoost,0.19001178166611332
2023,3,5.9019134464,5.671435832977295,XGBoost,0.23047761342270512
2023,4,8.8528701696,8.182177543640137,XGBoost,0.6706926259598625
2023,4,8.8528701696,8.718457221984863,XGBoost,0.1344129476151359
2023,4,8.8528701696,8.640650749206543,XGBoost,0.2122194203934562
2023,4,8.8528701696,8.685821533203125,XGBoost,0.16704863639687417
2023,4,8.8528701696,8.623589515686035,XGBoost,0.22928065391396402
2023,4,8.8528701696,8.705219268798828,XGBoost,0.14765090080117105
2023,4,8.8528701696,8.716131210327148,XGBoost,0.13673895927285074
2023,4,8.8528701696,8.723398208618164,XGBoost,0.1294719609818351
2023,5,10.328348531200001,9.962712287902832,XGBoost,0.36563624329716937
2023,5,10.328348531200001,10.356013298034668,XGBoost,-0.027664766834666565
2023,5,10.328348531200001,10.352660179138184,XGBoost,-0.02431164793818219
2023,5,10.328348531200001,10.376764297485352,XGBoost,-0.04841576628535016
2023,5,10.328348531200001,10.369132041931152,XGBoost,-0.04078351073115094
2023,5,10.328348531200001,10.307927131652832,XGBoost,0.020421399547169372
2023,5,10.328348531200001,10.395360946655273,XGBoost,-0.06701241545527203
2023,5,10.328348531200001,10.431281089782715,XGBoost,-0.10293255858271344
2023,6,7.3773918080000005,7.776076793670654,XGBoost,-0.3986849856706538
2023,6,7.3773918080000005,7.3941473960876465,XGBoost,-0.01675558808764599
2023,6,7.3773918080000005,7.422062397003174,XGBoost,-0.04467058900317333
2023,6,7.3773918080000005,7.432158470153809,XGBoost,-0.0547666621538081
2023,6,7.3773918080000005,7.572893142700195,XGBoost,-0.19550133470019482
2023,6,7.3773918080000005,7.516451358795166,XGBoost,-0.13905955079516552
2023,6,7.3773918080000005,7.278698921203613,XGBoost,0.09869288679638721
2023,6,7.3773918080000005,7.283151149749756,XGBoost,0.09424065825024464
2023,7,4.4264350848,5.298974514007568,XGBoost,-0.8725394292075688
2023,7,4.4264350848,4.247222900390625,XGBoost,0.1792121844093746
2023,7,4.4264350848,4.251216888427734,XGBoost,0.1752181963722652
2023,7,4.4264350848,4.254922389984131,XGBoost,0.17151269481586873
2023,7,4.4264350848,4.199032306671143,XGBoost,0.227402778128857
2023,7,4.4264350848,4.181772232055664,XGBoost,0.24466285274433552
2023,7,4.4264350848,4.222936153411865,XGBoost,0.20349893138813435
2023,7,4.4264350848,4.251446723937988,XGBoost,0.1749883608620113
2023,8,3.6886959040000002,3.92844820022583,XGBoost,-0.23975229622582983
2023,8,3.6886959040000002,3.6725544929504395,XGBoost,0.016141411049560794
2023,8,3.6886959040000002,3.6901092529296875,XGBoost,-0.0014133489296872526
2023,8,3.6886959040000002,3.6788084506988525,XGBoost,0.009887453301147708
2023,8,3.6886959040000002,3.67578125,XGBoost,0.012914654000000247
2023,8,3.6886959040000002,3.681063175201416,XGBoost,0.007632728798584232
2023,8,3.6886959040000002,3.6647496223449707,XGBoost,0.023946281655029544
2023,8,3.6886959040000002,3.685183048248291,XGBoost,0.003512855751709232
2023,9,4.4264350848,4.108321189880371,XGBoost,0.3181138949196285
2023,9,4.4264350848,4.353224277496338,XGBoost,0.0732108073036617
2023,9,4.4264350848,4.369379997253418,XGBoost,0.05705508754658162
2023,9,4.4264350848,4.329513072967529,XGBoost,0.09692201183247029
2023,9,4.4264350848,4.321726322174072,XGBoost,0.10470876262592732
2023,9,4.4264350848,4.333985805511475,XGBoost,0.09244927928852498
2023,9,4.4264350848,4.275043964385986,XGBoost,0.15139112041401326
2023,9,4.4264350848,4.331132411956787,XGBoost,0.09530267284321248
2023,10,7.3773918080000005,7.083047389984131,XGBoost,0.29434441801586964
2023,10,7.3773918080000005,7.0949387550354,XGBoost,0.2824530529646001
2023,10,7.3773918080000005,7.134281158447266,XGBoost,0.24311064955273487
2023,10,7.3773918080000005,7.1467719078063965,XGBoost,0.230619900193604
2023,10,7.3773918080000005,7.17944860458374,XGBoost,0.19794320341626026
2023,10,7.3773918080000005,7.122102737426758,XGBoost,0.2552890705732427
2023,10,7.3773918080000005,7.259116172790527,XGBoost,0.11827563520947315
2023,10,7.3773918080000005,7.1981048583984375,XGBoost,0.179286949601563
2023,11,8.8528701696,9.268807411193848,XGBoost,-0.4159372415938485
2023,11,8.8528701696,8.773021697998047,XGBoost,0.0798484716019523
2023,11,8.8528701696,8.727078437805176,XGBoost,0.1257917317948234
2023,11,8.8528701696,8.736702919006348,XGBoost,0.11616725059365152
2023,11,8.8528701696,8.64610767364502,XGBoost,0.20676249595497964
2023,11,8.8528701696,8.692420959472656,XGBoost,0.16044921012734292
2023,11,8.8528701696,8.637803077697754,XGBoost,0.21506709190224527
2023,11,8.8528701696,8.688285827636719,XGBoost,0.16458434196328042
2023,12,4.4264350848,4.9495697021484375,XGBoost,-0.5231346173484379
2023,12,4.4264350848,4.314121246337891,XGBoost,0.11231383846210896
2023,12,4.4264350848,4.315554141998291,XGBoost,0.11088094280170857
2023,12,4.4264350848,4.339400291442871,XGBoost,0.08703479335712849
2023,12,4.4264350848,4.346993446350098,XGBoost,0.07944163844990193
2023,12,4.4264350848,4.298028469085693,XGBoost,0.12840661571430623
2023,12,4.4264350848,4.242525577545166,XGBoost,0.18390950725483357
2023,12,4.4264350848,4.370005130767822,XGBoost,0.05642995403217732
2024,1,4.450098509999999,4.254486560821533,XGBoost,0.19561194917846603
2024,1,4.450098509999999,4.433985233306885,XGBoost,0.016113276693114464
2024,1,4.450098509999999,4.434960842132568,XGBoost,0.01513766786743087
2024,1,4.450098509999999,4.457517623901367,XGBoost,-0.0074191139013679575
2024,1,4.450098509999999,4.429149627685547,XGBoost,0.020948882314452355
2024,1,4.450098509999999,4.426441669464111,XGBoost,0.023656840535887902
2024,1,4.450098509999999,4.413216590881348,XGBoost,0.036881919118651574
2024,1,4.450098509999999,4.426401138305664,XGBoost,0.023697371694335168
2024,2,3.708415425,4.043720722198486,XGBoost,-0.33530529719848623
2024,2,3.708415425,3.709139823913574,XGBoost,-0.0007243989135741202
2024,2,3.708415425,3.7062902450561523,XGBoost,0.0021251799438477548
2024,2,3.708415425,3.7331702709198,XGBoost,-0.024754845919799706
2024,2,3.708415425,3.695464611053467,XGBoost,0.012950813946533302
2024,2,3.708415425,3.716684579849243,XGBoost,-0.008269154849243066
2024,2,3.708415425,3.692431688308716,XGBoost,0.015983736691284278
2024,2,3.708415425,3.696366310119629,XGBoost,0.012049114880371192
2024,3,5.933464679999999,5.897655010223389,XGBoost,0.0358096697766106
2024,3,5.933464679999999,5.940053462982178,XGBoost,-0.006588782982178465
2024,3,5.933464679999999,5.966541767120361,XGBoost,-0.03307708712036206
2024,3,5.933464679999999,5.971343517303467,XGBoost,-0.03787883730346753
2024,3,5.933464679999999,5.962909698486328,XGBoost,-0.029445018486328856
2024,3,5.933464679999999,6.007991313934326,XGBoost,-0.0745266339343269
2024,3,5.933464679999999,5.909913063049316,XGBoost,0.023551616950682863
2024,3,5.933464679999999,5.869871139526367,XGBoost,0.06359354047363208
2024,4,8.900197019999998,8.744982719421387,XGBoost,0.15521430057861174
2024,4,8.900197019999998,8.87562084197998,XGBoost,0.02457617802001799
2024,4,8.900197019999998,8.8839111328125,XGBoost,0.01628588718749846
2024,4,8.900197019999998,8.82650089263916,XGBoost,0.0736961273608383
2024,4,8.900197019999998,8.869637489318848,XGBoost,0.030559530681150804
2024,4,8.900197019999998,8.86805534362793,XGBoost,0.03214167637206877
2024,4,8.900197019999998,8.91066837310791,XGBoost,-0.010471353107911696
2024,4,8.900197019999998,8.907093048095703,XGBoost,-0.006896028095704665
2024,5,10.38356319,9.956332206726074,XGBoost,0.42723098327392606
2024,5,10.38356319,10.385085105895996,XGBoost,-0.0015219158959958179
2024,5,10.38356319,10.402287483215332,XGBoost,-0.018724293215331755
2024,5,10.38356319,10.40609073638916,XGBoost,-0.02252754638915988
2024,5,10.38356319,10.397117614746094,XGBoost,-0.013554424746093474
2024,5,10.38356319,10.384614944458008,XGBoost,-0.0010517544580075366
2024,5,10.38356319,10.44156265258789,XGBoost,-0.05799946258789035
2024,5,10.38356319,10.528632164001465,XGBoost,-0.14506897400146457
2024,6,7.41683085,8.613265991210938,XGBoost,-1.1964351412109373
2024,6,7.41683085,7.452754497528076,XGBoost,-0.035923647528075975
2024,6,7.41683085,7.461709499359131,XGBoost,-0.04487864935913066
2024,6,7.41683085,7.501189231872559,XGBoost,-0.0843583818725584
2024,6,7.41683085,7.654201984405518,XGBoost,-0.23737113440551738
2024,6,7.41683085,7.571842670440674,XGBoost,-0.15501182044067363
2024,6,7.41683085,7.349976062774658,XGBoost,0.066854787225342
2024,6,7.41683085,7.3452959060668945,XGBoost,0.07153494393310567
2024,7,4.450098509999999,6.28203010559082,XGBoost,-1.831931595590821
2024,7,4.450098509999999,4.394490718841553,XGBoost,0.055607791158446496
2024,7,4.450098509999999,4.40524959564209,XGBoost,0.044848914357909386
2024,7,4.450098509999999,4.419559955596924,XGBoost,0.030538554403075402
2024,7,4.450098509999999,4.412703037261963,XGBoost,0.03739547273803634
2024,7,4.450098509999999,4.42072057723999,XGBoost,0.029377932760008996
2024,7,4.450098509999999,4.428164482116699,XGBoost,0.02193402788330001
2024,7,4.450098509999999,4.3518757820129395,XGBoost,0.09822272798705978
2024,8,3.708415425,3.8793957233428955,XGBoost,-0.1709802983428954
2024,8,3.708415425,3.715308666229248,XGBoost,-0.006893241229247948
2024,8,3.708415425,3.716431140899658,XGBoost,-0.008015715899658105
2024,8,3.708415425,3.7177724838256836,XGBoost,-0.009357058825683495
2024,8,3.708415425,3.7205121517181396,XGBoost,-0.01209672671813955
2024,8,3.708415425,3.7178452014923096,XGBoost,-0.009429776492309472
2024,8,3.708415425,3.7203147411346436,XGBoost,-0.011899316134643456
2024,8,3.708415425,3.7227792739868164,XGBoost,-0.014363848986816308
2024,9,4.450098509999999,4.275216579437256,XGBoost,0.17488193056274337
2024,9,4.450098509999999,4.415432929992676,XGBoost,0.03466558000732345
2024,9,4.450098509999999,4.412554740905762,XGBoost,0.03754376909423751
2024,9,4.450098509999999,4.413044452667236,XGBoost,0.0370540573327629
2024,9,4.450098509999999,4.387420654296875,XGBoost,0.06267785570312423
2024,9,4.450098509999999,4.401131629943848,XGBoost,0.048966880056151574
2024,9,4.450098509999999,4.336359977722168,XGBoost,0.11373853227783126
2024,9,4.450098509999999,4.418336868286133,XGBoost,0.03176164171386642
2024,10,7.41683085,7.666006088256836,XGBoost,-0.24917523825683574
2024,10,7.41683085,7.236913204193115,XGBoost,0.17991764580688496
2024,10,7.41683085,7.206594467163086,XGBoost,0.21023638283691426
2024,10,7.41683085,7.173355579376221,XGBoost,0.2434752706237795
2024,10,7.41683085,7.268016338348389,XGBoost,0.14881451165161153
2024,10,7.41683085,7.145346164703369,XGBoost,0.27148468529663106
2024,10,7.41683085,7.333314895629883,XGBoost,0.08351595437011738
2024,10,7.41683085,7.301816940307617,XGBoost,0.11501390969238301
2024,11,8.900197019999998,9.439637184143066,XGBoost,-0.539440164143068
2024,11,8.900197019999998,8.868646621704102,XGBoost,0.0315503982958969
2024,11,8.900197019999998,8.960951805114746,XGBoost,-0.060754785114747634
2024,11,8.900197019999998,8.89402961730957,XGBoost,0.006167402690428148
2024,11,8.900197019999998,8.915303230285645,XGBoost,-0.015106210285646071
2024,11,8.900197019999998,8.92955207824707,XGBoost,-0.029355058247071852
2024,11,8.900197019999998,8.858675956726074,XGBoost,0.04152106327392424
2024,11,8.900197019999998,8.861495018005371,XGBoost,0.038702001994627366
2024,12,4.450098509999999,5.344707012176514,XGBoost,-0.8946085021765144
2024,12,4.450098509999999,4.447559833526611,XGBoost,0.002538676473387902
2024,12,4.450098509999999,4.451549530029297,XGBoost,-0.001451020029297645
2024,12,4.450098509999999,4.315159797668457,XGBoost,0.1349387123315422
2024,12,4.450098509999999,4.443233966827393,XGBoost,0.006864543172606652
2024,12,4.450098509999999,4.467330455780029,XGBoost,-0.017231945780030067
2024,12,4.450098509999999,4.4862799644470215,XGBoost,-0.036181454447022254
2024,12,4.450098509999999,4.499405384063721,XGBoost,-0.04930687406372147
